/*
Navicat MySQL Data Transfer

Source Server         : 192.168.220.31
Source Server Version : 50717
Source Host           : localhost:3306
Source Database       : tjun-training

Target Server Type    : MYSQL
Target Server Version : 50717
File Encoding         : 65001

Date: 2019-06-28 17:05:57
*/

SET FOREIGN_KEY_CHECKS=0;

-- ----------------------------
-- Table structure for `area_classroom`
-- ----------------------------
DROP TABLE IF EXISTS `area_classroom`;
CREATE TABLE `area_classroom` (
  `id` int(255) NOT NULL AUTO_INCREMENT COMMENT '主键',
  `name` int(255) DEFAULT NULL COMMENT '校区id',
  `class_name` varchar(255) DEFAULT NULL COMMENT '名称',
  `type` int(2) DEFAULT NULL COMMENT '类型1是东区2是红枫路 3 西区',
  `classroom_type` int(2) DEFAULT NULL COMMENT '类型1普通教室 2机房',
  `capacity` int(10) DEFAULT NULL COMMENT '容量',
  `sort` int(10) DEFAULT NULL COMMENT '排序',
  `remarks` varchar(255) DEFAULT NULL COMMENT '备注(门卡、外网)',
  `state` int(2) DEFAULT NULL COMMENT '教室状态(1:正常(闲置)；2、禁用（在用）)',
  `a_state` int(2) DEFAULT NULL COMMENT '1正常，2删除',
  PRIMARY KEY (`id`) USING BTREE
) ENGINE=InnoDB AUTO_INCREMENT=71 DEFAULT CHARSET=utf8 ROW_FORMAT=COMPACT COMMENT='区域（教室资源）表';

-- ----------------------------
-- Records of area_classroom
-- ----------------------------
INSERT INTO `area_classroom` VALUES ('26', '1', '东区报告厅', null, '1', '97', null, '', null, '1');
INSERT INTO `area_classroom` VALUES ('27', '1', '东区三楼', null, '1', '60', null, '', null, '1');
INSERT INTO `area_classroom` VALUES ('28', '1', '东区四楼', null, '1', '60', null, '', null, '1');
INSERT INTO `area_classroom` VALUES ('29', '1', '东区五楼', null, '1', '100', null, '', null, '1');
INSERT INTO `area_classroom` VALUES ('30', '3', '红枫路200教室', null, '1', '112', null, '', null, '1');
INSERT INTO `area_classroom` VALUES ('31', '3', '红枫路404教室', null, '1', '30', null, '', null, '1');
INSERT INTO `area_classroom` VALUES ('32', '3', '红枫路408教室', null, '1', '30', null, '', null, '1');
INSERT INTO `area_classroom` VALUES ('33', '3', '红枫路410教室', null, '1', '56', null, '', null, '1');
INSERT INTO `area_classroom` VALUES ('34', '3', '红枫路412教室', null, '1', '30', null, '', null, '1');
INSERT INTO `area_classroom` VALUES ('35', '3', '红枫路503教室', null, '1', '30', null, '', null, '1');
INSERT INTO `area_classroom` VALUES ('36', '3', '红枫路602教室', null, '1', '56', null, '', null, '1');
INSERT INTO `area_classroom` VALUES ('37', '2', '西区101教室', null, '1', '80', null, '门卡', null, '1');
INSERT INTO `area_classroom` VALUES ('38', '2', '西区102教室', null, '1', '60', null, '', null, '1');
INSERT INTO `area_classroom` VALUES ('39', '2', '西区103教室', null, '1', '40', null, '', null, '1');
INSERT INTO `area_classroom` VALUES ('40', '2', '西区105教室', null, '1', '40', null, '', null, '1');
INSERT INTO `area_classroom` VALUES ('41', '2', '西区106教室', null, '1', '40', null, '', null, '1');
INSERT INTO `area_classroom` VALUES ('42', '2', '西区203机房', null, '2', '42', null, '', null, '1');
INSERT INTO `area_classroom` VALUES ('43', '2', '西区205机房', null, '2', '60', null, '', null, '1');
INSERT INTO `area_classroom` VALUES ('44', '2', '西区301教室', null, '1', '80', null, '门卡', null, '1');
INSERT INTO `area_classroom` VALUES ('45', '2', '西区302机房', null, '2', '48', null, '', null, '1');
INSERT INTO `area_classroom` VALUES ('46', '2', '西区303机房', null, '2', '42', null, '', null, '1');
INSERT INTO `area_classroom` VALUES ('47', '2', '西区305机房', null, '2', '60', null, '', null, '1');
INSERT INTO `area_classroom` VALUES ('48', '2', '西区307机房', null, '2', '20', null, '', null, '1');
INSERT INTO `area_classroom` VALUES ('49', '2', '西区308机房', null, '2', '78', null, '', null, '1');
INSERT INTO `area_classroom` VALUES ('50', '2', '西区309机房', null, '2', '20', null, '', null, '1');
INSERT INTO `area_classroom` VALUES ('51', '2', '西区401机房', null, '2', '48', null, '', null, '1');
INSERT INTO `area_classroom` VALUES ('52', '2', '西区402机房', null, '2', '42', null, '', null, '1');
INSERT INTO `area_classroom` VALUES ('53', '2', '西区506机房', null, '2', '60', null, '外网', null, '1');
INSERT INTO `area_classroom` VALUES ('54', '2', '西区507机房', null, '2', '58', null, '', null, '1');
INSERT INTO `area_classroom` VALUES ('55', '2', '西区大礼堂', null, '1', '200', null, '', null, '1');
INSERT INTO `area_classroom` VALUES ('56', '2', '西区学术报告厅', null, '1', '117', null, '', null, '1');
INSERT INTO `area_classroom` VALUES ('57', '2', '201实训室', null, '1', '300', null, '', null, '2');
INSERT INTO `area_classroom` VALUES ('58', '3', '201实训室', null, '1', '300', null, '', null, '2');
INSERT INTO `area_classroom` VALUES ('59', '3', '200教室', null, '1', '300', null, '', null, '2');
INSERT INTO `area_classroom` VALUES ('60', '3', '410教室', null, '1', '300', null, '', null, '2');
INSERT INTO `area_classroom` VALUES ('61', '2', '102教室', null, '1', '300', null, '', null, '2');
INSERT INTO `area_classroom` VALUES ('62', '2', '大礼堂', null, '1', '300', null, '', null, '2');
INSERT INTO `area_classroom` VALUES ('63', '2', '105教室', null, '1', '300', null, '', null, '2');
INSERT INTO `area_classroom` VALUES ('64', '2', '507机房', null, '2', '300', null, '', null, '2');
INSERT INTO `area_classroom` VALUES ('65', '2', '101教室', null, '1', '300', null, '', null, '2');
INSERT INTO `area_classroom` VALUES ('66', '3', '红枫路201实训室', null, '1', '300', null, '', null, '1');
INSERT INTO `area_classroom` VALUES ('67', '2', '西区', null, '1', '200', null, '', null, '1');
INSERT INTO `area_classroom` VALUES ('68', '1', '东区', null, '1', '200', null, '', null, '1');
INSERT INTO `area_classroom` VALUES ('69', '3', '红枫路', null, '1', '200', null, '', null, '1');
INSERT INTO `area_classroom` VALUES ('70', '4', '送培', null, '1', '200', null, '', null, '1');

-- ----------------------------
-- Table structure for `campus`
-- ----------------------------
DROP TABLE IF EXISTS `campus`;
CREATE TABLE `campus` (
  `id` int(255) NOT NULL AUTO_INCREMENT,
  `name` varchar(255) DEFAULT NULL COMMENT '校区名称',
  PRIMARY KEY (`id`) USING BTREE
) ENGINE=InnoDB AUTO_INCREMENT=5 DEFAULT CHARSET=utf8 ROW_FORMAT=COMPACT COMMENT='校区表';

-- ----------------------------
-- Records of campus
-- ----------------------------
INSERT INTO `campus` VALUES ('1', '东区');
INSERT INTO `campus` VALUES ('2', '西区');
INSERT INTO `campus` VALUES ('3', '红枫路');
INSERT INTO `campus` VALUES ('4', '送培');

-- ----------------------------
-- Table structure for `class_dining`
-- ----------------------------
DROP TABLE IF EXISTS `class_dining`;
CREATE TABLE `class_dining` (
  `id` bigint(255) NOT NULL AUTO_INCREMENT COMMENT '主键',
  `class_room` varchar(255) DEFAULT NULL COMMENT '班级id',
  `day` varchar(255) DEFAULT NULL COMMENT '日期',
  `breakfast` int(2) DEFAULT NULL COMMENT '早餐 1:就餐； 2：未就餐',
  `lunch` int(2) DEFAULT NULL COMMENT '中餐 1:就餐； 2：未就餐',
  `dinner` int(2) DEFAULT NULL COMMENT '晚餐  1:就餐； 2：未就餐',
  PRIMARY KEY (`id`) USING BTREE
) ENGINE=InnoDB AUTO_INCREMENT=302 DEFAULT CHARSET=utf8 ROW_FORMAT=COMPACT COMMENT='班级就餐安排表';

-- ----------------------------
-- Records of class_dining
-- ----------------------------
INSERT INTO `class_dining` VALUES ('203', '39', '2019-01-16', '2', '1', '1');
INSERT INTO `class_dining` VALUES ('204', '39', '2019-01-17', '1', '1', '1');
INSERT INTO `class_dining` VALUES ('205', '39', '2019-01-18', '1', '1', '1');
INSERT INTO `class_dining` VALUES ('206', '39', '2019-01-19', '1', '1', '1');
INSERT INTO `class_dining` VALUES ('207', '39', '2019-01-20', '1', '1', '1');
INSERT INTO `class_dining` VALUES ('208', '39', '2019-01-21', '1', '1', '1');
INSERT INTO `class_dining` VALUES ('209', '39', '2019-01-22', '1', '1', '1');
INSERT INTO `class_dining` VALUES ('210', '39', '2019-01-23', '1', '1', '1');
INSERT INTO `class_dining` VALUES ('211', '39', '2019-01-24', '1', '1', '1');
INSERT INTO `class_dining` VALUES ('212', '39', '2019-01-25', '1', '1', '1');
INSERT INTO `class_dining` VALUES ('213', '39', '2019-01-26', '1', '1', '2');
INSERT INTO `class_dining` VALUES ('219', '40', '2019-01-20', '2', '2', '1');
INSERT INTO `class_dining` VALUES ('220', '40', '2019-01-21', '1', '1', '1');
INSERT INTO `class_dining` VALUES ('221', '40', '2019-01-22', '1', '1', '1');
INSERT INTO `class_dining` VALUES ('222', '40', '2019-01-23', '1', '1', '1');
INSERT INTO `class_dining` VALUES ('223', '40', '2019-01-24', '1', '1', '2');
INSERT INTO `class_dining` VALUES ('224', '58', '2019-07-01', '2', '1', '1');
INSERT INTO `class_dining` VALUES ('225', '58', '2019-07-02', '1', '1', '2');
INSERT INTO `class_dining` VALUES ('226', '71', '2019-07-01', '2', '1', '1');
INSERT INTO `class_dining` VALUES ('227', '71', '2019-07-02', '1', '1', '1');
INSERT INTO `class_dining` VALUES ('228', '71', '2019-07-03', '1', '1', '1');
INSERT INTO `class_dining` VALUES ('229', '71', '2019-07-04', '1', '1', '1');
INSERT INTO `class_dining` VALUES ('230', '71', '2019-07-05', '1', '1', '2');
INSERT INTO `class_dining` VALUES ('231', '71', '2019-07-06', '2', '2', '2');
INSERT INTO `class_dining` VALUES ('232', '71', '2019-07-07', '2', '2', '1');
INSERT INTO `class_dining` VALUES ('233', '71', '2019-07-08', '1', '1', '1');
INSERT INTO `class_dining` VALUES ('234', '71', '2019-07-09', '1', '1', '1');
INSERT INTO `class_dining` VALUES ('235', '71', '2019-07-10', '1', '1', '1');
INSERT INTO `class_dining` VALUES ('236', '71', '2019-07-11', '1', '1', '1');
INSERT INTO `class_dining` VALUES ('237', '71', '2019-07-12', '1', '1', '2');
INSERT INTO `class_dining` VALUES ('238', '71', '2019-07-13', '2', '2', '2');
INSERT INTO `class_dining` VALUES ('239', '71', '2019-07-14', '2', '2', '1');
INSERT INTO `class_dining` VALUES ('240', '71', '2019-07-15', '1', '1', '1');
INSERT INTO `class_dining` VALUES ('241', '71', '2019-07-16', '1', '1', '1');
INSERT INTO `class_dining` VALUES ('242', '71', '2019-07-17', '1', '1', '1');
INSERT INTO `class_dining` VALUES ('243', '71', '2019-07-18', '1', '1', '1');
INSERT INTO `class_dining` VALUES ('244', '71', '2019-07-19', '1', '1', '2');
INSERT INTO `class_dining` VALUES ('245', '71', '2019-07-20', '2', '2', '2');
INSERT INTO `class_dining` VALUES ('246', '71', '2019-07-21', '2', '2', '1');
INSERT INTO `class_dining` VALUES ('247', '71', '2019-07-22', '1', '1', '1');
INSERT INTO `class_dining` VALUES ('248', '71', '2019-07-23', '1', '1', '1');
INSERT INTO `class_dining` VALUES ('249', '71', '2019-07-24', '1', '1', '1');
INSERT INTO `class_dining` VALUES ('250', '71', '2019-07-25', '1', '1', '1');
INSERT INTO `class_dining` VALUES ('251', '71', '2019-07-26', '1', '1', '2');
INSERT INTO `class_dining` VALUES ('252', '71', '2019-07-27', '2', '2', '2');
INSERT INTO `class_dining` VALUES ('253', '71', '2019-07-28', '2', '2', '1');
INSERT INTO `class_dining` VALUES ('254', '71', '2019-07-29', '1', '1', '1');
INSERT INTO `class_dining` VALUES ('255', '71', '2019-07-30', '1', '1', '1');
INSERT INTO `class_dining` VALUES ('256', '71', '2019-07-31', '1', '1', '2');
INSERT INTO `class_dining` VALUES ('257', '95', '2019-07-01', '1', '1', '1');
INSERT INTO `class_dining` VALUES ('258', '95', '2019-07-02', '1', '1', '1');
INSERT INTO `class_dining` VALUES ('259', '95', '2019-07-03', '1', '1', '1');
INSERT INTO `class_dining` VALUES ('260', '95', '2019-07-04', '1', '1', '1');
INSERT INTO `class_dining` VALUES ('261', '95', '2019-07-05', '1', '1', '1');
INSERT INTO `class_dining` VALUES ('262', '95', '2019-07-06', '1', '1', '1');
INSERT INTO `class_dining` VALUES ('263', '95', '2019-07-07', '1', '1', '1');
INSERT INTO `class_dining` VALUES ('264', '95', '2019-07-08', '1', '1', '1');
INSERT INTO `class_dining` VALUES ('265', '95', '2019-07-09', '1', '1', '1');
INSERT INTO `class_dining` VALUES ('266', '95', '2019-07-10', '1', '1', '1');
INSERT INTO `class_dining` VALUES ('267', '95', '2019-07-11', '1', '1', '1');
INSERT INTO `class_dining` VALUES ('268', '95', '2019-07-12', '1', '1', '1');
INSERT INTO `class_dining` VALUES ('269', '95', '2019-07-13', '1', '1', '1');
INSERT INTO `class_dining` VALUES ('270', '95', '2019-07-14', '1', '1', '1');
INSERT INTO `class_dining` VALUES ('271', '95', '2019-07-15', '1', '1', '1');
INSERT INTO `class_dining` VALUES ('272', '95', '2019-07-16', '1', '1', '1');
INSERT INTO `class_dining` VALUES ('273', '95', '2019-07-17', '1', '1', '1');
INSERT INTO `class_dining` VALUES ('274', '95', '2019-07-18', '1', '1', '1');
INSERT INTO `class_dining` VALUES ('275', '95', '2019-07-19', '1', '1', '1');
INSERT INTO `class_dining` VALUES ('276', '95', '2019-07-20', '1', '1', '1');
INSERT INTO `class_dining` VALUES ('277', '95', '2019-07-21', '1', '1', '1');
INSERT INTO `class_dining` VALUES ('278', '95', '2019-07-22', '1', '1', '1');
INSERT INTO `class_dining` VALUES ('279', '95', '2019-07-23', '1', '1', '1');
INSERT INTO `class_dining` VALUES ('280', '95', '2019-07-24', '1', '1', '1');
INSERT INTO `class_dining` VALUES ('281', '95', '2019-07-25', '1', '1', '1');
INSERT INTO `class_dining` VALUES ('282', '95', '2019-07-26', '1', '1', '1');
INSERT INTO `class_dining` VALUES ('283', '95', '2019-07-27', '1', '1', '1');
INSERT INTO `class_dining` VALUES ('284', '95', '2019-07-28', '1', '1', '1');
INSERT INTO `class_dining` VALUES ('285', '95', '2019-07-29', '1', '1', '1');
INSERT INTO `class_dining` VALUES ('286', '95', '2019-07-30', '1', '1', '1');
INSERT INTO `class_dining` VALUES ('287', '95', '2019-07-31', '1', '1', '1');
INSERT INTO `class_dining` VALUES ('288', '92', '2019-07-02', '2', '1', '1');
INSERT INTO `class_dining` VALUES ('289', '92', '2019-07-03', '1', '1', '1');
INSERT INTO `class_dining` VALUES ('290', '92', '2019-07-04', '1', '1', '1');
INSERT INTO `class_dining` VALUES ('291', '92', '2019-07-05', '1', '2', '2');
INSERT INTO `class_dining` VALUES ('292', '94', '2019-07-03', '2', '1', '1');
INSERT INTO `class_dining` VALUES ('293', '94', '2019-07-04', '1', '1', '1');
INSERT INTO `class_dining` VALUES ('294', '94', '2019-07-05', '1', '1', '1');
INSERT INTO `class_dining` VALUES ('295', '94', '2019-07-06', '1', '2', '2');
INSERT INTO `class_dining` VALUES ('296', '86', '2019-06-30', '2', '1', '1');
INSERT INTO `class_dining` VALUES ('297', '86', '2019-07-01', '1', '1', '1');
INSERT INTO `class_dining` VALUES ('298', '86', '2019-07-02', '1', '1', '1');
INSERT INTO `class_dining` VALUES ('299', '86', '2019-07-03', '1', '1', '1');
INSERT INTO `class_dining` VALUES ('300', '86', '2019-07-04', '1', '1', '1');
INSERT INTO `class_dining` VALUES ('301', '86', '2019-07-05', '1', '1', '2');

-- ----------------------------
-- Table structure for `class_info`
-- ----------------------------
DROP TABLE IF EXISTS `class_info`;
CREATE TABLE `class_info` (
  `id` bigint(20) NOT NULL AUTO_INCREMENT,
  `project_number` varchar(64) DEFAULT NULL COMMENT '项目编号',
  `class_number` varchar(64) DEFAULT NULL COMMENT '班级编号',
  `class_name` varchar(64) DEFAULT NULL COMMENT '班级名称',
  `host_unit` varchar(64) DEFAULT NULL COMMENT '主办单位(手写)',
  `si_unitId` varchar(255) DEFAULT NULL COMMENT '主办单位id（选取）',
  `organizer_unitId` int(11) DEFAULT NULL COMMENT '承办单位（关联）',
  `organizer_unit` varchar(255) DEFAULT NULL COMMENT '承办单位（手写）',
  `user_id` int(11) DEFAULT NULL COMMENT '班主任',
  `teacherName` varchar(255) DEFAULT NULL COMMENT '教师名称',
  `si_phone_number` varchar(11) DEFAULT NULL COMMENT '联系方式',
  `scheduling_id` bigint(64) DEFAULT NULL COMMENT '日程安排',
  `area_id` int(11) DEFAULT NULL COMMENT '区域id',
  `plan` int(1) DEFAULT NULL COMMENT '0：计划内，1：计划外，2：非培训班',
  `evaluate` int(1) DEFAULT NULL COMMENT '评价 0：参评，1：不参评',
  `subject` varchar(255) DEFAULT NULL COMMENT '评价课程',
  `status` int(1) DEFAULT NULL COMMENT '状态 0:关闭，1：开放',
  `c_introduce` varchar(255) DEFAULT NULL COMMENT '简介',
  `training_object` varchar(64) DEFAULT NULL COMMENT '培训对象',
  `type_id` int(64) DEFAULT NULL COMMENT '培训类型',
  `typeName` varchar(255) DEFAULT NULL COMMENT '培训类型名称',
  `planned_number` int(64) DEFAULT NULL COMMENT '计划人数',
  `training_expense` double(64,2) DEFAULT NULL COMMENT '培训费',
  `inter_scale_fee` double(64,2) DEFAULT NULL COMMENT '标间费用',
  `single_room_charge` double(64,2) DEFAULT NULL COMMENT '单间费用',
  `other_charges` double(64,2) DEFAULT NULL COMMENT '其它费用',
  `expense_explanation` varchar(255) DEFAULT NULL COMMENT '费用说明',
  `reg_place` varchar(64) DEFAULT NULL COMMENT '报名地点',
  `hotel_place` varchar(64) DEFAULT NULL COMMENT '住宿地点',
  `dining_place` varchar(255) DEFAULT NULL COMMENT '就餐地点',
  `start_stop_time` varchar(64) DEFAULT NULL COMMENT '办班时间段',
  `day_num` int(11) DEFAULT NULL COMMENT '培训天数',
  `time_num` double(11,0) DEFAULT NULL COMMENT '学时',
  `increase_day` double(11,0) DEFAULT NULL COMMENT '食宿增加天数',
  `classroom` int(11) DEFAULT NULL COMMENT '培训教室id',
  `classroomName` varchar(255) DEFAULT NULL COMMENT '培训教室名称',
  `entry_start_time` varchar(64) DEFAULT NULL COMMENT '报名开始时间',
  `entry_stop_time` varchar(64) DEFAULT NULL COMMENT '报名结束时间',
  `evaluate_start_time` varchar(64) DEFAULT NULL COMMENT '评价开始时间',
  `evaluate_stop_time` varchar(64) DEFAULT NULL COMMENT '评价结束时间',
  `breakfast` varchar(64) DEFAULT NULL COMMENT '早餐',
  `lunch` varchar(64) DEFAULT NULL COMMENT '中餐',
  `dinner` varchar(64) DEFAULT NULL COMMENT '晚餐',
  `fileUrl` varchar(255) DEFAULT NULL COMMENT '相关文件地址',
  `create_by` varchar(64) DEFAULT NULL COMMENT '创建者',
  `create_date` varchar(25) DEFAULT NULL COMMENT '创建时间',
  `update_by` varchar(64) DEFAULT NULL COMMENT '更新者',
  `update_date` varchar(25) CHARACTER SET latin1 DEFAULT NULL COMMENT '更新时间',
  `remarks` varchar(500) DEFAULT NULL COMMENT '备注信息',
  `state` varchar(255) DEFAULT NULL COMMENT '班级流水号是否回收 ',
  PRIMARY KEY (`id`) USING BTREE
) ENGINE=InnoDB AUTO_INCREMENT=98 DEFAULT CHARSET=utf8 ROW_FORMAT=COMPACT COMMENT='班级信息表';

-- ----------------------------
-- Records of class_info
-- ----------------------------
INSERT INTO `class_info` VALUES ('39', '2019001', '2019001', '测试', '省物资公司', '', null, '动力系', '83', '杜康', '15956523422', null, null, '0', '0', null, '1', '', '财务', '13', '技术管理培训', '12', '40.00', '160.00', '250.00', '80.00', '', '西区招待所', '西区招待所', '西区食堂', '2019-01-16 至 2019-01-26', '11', '88', null, '37', '', '2019-01-16 12:00:00', null, '2019-01-16 00:00:00', '2019-01-26 23:59:59', '20', '40', '40', '/upload/classInfo/班级.xlsx', '王某人', '2019-01-16 18:32:02', 'admin', '2019-01-18 14:22:05', '', null);
INSERT INTO `class_info` VALUES ('40', '', '20190018', '市公司变电站值班员高级工培训班（第二期）', '省电力培训中心', '82', '11', '技术技能培训部', '101', '陈银', '15349858936', null, null, '1', '0', null, '1', '', '相关人员', '17', '其他', '47', '800.00', '160.00', '250.00', '0.00', '', '西区招待所', '西区招待所', '西区食堂', '2019-01-20 至 2019-01-24', '5', '40', '0', '43', '西区205机房', '2019-01-20 12:00:00', null, '2019-01-24 00:00:00', '2019-01-24 23:59:59', '20', '40', '40', '', '王某人', '2019-01-17 16:04:29', 'admin', '2019-05-10 17:02:03', '', null);
INSERT INTO `class_info` VALUES ('43', '', '20190451', '2019年国网公司继电保护专业竞赛安徽公司赛前普考（第二期）', '调控中心', '', '11', '技术技能培训部', '136', '都小利', '', null, null, '1', '0', null, '1', '', '继电保护人员', '14', '生产技能培训', '104', '0.00', '160.00', '250.00', '0.00', '', '西区招待所', '', '', '2019-07-12 至 2019-07-13', '2', '16', '0', '55', '西区大礼堂', '2019-07-12 12:00:00', null, '2019-07-13 00:00:00', '2019-07-13 23:59:59', '20', '40', '40', '', 'admin', '2019-06-27 16:54:15', 'admin', '2019-06-27 16:54:45', '', null);
INSERT INTO `class_info` VALUES ('44', '', '20190452', '2019年地县调主任培训(第一期)', '电力调度控制中心', '', '11', '技术技能培训部', '90', '陈财', '13625651060', null, null, '0', '0', null, '1', '', '公司地、县调控机构负责人', '13', '技术管理培训', '60', '0.00', '160.00', '250.00', '0.00', '', '西区招待所', '', '', '2019-07-15 至 2019-07-19', '5', '40', '0', '38', '西区102教室', '2019-07-15 12:00:00', null, '2019-07-19 00:00:00', '2019-07-19 23:59:59', '20', '40', '40', '', 'admin', '2019-06-27 16:58:24', 'admin', '2019-06-27 16:58:24', '', null);
INSERT INTO `class_info` VALUES ('45', '', '20190464', '2019年生产技改大修专业管理人员知识培训班', '设备部', '', null, '技术技能培训部', '100', '秦晓佳', '', null, null, '0', '0', null, '1', '', '公司运检管理人员', '12', '专业管理培训', '140', '0.00', '160.00', '250.00', '0.00', '', '西区招待所', '', '', '2019-07-30 至 2019-08-02', '4', '32', '0', '55', '西区大礼堂', '2019-07-30 12:00:00', null, '2019-08-02 00:00:00', '2019-08-02 23:59:59', '20', '40', '40', '', 'admin', '2019-06-27 16:58:56', 'admin', '2019-06-27 17:36:22', '', null);
INSERT INTO `class_info` VALUES ('46', '', '20190453', '送变电2019年中层干部培训班(第一期)', '送变电公司', '', '7', '管理培训部', '118', '徐华', '', null, null, '1', '0', null, '1', '', '中层干部', '12', '专业管理培训', '60', '0.00', '160.00', '250.00', '0.00', '', '西区招待所', '', '', '2019-07-15 至 2019-07-19', '5', '40', '0', '38', '西区102教室', '2019-07-15 12:00:00', null, '2019-07-19 00:00:00', '2019-07-19 23:59:59', '20', '40', '40', '', 'admin', '2019-06-27 17:01:41', 'admin', '2019-06-27 17:01:41', '', null);
INSERT INTO `class_info` VALUES ('47', '', '20190466', '2019年电能替代、综合能源及节能技术培训班（第2期）', '省公司营销部', '', null, '技术技能培训部', '103', '吴可汗', '', null, null, '0', '0', null, '1', '', '各市县公司市场相关工作人员', '13', '技术管理培训', '90', '0.00', '160.00', '250.00', '0.00', '', '西区招待所', '', '', '2019-07-01 至 2019-07-02', '2', '16', '0', '55', '西区大礼堂', '2019-07-01 12:00:00', null, '2019-07-02 00:00:00', '2019-07-02 23:59:59', '20', '40', '40', '', 'admin', '2019-06-27 17:05:23', 'admin', '2019-06-27 17:39:06', '', null);
INSERT INTO `class_info` VALUES ('48', '', '20190454', '2019年PMS2.0实用化培训(第八期)', '运维检修部', '', '11', '技术技能培训部', '142', '梅喜雪', '', null, null, '0', '0', null, '1', '', '公司系统运检信息化、实物资产管理专业人员、PMS2.0使用人', '12', '专业管理培训', '100', '0.00', '160.00', '250.00', '0.00', '', '西区招待所', '', '', '2019-07-15 至 2019-07-18', '4', '32', '0', '56', '西区学术报告厅', '2019-07-15 12:00:00', null, '2019-07-18 00:00:00', '2019-07-18 23:59:59', '20', '40', '40', '', 'admin', '2019-06-27 17:06:26', 'admin', '2019-06-27 17:06:26', '', null);
INSERT INTO `class_info` VALUES ('49', '', '20190429', '铜陵公司2019年中层干部培训班（第一期）', '铜陵公司', '', null, '管理培训部', '105', '王蕾', '', null, null, '1', '0', null, '1', '', '中层干部', '11', '经营管理培训', '60', '0.00', '160.00', '250.00', '0.00', '', '红枫路招待所', '', '', '2019-07-01 至 2019-07-05', '5', '40', null, '33', '红枫路410教室', '2019-07-01 12:00:00', null, '2019-07-05 00:00:00', '2019-07-05 23:59:59', '20', '40', '40', '', 'admin', '2019-06-27 17:08:35', 'admin', '2019-06-27 17:20:37', '', null);
INSERT INTO `class_info` VALUES ('50', '', '20190430', '省公司2019年人力资源管理业务素质提升培训班', '省公司人资部', '', null, '管理培训部', '118', '徐华', '', null, null, '0', '0', null, '1', '', '人资管理人员', '12', '专业管理培训', '120', '0.00', '160.00', '250.00', '0.00', '', '红枫路招待所', '', '', '2019-07-02 至 2019-07-06', '5', '40', null, '30', '红枫路200教室', '2019-07-02 12:00:00', null, '2019-07-06 00:00:00', '2019-07-06 23:59:59', '20', '40', '40', '', 'admin', '2019-06-27 17:08:35', 'admin', '2019-06-28 08:29:19', '', null);
INSERT INTO `class_info` VALUES ('52', '', '20190432', '智能变电站运维仿真培训（阜阳公司）', '阜阳公司', '', null, '技术技能培训部', '101', '陈银', '15349858936', null, null, '1', '0', null, '1', '', '变电站运维人员', '14', '生产技能培训', '20', '0.00', '160.00', '250.00', '0.00', '', '红枫路招待所', '', '', '2019-07-07 至 2019-07-12', '6', '48', null, '66', '红枫路201实训室', '2019-07-07 12:00:00', null, '2019-07-12 00:00:00', '2019-07-12 23:59:59', '20', '40', '40', '', 'admin', '2019-06-27 17:08:35', 'admin', '2019-06-28 08:31:33', '', null);
INSERT INTO `class_info` VALUES ('53', '', '20190433', '铜陵公司2019年中层干部培训班（第二期）', '铜陵公司', '', null, '管理培训部', '105', '王蕾', '', null, null, '1', '0', null, '1', '', '中层干部', '11', '经营管理培训', '60', '0.00', '160.00', '250.00', '0.00', '', '红枫路招待所', '', '', '2019-07-08 至 2019-07-12', '5', '40', null, '30', '红枫路200教室', '2019-07-08 12:00:00', null, '2019-07-12 00:00:00', '2019-07-12 23:59:59', '20', '40', '40', '', 'admin', '2019-06-27 17:08:35', 'admin', '2019-06-28 08:33:38', '', null);
INSERT INTO `class_info` VALUES ('54', '', '20190434', '黄山公司2019年中层干部培训班', '黄山公司', '', null, '管理培训部', '177', '刘颖瑜', '15855118736', null, null, '1', '0', null, '1', '', '中层干部', '11', '经营管理培训', '50', '0.00', '160.00', '250.00', '0.00', '', '红枫路招待所', '', '', '2019-07-09 至 2019-07-13', '5', '40', null, '33', '红枫路410教室', '2019-07-09 12:00:00', null, '2019-07-13 00:00:00', '2019-07-13 23:59:59', '20', '40', '40', '', 'admin', '2019-06-27 17:08:35', 'admin', '2019-06-27 17:39:25', '', null);
INSERT INTO `class_info` VALUES ('55', '', '20190435', '省公司2019年劳模工匠及优秀班组长培训班', '培训中心', '', null, '管理培训部', '177', '刘颖瑜', '15855118736', null, null, '1', '0', null, '1', '', '班组长', '12', '专业管理培训', '40', '0.00', '160.00', '250.00', '0.00', '', '红枫路招待所', '', '', '2019-07-14 至 2019-07-19', '6', '48', null, '33', '红枫路410教室', '2019-07-14 12:00:00', null, '2019-07-19 00:00:00', '2019-07-19 23:59:59', '20', '40', '40', '', 'admin', '2019-06-27 17:08:35', 'admin', '2019-06-27 17:40:45', '', null);
INSERT INTO `class_info` VALUES ('58', '', '20190467', '2018年度职称复审', '省公司人资部', '', null, '培训管理部', '126', '马娟', '', null, null, '1', '1', null, '1', '', '相关人员', '17', '其他', '10', '0.00', '160.00', '250.00', '0.00', '', '西区招待所', '西区招待所', '西区食堂', '2019-07-01 至 2019-07-02', '2', '16', '0', '54', '西区507机房', '2019-07-01 12:00:00', null, '2019-07-02 00:00:00', '2019-07-02 23:59:59', '20', '40', '40', '', 'admin', '2019-06-27 17:09:35', '马娟', '2019-06-28 08:58:29', '', null);
INSERT INTO `class_info` VALUES ('59', '', '20190468', '信通公司2019年服务沟通专题培训班（第二期）', '信通公司', '', null, '管理培训部', '118', '徐华', '', null, null, '1', '1', null, '1', '', '管理人员', '12', '专业管理培训', '50', '0.00', '160.00', '250.00', '0.00', '', '', '', '', '2019-07-05 至 2019-07-05', '1', '8', '0', '26', '', '2019-07-05 12:00:00', null, '2019-07-05 00:00:00', '2019-07-05 23:59:59', '20', '40', '40', '', 'admin', '2019-06-27 17:11:30', 'admin', '2019-06-27 17:46:12', '', null);
INSERT INTO `class_info` VALUES ('60', '', '20190455', '2019年地县调继电保护整定计算人员培训', '调控中心', '', '11', '技术技能培训部', '136', '都小利', '', null, null, '0', '0', null, '1', '', '地县调继电保护整定计算人员', '14', '生产技能培训', '40', '0.00', '160.00', '250.00', '0.00', '', '西区招待所', '', '', '2019-07-16 至 2019-07-19', '4', '32', '0', '37', '', '2019-07-16 12:00:00', null, '2019-07-19 00:00:00', '2019-07-19 23:59:59', '20', '40', '40', '', 'admin', '2019-06-27 17:11:59', 'admin', '2019-06-27 17:11:59', '', null);
INSERT INTO `class_info` VALUES ('61', '', '20190469', '明生集团公司2019党务工作人员培训', '明生集团公司', '', null, '管理培训部', '92', '查燕', '', null, null, '1', '1', null, '1', '', '党务人员', '12', '专业管理培训', '20', '0.00', '160.00', '250.00', '0.00', '', '', '', '', '2019-07-09 至 2019-07-10', '2', '16', '0', '26', '', '2019-07-09 12:00:00', null, '2019-07-10 00:00:00', '2019-07-10 23:59:59', '20', '40', '40', '', 'admin', '2019-06-27 17:13:32', 'admin', '2019-06-27 17:13:32', '', null);
INSERT INTO `class_info` VALUES ('62', '', '20190456', '2019年电力监控系统网络安全技术管理培训', '调控中心', '', '11', '技术技能培训部', '122', '田彦', '', null, null, '0', '0', null, '1', '', '公司自动化专业人员', '13', '技术管理培训', '40', '0.00', '160.00', '250.00', '0.00', '', '西区招待所', '', '', '2019-07-21 至 2019-07-26', '6', '48', '0', '37', '', '2019-07-21 12:00:00', null, '2019-07-26 00:00:00', '2019-07-26 23:59:59', '20', '40', '40', '', 'admin', '2019-06-27 17:15:16', 'admin', '2019-06-27 17:15:16', '', null);
INSERT INTO `class_info` VALUES ('63', '', '20190470', '综合服务中心2019年中层人员党性教育培训', '综合服务中心', '', null, '管理培训部', '92', '查燕', '', null, null, '1', '1', null, '1', '', '中层干部', '11', '经营管理培训', '20', '0.00', '160.00', '250.00', '0.00', '', '', '', '', '2019-07-09 至 2019-07-11', '3', '24', '0', '26', '', '2019-07-09 12:00:00', null, '2019-07-11 00:00:00', '2019-07-11 23:59:59', '20', '40', '40', '', 'admin', '2019-06-27 17:15:18', 'admin', '2019-06-27 17:15:18', '', null);
INSERT INTO `class_info` VALUES ('64', '', '20190471', '青阳公司2019年党务人员培训班', '青阳县公司', '', null, '管理培训部', '105', '王蕾', '', null, null, '1', '1', null, '1', '', '支部书记、支委', '12', '专业管理培训', '50', '0.00', '160.00', '250.00', '0.00', '', '', '', '', '2019-07-09 至 2019-07-11', '3', '24', '0', '26', '', '2019-07-09 12:00:00', null, '2019-07-11 00:00:00', '2019-07-11 23:59:59', '20', '40', '40', '', 'admin', '2019-06-27 17:17:39', 'admin', '2019-06-27 17:50:11', '', null);
INSERT INTO `class_info` VALUES ('65', '', '20190457', '2019年变电站智能运检机器人培训（第一期）', '设备部', '', '11', '技术技能培训部', '122', '田彦', '', null, null, '0', '0', null, '1', '', '变电站运维人员', '14', '生产技能培训', '34', '0.00', '160.00', '250.00', '0.00', '', '西区招待所', '', '', '2019-07-22 至 2019-07-26', '5', '40', '0', '38', '西区102教室', '2019-07-22 12:00:00', null, '2019-07-26 00:00:00', '2019-07-26 23:59:59', '20', '40', '40', '', 'admin', '2019-06-27 17:17:44', 'admin', '2019-06-27 17:17:44', '', null);
INSERT INTO `class_info` VALUES ('66', '', '20190458', '2019年PMS2.1实用化培训(第九期)', '运维检修部', '', '11', '技术技能培训部', '142', '梅喜雪', '', null, null, '0', '0', null, '1', '', '公司系统运检信息化、实物资产管理专业人员、PMS2.0使用人', '12', '专业管理培训', '100', '0.00', '160.00', '250.00', '0.00', '', '西区招待所', '', '', '2019-07-22 至 2019-07-25', '4', '32', '0', '56', '西区学术报告厅', '2019-07-22 12:00:00', null, '2019-07-25 00:00:00', '2019-07-25 23:59:59', '20', '40', '40', '', 'admin', '2019-06-27 17:20:13', 'admin', '2019-06-27 17:20:13', '', null);
INSERT INTO `class_info` VALUES ('67', '', '20190472', '检修公司2019年中层干部培训班（第一期）', '检修公司', '', null, '管理培训部', '92', '查燕', '', null, null, '1', '1', null, '1', '', '中层干部', '11', '经营管理培训', '20', '0.00', '160.00', '250.00', '0.00', '', '', '', '', '2019-07-22 至 2019-07-26', '5', '40', '0', '26', '', '2019-07-22 12:00:00', null, '2019-07-26 00:00:00', '2019-07-26 23:59:59', '20', '40', '40', '', 'admin', '2019-06-27 17:20:59', 'admin', '2019-06-27 18:41:07', '', null);
INSERT INTO `class_info` VALUES ('68', '', '20190473', '光明物业2019年中层干部培训班（第一期）', '光明物业', '', null, '管理培训部', '92', '查燕', '', null, null, '1', '1', null, '1', '', '中层干部', '11', '经营管理培训', '20', '0.00', '160.00', '250.00', '0.00', '', '', '', '', '2019-07-22 至 2019-07-26', '5', '40', '0', '26', '', '2019-07-22 12:00:00', null, '2019-07-26 00:00:00', '2019-07-26 23:59:59', '20', '40', '40', '', 'admin', '2019-06-27 17:23:11', 'admin', '2019-06-27 18:34:02', '', null);
INSERT INTO `class_info` VALUES ('69', '', '20190459', '2019年营销网络与信息安全培训(第一期)', '营销部（农电工作部）', '', '11', '技术技能培训部', '99', '钱舟浩', '', null, null, '0', '0', null, '1', '', '各市县公司、直属单位营销网络与信息安全管理人员', '13', '技术管理培训', '91', '0.00', '160.00', '250.00', '0.00', '', '西区招待所', '', '', '2019-07-23 至 2019-07-26', '4', '32', '0', '55', '西区大礼堂', '2019-07-23 12:00:00', null, '2019-07-26 00:00:00', '2019-07-26 23:59:59', '20', '40', '40', '', 'admin', '2019-06-27 17:25:07', 'admin', '2019-06-27 18:40:19', '', null);
INSERT INTO `class_info` VALUES ('70', '', '20190474', '怀宁公司2019年中层干部及青年人才培训班', '怀宁县公司', '', null, '管理培训部', '105', '王蕾', '', null, null, '1', '1', null, '1', '', '中层及后备', '11', '经营管理培训', '100', '0.00', '160.00', '250.00', '0.00', '', '', '', '', '2019-07-22 至 2019-07-26', '5', '40', '0', '26', '', '2019-07-22 12:00:00', null, '2019-07-26 00:00:00', '2019-07-26 23:59:59', '20', '40', '40', '', 'admin', '2019-06-27 17:25:10', 'admin', '2019-06-27 17:25:10', '', null);
INSERT INTO `class_info` VALUES ('71', '', '20190475', '物资项目组集中办公7月', '物资公司', '', null, '培训管理部', '126', '马娟', '', null, null, '1', '1', null, '1', '', '相关人员', '17', '其他', '9', '0.00', '160.00', '250.00', '0.00', '', '西区招待所', '西区招待所', '西区食堂', '2019-07-01 至 2019-07-31', '31', '248', '0', '39', '西区103教室', '2019-07-01 12:00:00', null, '2019-07-31 00:00:00', '2019-07-31 23:59:59', '20', '40', '40', '', 'admin', '2019-06-27 17:27:07', '马娟', '2019-06-28 09:16:58', '', null);
INSERT INTO `class_info` VALUES ('72', '', '20190460', '2019年在线监测管理培训', '设备部', '', '11', '技术技能培训部', '102', '赵庆华', '', null, null, '0', '0', null, '1', '', '各市公司在线监测管理专责及技术人员', '12', '专业管理培训', '40', '0.00', '160.00', '250.00', '0.00', '', '西区招待所', '', '', '2019-07-23 至 2019-07-26', '4', '32', '0', '44', '西区301教室', '2019-07-23 12:00:00', null, '2019-07-26 00:00:00', '2019-07-26 23:59:59', '20', '40', '40', '', 'admin', '2019-06-27 17:29:10', 'admin', '2019-06-27 17:29:10', '', null);
INSERT INTO `class_info` VALUES ('73', '', '20190477', '2019年华东电网调控运行技术技能竞赛省内竞赛', '调控中心', '', null, '技术技能培训部', '122', '田彦', '', null, null, '0', '1', null, '1', '', '调控运行人员', '15', '岗位业务竞赛', '60', '0.00', '160.00', '250.00', '0.00', '', '西区招待所', '', '', '2019-07-11 至 2019-07-12', '2', '16', '0', '56', '西区学术报告厅', '2019-07-11 12:00:00', null, '2019-07-12 00:00:00', '2019-07-12 23:59:59', '20', '40', '40', '', 'admin', '2019-06-27 17:29:45', 'admin', '2019-06-27 17:29:45', '', null);
INSERT INTO `class_info` VALUES ('74', '', '20190461', '2019年电网谐波监测与检测技术培训', '设备部', '', '11', '技术技能培训部', '102', '赵庆华', '', null, null, '0', '0', null, '1', '', '地市公司电能质量专业一线技术人员', '13', '技术管理培训', '65', '0.00', '160.00', '250.00', '0.00', '', '西区招待所', '', '', '2019-07-28 至 2019-07-31', '4', '32', '0', '44', '西区301教室', '2019-07-28 12:00:00', null, '2019-07-31 00:00:00', '2019-07-31 23:59:59', '20', '40', '40', '', 'admin', '2019-06-27 17:32:40', 'admin', '2019-06-27 17:32:40', '', null);
INSERT INTO `class_info` VALUES ('75', null, '20190431', '2019年继电保护骨干人员实操技能培训（第一期）', '调控中心', null, null, '技术技能培训部', '136', '都小利', null, null, null, '0', '0', null, '1', null, '公司继电保护骨干人员', '14', '生产技能培训', '40', '0.00', '160.00', '250.00', '0.00', null, '红枫路招待所', null, null, '2019-07-07 至 2019-07-19', '13', '104', null, '35', '红枫路503教室', '2019-07-07 12:00:00', '2019-07-08 23:59:59', '2019-07-19 00:00:00', '2019-07-19 23:59:59', '20', '40', '40', '', 'admin', '2019-06-27 17:33:15', 'admin', '2019-06-27 17:33:15', '', null);
INSERT INTO `class_info` VALUES ('77', '', '20190462', '2019年用电信息采集专业知识培训班（第二期）', '营销部（农电工作部）', '', '11', '技术技能培训部', '142', '梅喜雪', '', null, null, '0', '0', null, '1', '', '公司营销管理人员', '12', '专业管理培训', '45', '0.00', '160.00', '250.00', '0.00', '', '西区招待所', '', '', '2019-07-24 至 2019-07-26', '3', '24', '0', '54', '西区507机房', '2019-07-24 12:00:00', null, '2019-07-26 00:00:00', '2019-07-26 23:59:59', '20', '40', '40', '', 'admin', '2019-06-27 17:35:20', 'admin', '2019-06-27 17:35:20', '', null);
INSERT INTO `class_info` VALUES ('78', '', '20190463', '2019年变电站智能运检机器人培训（第二期）', '设备部', '', '11', '技术技能培训部', '122', '田彦', '', null, null, '0', '0', null, '1', '', '变电站运维人员', '14', '生产技能培训', '34', '0.00', '160.00', '250.00', '0.00', '', '西区招待所', '', '', '2019-07-29 至 2019-08-02', '5', '40', '0', '38', '西区102教室', '2019-07-29 12:00:00', null, '2019-08-02 00:00:00', '2019-08-02 23:59:59', '20', '40', '40', '', 'admin', '2019-06-27 17:39:13', 'admin', '2019-06-27 17:39:13', '', null);
INSERT INTO `class_info` VALUES ('79', '', '20190439', '2019年安全监督管理人员培训(第一期)', '安质部', '', '11', '技术技能培训部', '90', '陈财', '13625651060', null, null, '0', '0', null, '1', '', '安全监督管理人员', '12', '专业管理培训', '110', '0.00', '160.00', '250.00', '0.00', '', '红枫路招待所', '红枫路招待所', '红枫路食堂', '2019-07-22 至 2019-07-24', '3', '24', '0', '30', '', '2019-07-22 12:00:00', null, '2019-07-24 00:00:00', '2019-07-24 23:59:59', '20', '40', '40', '', 'admin', '2019-06-27 17:39:19', 'admin', '2019-06-27 17:39:19', '', null);
INSERT INTO `class_info` VALUES ('80', '', '20190440', '2019年安全监督管理人员培训(第二期)', '安质部', '', '11', '技术技能培训部', '90', '陈财', '13625651060', null, null, '0', '0', null, '1', '', '安全监督管理人员', '12', '专业管理培训', '110', '0.00', '160.00', '250.00', '0.00', '', '红枫路招待所', '红枫路招待所', '红枫路食堂', '2019-07-24 至 2019-07-26', '3', '24', '0', '30', '', '2019-07-24 12:00:00', null, '2019-07-26 00:00:00', '2019-07-26 23:59:59', '20', '40', '40', '', 'admin', '2019-06-27 17:42:40', 'admin', '2019-06-27 17:42:40', '', null);
INSERT INTO `class_info` VALUES ('81', '', '20190441', '枞阳公司2019年党务人员培训班', '枞阳公司', '', '7', '管理培训部', '177', '刘颖瑜', '15855118736', null, null, '0', '0', null, '1', '', '管理人员', '12', '专业管理培训', '50', '0.00', '160.00', '250.00', '0.00', '', '红枫路招待所', '红枫路招待所', '红枫路食堂', '2019-07-22 至 2019-07-26', '5', '40', '0', '33', '红枫路410教室', '2019-07-22 12:00:00', null, '2019-07-26 00:00:00', '2019-07-26 23:59:59', '20', '40', '40', '', 'admin', '2019-06-27 17:47:18', 'admin', '2019-06-27 17:47:18', '', null);
INSERT INTO `class_info` VALUES ('82', '', '20190450', '2019年华东电网调控运行技术技能竞赛省内竞赛', '调控中心', '', '11', '技术技能培训部', '122', '田彦', '', null, null, '0', '1', null, '1', '', '竞赛选手', '17', '其他', '60', '0.00', '160.00', '250.00', '0.00', '', '西区招待所', '西区招待所', '西区食堂', '2019-07-10 至 2019-07-12', '3', '24', '0', '55', '西区大礼堂', '2019-07-10 12:00:00', null, '2019-07-12 00:00:00', '2019-07-12 23:59:59', '20', '40', '40', '', 'admin', '2019-06-27 17:49:00', 'admin', '2019-06-27 22:00:53', '', null);
INSERT INTO `class_info` VALUES ('83', '', '20190449', '省公司2019年工会干部素质提升培训班', '省公司工会', '', '7', '管理培训部', '177', '刘颖瑜', '15855118736', null, null, '0', '0', null, '1', '', '工会管理人员', '12', '专业管理培训', '130', '0.00', '160.00', '250.00', '0.00', '', '西区招待所', '西区招待所', '西区食堂', '2019-07-10 至 2019-07-12', '3', '24', '0', '55', '西区大礼堂', '2019-07-10 12:00:00', null, '2019-07-12 00:00:00', '2019-07-12 23:59:59', '20', '40', '40', '', 'admin', '2019-06-27 17:51:25', 'admin', '2019-06-27 21:58:20', '', null);
INSERT INTO `class_info` VALUES ('84', '', '20190442', '淮南公司2019年中层干部培训班', '淮南公司', '', '6', '动力系', '175', '李文胜', '13053060881', null, null, '0', '0', null, '1', '', '管理人员', '12', '专业管理培训', '40', '0.00', '160.00', '250.00', '0.00', '', '红枫路招待所', '红枫路招待所', '红枫路食堂', '2019-07-29 至 2019-08-02', '5', '40', '0', '33', '红枫路410教室', '2019-07-29 12:00:00', null, '2019-08-02 00:00:00', '2019-08-02 23:59:59', '20', '40', '40', '', 'admin', '2019-06-27 17:53:47', 'admin', '2019-06-27 17:53:47', '', null);
INSERT INTO `class_info` VALUES ('85', '', '20190448', '2019年市县公司运检部主任培训', '设备部', '', '11', '技术技能培训部', '136', '都小利', '', null, null, '0', '0', null, '1', '', '检修公司、送变电公司、各市县公司运检部主任', '12', '专业管理培训', '45', '0.00', '160.00', '250.00', '0.00', '', '西区招待所', '西区招待所', '西区食堂', '2019-07-09 至 2019-07-11', '3', '24', '0', '38', '西区102教室', '2019-07-09 12:00:00', null, '2019-07-11 00:00:00', '2019-07-11 23:59:59', '20', '40', '40', '', 'admin', '2019-06-27 17:54:03', 'admin', '2019-06-27 21:57:29', '', null);
INSERT INTO `class_info` VALUES ('86', '', '20190443', '2019年安徽电网安全稳定分析技能培训', '调控中心', '', '11', '技术技能培训部', '151', '门富媛', '', null, null, '0', '0', null, '1', '', '公司电网稳定分析人员', '14', '生产技能培训', '40', '0.00', '160.00', '250.00', '0.00', '', '西区招待所', '西区招待所', '西区食堂', '2019-06-30 至 2019-07-05', '6', '48', '0', '38', '西区102教室', '2019-06-30 12:00:00', null, '2019-07-05 00:00:00', '2019-07-05 23:59:59', '20', '40', '40', '', 'admin', '2019-06-27 17:56:21', 'admin', '2019-06-27 17:56:21', '', null);
INSERT INTO `class_info` VALUES ('87', '', '20190465', '2019年金属技术监督能力提升培训班（第二期）', '设备部', '', '11', '技术技能培训部', '100', '秦晓佳', '', null, null, '0', '0', null, '1', '', '各市公司、省检修公司和送变电运检公司金属技术监督管理和技术', '14', '生产技能培训', '34', '0.00', '160.00', '250.00', '0.00', '', '西区招待所', '西区招待所', '西区食堂', '2019-07-08 至 2019-07-10', '3', '24', '0', '52', '西区402机房', '2019-07-08 12:00:00', null, '2019-07-10 00:00:00', '2019-07-10 23:59:59', '20', '40', '40', '', 'admin', '2019-06-27 17:56:32', '秦晓佳', '2019-06-28 15:00:38', '', null);
INSERT INTO `class_info` VALUES ('88', '', '20190447', '2019年用电信息采集专业知识培训班（第一期）', '营销部（农电工作部）', '', '11', '技术技能培训部', '142', '梅喜雪', '', null, null, '0', '0', null, '1', '', '公司营销管理人员', '12', '专业管理培训', '45', '0.00', '160.00', '250.00', '0.00', '', '西区招待所', '西区招待所', '西区食堂', '2019-07-22 至 2019-07-24', '3', '24', '0', '54', '西区507机房', '2019-07-22 12:00:00', null, '2019-07-24 00:00:00', '2019-07-24 23:59:59', '20', '40', '40', '', 'admin', '2019-06-27 18:00:02', 'admin', '2019-06-27 21:55:53', '', null);
INSERT INTO `class_info` VALUES ('89', null, '20190436', '省公司2019年党建部负责人培训班', '省公司党建部', null, null, '管理培训部', '169', '汪丽萍', '15855118902', null, null, '0', '0', null, '1', null, '党建部负责人', '12', '专业管理培训', '60', '0.00', '160.00', '250.00', '0.00', null, '红枫路招待所', null, null, '2019-07-14 至 2019-07-19', '6', '48', null, '30', '红枫路200教室', '2019-07-14 12:00:00', '2019-07-15 23:59:59', '2019-07-19 00:00:00', '2019-07-19 23:59:59', '20', '40', '40', '', 'admin', '2019-06-27 18:01:02', 'admin', '2019-06-27 18:01:02', '部分时间外出', null);
INSERT INTO `class_info` VALUES ('90', null, '20190437', '2019年继电保护骨干人员实操技能培训（第二期）', '调控中心', null, null, '技术技能培训部', '136', '都小利', null, null, null, '0', '0', null, '1', null, '公司继电保护骨干人员', '14', '生产技能培训', '40', '0.00', '160.00', '250.00', '0.00', null, '红枫路招待所', null, null, '2019-07-21 至 2019-08-02', '13', '104', null, '35', '红枫路503教室', '2019-07-21 12:00:00', '2019-07-22 23:59:59', '2019-08-02 00:00:00', '2019-08-02 23:59:59', '20', '40', '40', '', 'admin', '2019-06-27 18:01:02', 'admin', '2019-06-27 18:01:02', '', null);
INSERT INTO `class_info` VALUES ('91', '', '20190438', '2019年智能站运维仿真培训（第四期）', '设备部', '', null, '技术技能培训部', '87', '徐结红', '', null, null, '0', '0', null, '1', '', '变电站运维人员', '14', '生产技能培训', '34', '0.00', '160.00', '250.00', '0.00', '', '红枫路招待所', '', '', '2019-07-21 至 2019-07-26', '6', '48', null, '66', '红枫路201实训室', '2019-07-21 12:00:00', null, '2019-07-26 00:00:00', '2019-07-26 23:59:59', '20', '40', '40', '', 'admin', '2019-06-27 18:01:02', 'admin', '2019-06-27 18:06:28', '', null);
INSERT INTO `class_info` VALUES ('92', '15024238', '20190444', '2019年线损理论计算培训班（第一期）', '发展策划部', '', '11', '技术技能培训部', '142', '梅喜雪', '63705252', null, null, '0', '0', null, '1', '', '市公司相关专业线损理论计算人员、县公司线损理论计算负责人', '18', '专业技术培训', '87', '1000.00', '160.00', '250.00', '0.00', '', '西区招待所', '西区招待所', '西区食堂', '2019-07-02 至 2019-07-04', '3', '24', null, '55', '西区大礼堂', '2019-07-02 12:00:00', null, '2019-07-04 00:00:00', '2019-07-04 23:59:59', '20', '40', '40', '', 'admin', '2019-06-27 18:01:24', '梅喜雪', '2019-06-28 14:43:57', '', null);
INSERT INTO `class_info` VALUES ('93', '', '20190446', '2019年配电自动化运维专业技能培训班（第二期）', '设备部', '', '11', '技术技能培训部', '151', '门富媛', '', null, null, '0', '0', null, '1', '', '配电自动化主站及终端运维检修人员', '14', '生产技能培训', '48', '0.00', '160.00', '250.00', '0.00', '', '西区招待所', '西区招待所', '西区食堂', '2019-07-06 至 2019-07-21', '16', '128', '0', '40', '西区105教室', '2019-07-06 12:00:00', null, '2019-07-21 00:00:00', '2019-07-21 23:59:59', '20', '40', '40', '', 'admin', '2019-06-27 18:02:30', 'admin', '2019-06-27 21:54:53', '', null);
INSERT INTO `class_info` VALUES ('94', '15024238', '20190445', '2019年线损理论计算培训班（第二期）', '发展策划部', '', '11', '技术技能培训部', '142', '梅喜雪', '63705252', null, null, '0', '0', null, '1', '', '市公司相关专业线损理论计算人员、县公司线损理论计算负责人', '18', '专业技术培训', '81', '1000.00', '160.00', '250.00', '0.00', '', '西区招待所', '西区招待所', '西区食堂', '2019-07-03 至 2019-07-05', '3', '24', null, '55', '西区大礼堂', '2019-07-03 12:00:00', null, '2019-07-05 00:00:00', '2019-07-05 23:59:59', '20', '40', '40', '', 'admin', '2019-06-27 18:03:39', '梅喜雪', '2019-06-28 14:44:38', '', null);
INSERT INTO `class_info` VALUES ('95', '', '20190476', '周期制兼职培训师7月', '省公司人资部', '174', '13', '培训管理部', '170', '胡燕', '13083055080', null, null, '0', '1', null, '1', '', '其他', '17', '其他', '22', '0.00', '160.00', '250.00', '0.00', '', '西区招待所', '西区招待所', '西区食堂', '2019-07-01 至 2019-07-31', '31', '248', '0', '67', '西区', '2019-07-01 12:00:00', null, '2019-07-31 00:00:00', '2019-07-31 23:59:59', '20', '40', '40', '', 'admin', '2019-06-27 18:31:19', '马娟', '2019-06-28 10:14:43', '', null);
INSERT INTO `class_info` VALUES ('96', '', '20190478', '公司级营销会议', '省公司营销部', '175', '11', '技术技能培训部', '99', '钱舟浩', '', null, null, '2', '1', null, '1', '', '相关人员', '11', '经营管理培训', '60', '0.00', '160.00', '250.00', '0.00', '', '西区招待所', '西区招待所', '西区食堂', '2019-07-09 至 2019-07-12', '4', '32', '0', '49', '西区308机房', '2019-07-09 12:00:00', null, '2019-07-12 00:00:00', '2019-07-12 23:59:59', '20', '40', '40', '', '马娟', '2019-06-28 08:14:00', '马娟', '2019-06-28 08:14:00', '', null);
INSERT INTO `class_info` VALUES ('97', '', '20190479', '2019年第二期配电自动化技能培训方案和实操基地调试集中办公', '调控中心', '181', '11', '技术技能培训部', '151', '门富媛', '', null, null, '2', '1', null, '1', '', '相关人员', '17', '其他', '6', '0.00', '160.00', '250.00', '0.00', '', '西区招待所', '西区招待所', '西区食堂', '2019-07-01 至 2019-07-06', '6', '48', '0', '43', '西区205机房', '2019-07-01 12:00:00', null, '2019-07-06 00:00:00', '2019-07-06 23:59:59', '20', '40', '40', '', '马娟', '2019-06-28 16:27:15', '马娟', '2019-06-28 16:27:15', '', null);

-- ----------------------------
-- Table structure for `colleges_basic_parameters`
-- ----------------------------
DROP TABLE IF EXISTS `colleges_basic_parameters`;
CREATE TABLE `colleges_basic_parameters` (
  `id` int(255) NOT NULL AUTO_INCREMENT COMMENT '主键',
  `name` varchar(255) DEFAULT NULL COMMENT '院校名称',
  `url` varchar(255) DEFAULT NULL COMMENT '系统外内网网址',
  `address` varchar(255) DEFAULT NULL COMMENT '报名（住宿）地点',
  `house_standard` varchar(255) DEFAULT NULL COMMENT '标间/单间标准',
  `eat_place` varchar(255) DEFAULT NULL COMMENT '就餐地点',
  `eat_standard` varchar(255) DEFAULT NULL COMMENT '早/中/晚就餐标准',
  PRIMARY KEY (`id`) USING BTREE
) ENGINE=InnoDB AUTO_INCREMENT=2 DEFAULT CHARSET=utf8 ROW_FORMAT=COMPACT;

-- ----------------------------
-- Records of colleges_basic_parameters
-- ----------------------------
INSERT INTO `colleges_basic_parameters` VALUES ('1', '国网安徽培训中心', 'http://61.191.23.107/tjun-training', '西区招待所,东区招待所,红枫路招待所,明生酒店,7+1酒店,N酒店,送培,南区招待所', '160,250', '西区食堂,东区食堂,红枫路食堂,送培,南区食堂', '20,40,40');

-- ----------------------------
-- Table structure for `department`
-- ----------------------------
DROP TABLE IF EXISTS `department`;
CREATE TABLE `department` (
  `area_id` int(10) NOT NULL AUTO_INCREMENT COMMENT '区域编码',
  `sjarea_id` int(10) DEFAULT NULL COMMENT '上级区域编码',
  `area_type` int(2) DEFAULT NULL COMMENT '权限类型 1=学校/2=部门',
  `sort` int(10) DEFAULT NULL COMMENT '排序',
  `area_name` varchar(30) NOT NULL COMMENT '区域名称',
  `state` int(2) DEFAULT NULL COMMENT '1正常 2删除',
  PRIMARY KEY (`area_id`) USING BTREE
) ENGINE=InnoDB AUTO_INCREMENT=25 DEFAULT CHARSET=utf8 ROW_FORMAT=COMPACT COMMENT='部门表';

-- ----------------------------
-- Records of department
-- ----------------------------
INSERT INTO `department` VALUES ('1', '0', '1', null, '安徽省电力公司培训中心', '1');
INSERT INTO `department` VALUES ('2', '1', '2', '1', '财务资产部', '1');
INSERT INTO `department` VALUES ('3', '1', '2', '2', '党群（工会）', '1');
INSERT INTO `department` VALUES ('4', '1', '2', '3', '电力培训中心', '1');
INSERT INTO `department` VALUES ('5', '1', '2', '4', '电力系', '1');
INSERT INTO `department` VALUES ('6', '1', '2', '5', '动力系', '1');
INSERT INTO `department` VALUES ('7', '1', '2', '6', '管理培训部', '1');
INSERT INTO `department` VALUES ('8', '1', '2', '7', '管理系', '1');
INSERT INTO `department` VALUES ('9', '1', '2', '8', '后勤保障部', '1');
INSERT INTO `department` VALUES ('10', '1', '2', '9', '技能鉴定部', '1');
INSERT INTO `department` VALUES ('11', '1', '2', '10', '技术技能培训部', '1');
INSERT INTO `department` VALUES ('12', '1', '2', '11', '监察部', '1');
INSERT INTO `department` VALUES ('13', '1', '2', '12', '培训管理部', '1');
INSERT INTO `department` VALUES ('14', '1', '2', '13', '其他', '1');
INSERT INTO `department` VALUES ('15', '1', '2', '14', '人力资源部', '1');
INSERT INTO `department` VALUES ('16', '1', '2', '15', '省电力公司', '1');
INSERT INTO `department` VALUES ('17', '1', '2', '16', '学生处', '1');
INSERT INTO `department` VALUES ('18', '1', '2', '17', '成教处', '1');
INSERT INTO `department` VALUES ('19', '1', '2', '18', '办公室', '1');
INSERT INTO `department` VALUES ('20', '1', '2', '19', '卓巨物业', '1');
INSERT INTO `department` VALUES ('21', '1', '2', '20', '中心领导', '1');
INSERT INTO `department` VALUES ('22', '1', '2', '21', '自动化系', '1');
INSERT INTO `department` VALUES ('23', '1', '2', '22', '国网安徽培训中心（党校）', '1');
INSERT INTO `department` VALUES ('24', '1', '2', '23', '中共国网安徽省电力有限公司党校', '1');

-- ----------------------------
-- Table structure for `evaluate_project`
-- ----------------------------
DROP TABLE IF EXISTS `evaluate_project`;
CREATE TABLE `evaluate_project` (
  `id` int(255) NOT NULL AUTO_INCREMENT COMMENT '主键',
  `type` varchar(255) DEFAULT NULL COMMENT '评价分类',
  `project` varchar(255) DEFAULT NULL COMMENT '评价项目',
  `score` varchar(255) DEFAULT NULL COMMENT '满分分值',
  `large_class` int(10) DEFAULT NULL COMMENT '评价大项',
  `e_remark` varchar(255) DEFAULT NULL COMMENT '备注',
  PRIMARY KEY (`id`) USING BTREE
) ENGINE=InnoDB AUTO_INCREMENT=38 DEFAULT CHARSET=utf8 ROW_FORMAT=COMPACT COMMENT='评价项目维护表';

-- ----------------------------
-- Records of evaluate_project
-- ----------------------------
INSERT INTO `evaluate_project` VALUES ('1', '培训总体评价', '培训质量的满意程度', '130', '1', '');
INSERT INTO `evaluate_project` VALUES ('2', '培训总体评价', '综合服务的满意程度', '130', '1', null);
INSERT INTO `evaluate_project` VALUES ('3', '培训师授课情况', '理论知识水平', '130', '2', null);
INSERT INTO `evaluate_project` VALUES ('4', '培训师授课情况', '联系实际的能力', '130', '2', null);
INSERT INTO `evaluate_project` VALUES ('5', '培训师授课情况', '课件（讲义）制作质量和效果', '130', '2', null);
INSERT INTO `evaluate_project` VALUES ('6', '培训师授课情况', '培训师资的总体评价', '130', '2', null);
INSERT INTO `evaluate_project` VALUES ('7', '培训师授课情况', '教学过程的控制能力', '130', '2', null);
INSERT INTO `evaluate_project` VALUES ('8', '培训师授课情况', '讲解的条理性和逻辑性', '130', '2', null);
INSERT INTO `evaluate_project` VALUES ('9', '培训师授课情况', '计算机网络安全与管理', '130', '2', '');
INSERT INTO `evaluate_project` VALUES ('10', '教学组织与管理水平', '场地设施安排', '130', '3', null);
INSERT INTO `evaluate_project` VALUES ('11', '教学组织与管理水平', '业余活动组织与安排', '130', '3', null);
INSERT INTO `evaluate_project` VALUES ('12', '教学组织与管理水平', '教学组织与秩序', '130', '3', '');
INSERT INTO `evaluate_project` VALUES ('13', '教学组织与管理水平', '培训师的教学态度', '130', '3', null);
INSERT INTO `evaluate_project` VALUES ('14', '教学组织与管理水平', '学员的受益程度', '130', '3', null);
INSERT INTO `evaluate_project` VALUES ('15', '教学组织与管理水平', '教学组织与管理水平的总体评价', '130', '3', null);
INSERT INTO `evaluate_project` VALUES ('16', '教学组织与管理水平', '培训时间安排', '130', '3', '');
INSERT INTO `evaluate_project` VALUES ('17', '课程设置评价', '教学内容的充分性', '130', '4', null);
INSERT INTO `evaluate_project` VALUES ('18', '课程设置评价', '培训教材的实用性', '130', '4', null);
INSERT INTO `evaluate_project` VALUES ('19', '课程设置评价', '案例和习题的适宜性', '130', '4', null);
INSERT INTO `evaluate_project` VALUES ('20', '课程设置评价', '课程设置的总体评价', '130', '4', null);
INSERT INTO `evaluate_project` VALUES ('21', '课程设置评价', '课程安排的合理性', '130', '4', null);
INSERT INTO `evaluate_project` VALUES ('22', '班主任评价', '各方面协调能力', '130', '5', null);
INSERT INTO `evaluate_project` VALUES ('23', '班主任评价', '服务态度', '130', '5', null);
INSERT INTO `evaluate_project` VALUES ('24', '班主任评价', '班主任的总体评价', '130', '5', null);
INSERT INTO `evaluate_project` VALUES ('25', '班主任评价', '培训组织及管理', '130', '5', null);
INSERT INTO `evaluate_project` VALUES ('26', '班主任评价', '计算机网络安全与管理', '130', '5', '');
INSERT INTO `evaluate_project` VALUES ('27', '综合服务评价', '学员住宿服务质量', '130', '6', null);
INSERT INTO `evaluate_project` VALUES ('28', '培训的意见和建议', '课程师资方面', null, '7', null);
INSERT INTO `evaluate_project` VALUES ('29', '培训的意见和建议', '教学组织方面', null, '7', null);
INSERT INTO `evaluate_project` VALUES ('30', '培训的意见和建议', '后勤服务方面', null, '7', null);
INSERT INTO `evaluate_project` VALUES ('31', '培训的意见和建议', '其他方面', null, '7', null);
INSERT INTO `evaluate_project` VALUES ('32', '课程或授课师资', '课程或授课师资', null, '8', null);
INSERT INTO `evaluate_project` VALUES ('33', '综合服务评价', '培训过程服务质量', '130', '6', null);
INSERT INTO `evaluate_project` VALUES ('34', '综合服务评价', '培训场所布置', '130', '6', null);
INSERT INTO `evaluate_project` VALUES ('35', '综合服务评价', '学员就餐服务质量', '130', '6', null);
INSERT INTO `evaluate_project` VALUES ('36', '综合服务评价', '工作人员的服务水平及主动性', '130', '6', null);

-- ----------------------------
-- Table structure for `evaluate_score`
-- ----------------------------
DROP TABLE IF EXISTS `evaluate_score`;
CREATE TABLE `evaluate_score` (
  `id` bigint(255) NOT NULL AUTO_INCREMENT COMMENT '主键',
  `register_id` int(255) NOT NULL COMMENT '报名id',
  `project_id` int(64) NOT NULL COMMENT '课程id',
  `result` varchar(255) DEFAULT NULL COMMENT '1非常满意130； 2 满意115； 3基本满意90； 4一般75； 5不满意60',
  PRIMARY KEY (`id`) USING BTREE
) ENGINE=InnoDB AUTO_INCREMENT=1753 DEFAULT CHARSET=utf8 ROW_FORMAT=DYNAMIC;

-- ----------------------------
-- Records of evaluate_score
-- ----------------------------
INSERT INTO `evaluate_score` VALUES ('176', '14', '1', '1');
INSERT INTO `evaluate_score` VALUES ('177', '14', '2', '1');
INSERT INTO `evaluate_score` VALUES ('178', '14', '3', '1');
INSERT INTO `evaluate_score` VALUES ('179', '14', '4', '1');
INSERT INTO `evaluate_score` VALUES ('180', '14', '5', '1');
INSERT INTO `evaluate_score` VALUES ('181', '14', '6', '1');
INSERT INTO `evaluate_score` VALUES ('182', '14', '7', '1');
INSERT INTO `evaluate_score` VALUES ('183', '14', '8', '1');
INSERT INTO `evaluate_score` VALUES ('184', '14', '9', '1');
INSERT INTO `evaluate_score` VALUES ('185', '14', '10', '1');
INSERT INTO `evaluate_score` VALUES ('186', '14', '11', '1');
INSERT INTO `evaluate_score` VALUES ('187', '14', '12', '1');
INSERT INTO `evaluate_score` VALUES ('188', '14', '13', '1');
INSERT INTO `evaluate_score` VALUES ('189', '14', '14', '1');
INSERT INTO `evaluate_score` VALUES ('190', '14', '15', '1');
INSERT INTO `evaluate_score` VALUES ('191', '14', '16', '1');
INSERT INTO `evaluate_score` VALUES ('192', '14', '17', '1');
INSERT INTO `evaluate_score` VALUES ('193', '14', '18', '1');
INSERT INTO `evaluate_score` VALUES ('194', '14', '19', '1');
INSERT INTO `evaluate_score` VALUES ('195', '14', '20', '1');
INSERT INTO `evaluate_score` VALUES ('196', '14', '21', '1');
INSERT INTO `evaluate_score` VALUES ('197', '14', '22', '1');
INSERT INTO `evaluate_score` VALUES ('198', '14', '23', '1');
INSERT INTO `evaluate_score` VALUES ('199', '14', '24', '1');
INSERT INTO `evaluate_score` VALUES ('200', '14', '25', '1');
INSERT INTO `evaluate_score` VALUES ('201', '14', '26', '1');
INSERT INTO `evaluate_score` VALUES ('202', '14', '27', '1');
INSERT INTO `evaluate_score` VALUES ('203', '14', '28', '很好');
INSERT INTO `evaluate_score` VALUES ('204', '14', '29', '很好');
INSERT INTO `evaluate_score` VALUES ('205', '14', '30', '很好');
INSERT INTO `evaluate_score` VALUES ('206', '14', '31', '很好');
INSERT INTO `evaluate_score` VALUES ('207', '14', '32', '');
INSERT INTO `evaluate_score` VALUES ('208', '14', '33', '1');
INSERT INTO `evaluate_score` VALUES ('209', '14', '34', '1');
INSERT INTO `evaluate_score` VALUES ('210', '14', '35', '1');
INSERT INTO `evaluate_score` VALUES ('211', '14', '1', '1');
INSERT INTO `evaluate_score` VALUES ('212', '14', '2', '1');
INSERT INTO `evaluate_score` VALUES ('213', '14', '3', '1');
INSERT INTO `evaluate_score` VALUES ('214', '14', '4', '1');
INSERT INTO `evaluate_score` VALUES ('215', '14', '5', '1');
INSERT INTO `evaluate_score` VALUES ('216', '14', '6', '1');
INSERT INTO `evaluate_score` VALUES ('217', '14', '7', '1');
INSERT INTO `evaluate_score` VALUES ('218', '14', '8', '1');
INSERT INTO `evaluate_score` VALUES ('219', '14', '9', '1');
INSERT INTO `evaluate_score` VALUES ('220', '14', '10', '1');
INSERT INTO `evaluate_score` VALUES ('221', '14', '11', '1');
INSERT INTO `evaluate_score` VALUES ('222', '14', '12', '1');
INSERT INTO `evaluate_score` VALUES ('223', '14', '13', '1');
INSERT INTO `evaluate_score` VALUES ('224', '14', '14', '1');
INSERT INTO `evaluate_score` VALUES ('225', '14', '15', '1');
INSERT INTO `evaluate_score` VALUES ('226', '14', '16', '1');
INSERT INTO `evaluate_score` VALUES ('227', '14', '17', '1');
INSERT INTO `evaluate_score` VALUES ('228', '14', '18', '1');
INSERT INTO `evaluate_score` VALUES ('229', '14', '19', '1');
INSERT INTO `evaluate_score` VALUES ('230', '14', '20', '1');
INSERT INTO `evaluate_score` VALUES ('231', '14', '21', '1');
INSERT INTO `evaluate_score` VALUES ('232', '14', '22', '1');
INSERT INTO `evaluate_score` VALUES ('233', '14', '23', '1');
INSERT INTO `evaluate_score` VALUES ('234', '14', '24', '1');
INSERT INTO `evaluate_score` VALUES ('235', '14', '25', '1');
INSERT INTO `evaluate_score` VALUES ('236', '14', '26', '1');
INSERT INTO `evaluate_score` VALUES ('237', '14', '27', '1');
INSERT INTO `evaluate_score` VALUES ('238', '14', '28', '很好');
INSERT INTO `evaluate_score` VALUES ('239', '14', '29', '很好');
INSERT INTO `evaluate_score` VALUES ('240', '14', '30', '很好');
INSERT INTO `evaluate_score` VALUES ('241', '14', '31', '很好');
INSERT INTO `evaluate_score` VALUES ('242', '14', '32', '');
INSERT INTO `evaluate_score` VALUES ('243', '14', '33', '1');
INSERT INTO `evaluate_score` VALUES ('244', '14', '34', '1');
INSERT INTO `evaluate_score` VALUES ('245', '14', '35', '1');
INSERT INTO `evaluate_score` VALUES ('246', '54', '1', '1');
INSERT INTO `evaluate_score` VALUES ('247', '54', '2', '1');
INSERT INTO `evaluate_score` VALUES ('248', '54', '3', '1');
INSERT INTO `evaluate_score` VALUES ('249', '54', '4', '1');
INSERT INTO `evaluate_score` VALUES ('250', '54', '5', '1');
INSERT INTO `evaluate_score` VALUES ('251', '54', '6', '1');
INSERT INTO `evaluate_score` VALUES ('252', '54', '7', '1');
INSERT INTO `evaluate_score` VALUES ('253', '54', '8', '1');
INSERT INTO `evaluate_score` VALUES ('254', '54', '9', '1');
INSERT INTO `evaluate_score` VALUES ('255', '54', '10', '1');
INSERT INTO `evaluate_score` VALUES ('256', '54', '11', '1');
INSERT INTO `evaluate_score` VALUES ('257', '54', '12', '1');
INSERT INTO `evaluate_score` VALUES ('258', '54', '13', '1');
INSERT INTO `evaluate_score` VALUES ('259', '54', '14', '1');
INSERT INTO `evaluate_score` VALUES ('260', '54', '15', '1');
INSERT INTO `evaluate_score` VALUES ('261', '54', '16', '1');
INSERT INTO `evaluate_score` VALUES ('262', '54', '17', '1');
INSERT INTO `evaluate_score` VALUES ('263', '54', '18', '1');
INSERT INTO `evaluate_score` VALUES ('264', '54', '19', '1');
INSERT INTO `evaluate_score` VALUES ('265', '54', '20', '1');
INSERT INTO `evaluate_score` VALUES ('266', '54', '21', '1');
INSERT INTO `evaluate_score` VALUES ('267', '54', '22', '1');
INSERT INTO `evaluate_score` VALUES ('268', '54', '23', '1');
INSERT INTO `evaluate_score` VALUES ('269', '54', '24', '1');
INSERT INTO `evaluate_score` VALUES ('270', '54', '25', '1');
INSERT INTO `evaluate_score` VALUES ('271', '54', '26', '1');
INSERT INTO `evaluate_score` VALUES ('272', '54', '27', '1');
INSERT INTO `evaluate_score` VALUES ('273', '54', '28', '');
INSERT INTO `evaluate_score` VALUES ('274', '54', '29', '');
INSERT INTO `evaluate_score` VALUES ('275', '54', '30', '');
INSERT INTO `evaluate_score` VALUES ('276', '54', '31', '');
INSERT INTO `evaluate_score` VALUES ('277', '54', '32', '');
INSERT INTO `evaluate_score` VALUES ('278', '54', '33', '1');
INSERT INTO `evaluate_score` VALUES ('279', '54', '34', '1');
INSERT INTO `evaluate_score` VALUES ('280', '54', '35', '1');
INSERT INTO `evaluate_score` VALUES ('281', '54', '1', '1');
INSERT INTO `evaluate_score` VALUES ('282', '54', '2', '1');
INSERT INTO `evaluate_score` VALUES ('283', '54', '3', '1');
INSERT INTO `evaluate_score` VALUES ('284', '54', '4', '1');
INSERT INTO `evaluate_score` VALUES ('285', '54', '5', '1');
INSERT INTO `evaluate_score` VALUES ('286', '54', '6', '1');
INSERT INTO `evaluate_score` VALUES ('287', '54', '7', '1');
INSERT INTO `evaluate_score` VALUES ('288', '54', '8', '1');
INSERT INTO `evaluate_score` VALUES ('289', '54', '9', '1');
INSERT INTO `evaluate_score` VALUES ('290', '54', '10', '1');
INSERT INTO `evaluate_score` VALUES ('291', '54', '11', '1');
INSERT INTO `evaluate_score` VALUES ('292', '54', '12', '1');
INSERT INTO `evaluate_score` VALUES ('293', '54', '13', '1');
INSERT INTO `evaluate_score` VALUES ('294', '54', '14', '1');
INSERT INTO `evaluate_score` VALUES ('295', '54', '15', '1');
INSERT INTO `evaluate_score` VALUES ('296', '54', '16', '1');
INSERT INTO `evaluate_score` VALUES ('297', '54', '17', '1');
INSERT INTO `evaluate_score` VALUES ('298', '54', '18', '1');
INSERT INTO `evaluate_score` VALUES ('299', '54', '19', '1');
INSERT INTO `evaluate_score` VALUES ('300', '54', '20', '1');
INSERT INTO `evaluate_score` VALUES ('301', '54', '21', '1');
INSERT INTO `evaluate_score` VALUES ('302', '54', '22', '1');
INSERT INTO `evaluate_score` VALUES ('303', '54', '23', '1');
INSERT INTO `evaluate_score` VALUES ('304', '54', '24', '1');
INSERT INTO `evaluate_score` VALUES ('305', '54', '25', '1');
INSERT INTO `evaluate_score` VALUES ('306', '54', '26', '1');
INSERT INTO `evaluate_score` VALUES ('307', '54', '27', '1');
INSERT INTO `evaluate_score` VALUES ('308', '54', '28', '');
INSERT INTO `evaluate_score` VALUES ('309', '54', '29', '');
INSERT INTO `evaluate_score` VALUES ('310', '54', '30', '');
INSERT INTO `evaluate_score` VALUES ('311', '54', '31', '');
INSERT INTO `evaluate_score` VALUES ('312', '54', '32', '');
INSERT INTO `evaluate_score` VALUES ('313', '54', '33', '1');
INSERT INTO `evaluate_score` VALUES ('314', '54', '34', '1');
INSERT INTO `evaluate_score` VALUES ('315', '54', '35', '1');
INSERT INTO `evaluate_score` VALUES ('316', '37', '1', '1');
INSERT INTO `evaluate_score` VALUES ('317', '37', '2', '1');
INSERT INTO `evaluate_score` VALUES ('318', '37', '3', '1');
INSERT INTO `evaluate_score` VALUES ('319', '37', '4', '1');
INSERT INTO `evaluate_score` VALUES ('320', '37', '5', '1');
INSERT INTO `evaluate_score` VALUES ('321', '37', '6', '1');
INSERT INTO `evaluate_score` VALUES ('322', '37', '7', '1');
INSERT INTO `evaluate_score` VALUES ('323', '37', '8', '1');
INSERT INTO `evaluate_score` VALUES ('324', '37', '9', '1');
INSERT INTO `evaluate_score` VALUES ('325', '37', '10', '1');
INSERT INTO `evaluate_score` VALUES ('326', '37', '11', '1');
INSERT INTO `evaluate_score` VALUES ('327', '37', '12', '1');
INSERT INTO `evaluate_score` VALUES ('328', '37', '13', '1');
INSERT INTO `evaluate_score` VALUES ('329', '37', '14', '1');
INSERT INTO `evaluate_score` VALUES ('330', '37', '15', '1');
INSERT INTO `evaluate_score` VALUES ('331', '37', '16', '1');
INSERT INTO `evaluate_score` VALUES ('332', '37', '17', '1');
INSERT INTO `evaluate_score` VALUES ('333', '37', '18', '1');
INSERT INTO `evaluate_score` VALUES ('334', '37', '19', '1');
INSERT INTO `evaluate_score` VALUES ('335', '37', '20', '1');
INSERT INTO `evaluate_score` VALUES ('336', '37', '21', '1');
INSERT INTO `evaluate_score` VALUES ('337', '37', '22', '1');
INSERT INTO `evaluate_score` VALUES ('338', '37', '23', '1');
INSERT INTO `evaluate_score` VALUES ('339', '37', '24', '1');
INSERT INTO `evaluate_score` VALUES ('340', '37', '25', '1');
INSERT INTO `evaluate_score` VALUES ('341', '37', '26', '1');
INSERT INTO `evaluate_score` VALUES ('342', '37', '27', '1');
INSERT INTO `evaluate_score` VALUES ('343', '37', '28', '');
INSERT INTO `evaluate_score` VALUES ('344', '37', '29', '');
INSERT INTO `evaluate_score` VALUES ('345', '37', '30', '');
INSERT INTO `evaluate_score` VALUES ('346', '37', '31', '');
INSERT INTO `evaluate_score` VALUES ('347', '37', '32', '');
INSERT INTO `evaluate_score` VALUES ('348', '37', '33', '1');
INSERT INTO `evaluate_score` VALUES ('349', '37', '34', '1');
INSERT INTO `evaluate_score` VALUES ('350', '37', '35', '1');
INSERT INTO `evaluate_score` VALUES ('351', '38', '1', '1');
INSERT INTO `evaluate_score` VALUES ('352', '38', '2', '1');
INSERT INTO `evaluate_score` VALUES ('353', '38', '3', '1');
INSERT INTO `evaluate_score` VALUES ('354', '38', '4', '1');
INSERT INTO `evaluate_score` VALUES ('355', '38', '5', '1');
INSERT INTO `evaluate_score` VALUES ('356', '38', '6', '1');
INSERT INTO `evaluate_score` VALUES ('357', '38', '7', '1');
INSERT INTO `evaluate_score` VALUES ('358', '38', '8', '1');
INSERT INTO `evaluate_score` VALUES ('359', '38', '9', '1');
INSERT INTO `evaluate_score` VALUES ('360', '38', '1', '1');
INSERT INTO `evaluate_score` VALUES ('361', '38', '2', '1');
INSERT INTO `evaluate_score` VALUES ('362', '38', '3', '1');
INSERT INTO `evaluate_score` VALUES ('363', '38', '4', '1');
INSERT INTO `evaluate_score` VALUES ('364', '38', '5', '1');
INSERT INTO `evaluate_score` VALUES ('365', '38', '6', '1');
INSERT INTO `evaluate_score` VALUES ('366', '38', '7', '1');
INSERT INTO `evaluate_score` VALUES ('367', '38', '8', '1');
INSERT INTO `evaluate_score` VALUES ('368', '38', '9', '1');
INSERT INTO `evaluate_score` VALUES ('369', '38', '10', '1');
INSERT INTO `evaluate_score` VALUES ('370', '38', '11', '1');
INSERT INTO `evaluate_score` VALUES ('371', '38', '12', '1');
INSERT INTO `evaluate_score` VALUES ('372', '38', '13', '1');
INSERT INTO `evaluate_score` VALUES ('373', '38', '14', '1');
INSERT INTO `evaluate_score` VALUES ('374', '38', '15', '1');
INSERT INTO `evaluate_score` VALUES ('375', '38', '16', '1');
INSERT INTO `evaluate_score` VALUES ('376', '38', '17', '1');
INSERT INTO `evaluate_score` VALUES ('377', '38', '18', '1');
INSERT INTO `evaluate_score` VALUES ('378', '38', '19', '1');
INSERT INTO `evaluate_score` VALUES ('379', '38', '20', '1');
INSERT INTO `evaluate_score` VALUES ('380', '38', '21', '1');
INSERT INTO `evaluate_score` VALUES ('381', '38', '22', '1');
INSERT INTO `evaluate_score` VALUES ('382', '38', '23', '1');
INSERT INTO `evaluate_score` VALUES ('383', '38', '24', '1');
INSERT INTO `evaluate_score` VALUES ('384', '38', '25', '1');
INSERT INTO `evaluate_score` VALUES ('385', '38', '26', '1');
INSERT INTO `evaluate_score` VALUES ('386', '38', '27', '1');
INSERT INTO `evaluate_score` VALUES ('387', '38', '28', '');
INSERT INTO `evaluate_score` VALUES ('388', '38', '29', '');
INSERT INTO `evaluate_score` VALUES ('389', '38', '30', '');
INSERT INTO `evaluate_score` VALUES ('390', '38', '31', '');
INSERT INTO `evaluate_score` VALUES ('391', '38', '32', '');
INSERT INTO `evaluate_score` VALUES ('392', '38', '33', '1');
INSERT INTO `evaluate_score` VALUES ('393', '38', '34', '1');
INSERT INTO `evaluate_score` VALUES ('394', '38', '35', '1');
INSERT INTO `evaluate_score` VALUES ('395', '34', '1', '1');
INSERT INTO `evaluate_score` VALUES ('396', '34', '2', '1');
INSERT INTO `evaluate_score` VALUES ('397', '34', '3', '1');
INSERT INTO `evaluate_score` VALUES ('398', '34', '4', '1');
INSERT INTO `evaluate_score` VALUES ('399', '34', '5', '1');
INSERT INTO `evaluate_score` VALUES ('400', '34', '6', '1');
INSERT INTO `evaluate_score` VALUES ('401', '34', '7', '1');
INSERT INTO `evaluate_score` VALUES ('402', '34', '8', '1');
INSERT INTO `evaluate_score` VALUES ('403', '34', '9', '1');
INSERT INTO `evaluate_score` VALUES ('404', '34', '10', '1');
INSERT INTO `evaluate_score` VALUES ('405', '34', '11', '1');
INSERT INTO `evaluate_score` VALUES ('406', '34', '12', '1');
INSERT INTO `evaluate_score` VALUES ('407', '34', '13', '1');
INSERT INTO `evaluate_score` VALUES ('408', '34', '14', '1');
INSERT INTO `evaluate_score` VALUES ('409', '34', '15', '1');
INSERT INTO `evaluate_score` VALUES ('410', '34', '16', '1');
INSERT INTO `evaluate_score` VALUES ('411', '34', '17', '1');
INSERT INTO `evaluate_score` VALUES ('412', '34', '18', '1');
INSERT INTO `evaluate_score` VALUES ('413', '34', '19', '1');
INSERT INTO `evaluate_score` VALUES ('414', '34', '20', '1');
INSERT INTO `evaluate_score` VALUES ('415', '34', '21', '1');
INSERT INTO `evaluate_score` VALUES ('416', '34', '22', '1');
INSERT INTO `evaluate_score` VALUES ('417', '34', '23', '1');
INSERT INTO `evaluate_score` VALUES ('418', '34', '24', '1');
INSERT INTO `evaluate_score` VALUES ('419', '34', '25', '1');
INSERT INTO `evaluate_score` VALUES ('420', '34', '26', '1');
INSERT INTO `evaluate_score` VALUES ('421', '34', '27', '1');
INSERT INTO `evaluate_score` VALUES ('422', '34', '28', '');
INSERT INTO `evaluate_score` VALUES ('423', '34', '29', '');
INSERT INTO `evaluate_score` VALUES ('424', '34', '30', '');
INSERT INTO `evaluate_score` VALUES ('425', '34', '31', '');
INSERT INTO `evaluate_score` VALUES ('426', '34', '32', '');
INSERT INTO `evaluate_score` VALUES ('427', '34', '33', '1');
INSERT INTO `evaluate_score` VALUES ('428', '34', '34', '1');
INSERT INTO `evaluate_score` VALUES ('429', '34', '35', '1');
INSERT INTO `evaluate_score` VALUES ('430', '20', '1', '1');
INSERT INTO `evaluate_score` VALUES ('431', '20', '2', '1');
INSERT INTO `evaluate_score` VALUES ('432', '20', '3', '1');
INSERT INTO `evaluate_score` VALUES ('433', '20', '4', '1');
INSERT INTO `evaluate_score` VALUES ('434', '20', '5', '1');
INSERT INTO `evaluate_score` VALUES ('435', '20', '6', '1');
INSERT INTO `evaluate_score` VALUES ('436', '20', '7', '1');
INSERT INTO `evaluate_score` VALUES ('437', '20', '8', '1');
INSERT INTO `evaluate_score` VALUES ('438', '20', '9', '1');
INSERT INTO `evaluate_score` VALUES ('439', '20', '10', '1');
INSERT INTO `evaluate_score` VALUES ('440', '20', '11', '1');
INSERT INTO `evaluate_score` VALUES ('441', '20', '12', '1');
INSERT INTO `evaluate_score` VALUES ('442', '20', '13', '1');
INSERT INTO `evaluate_score` VALUES ('443', '20', '14', '1');
INSERT INTO `evaluate_score` VALUES ('444', '20', '15', '1');
INSERT INTO `evaluate_score` VALUES ('445', '20', '16', '1');
INSERT INTO `evaluate_score` VALUES ('446', '20', '17', '1');
INSERT INTO `evaluate_score` VALUES ('447', '20', '18', '1');
INSERT INTO `evaluate_score` VALUES ('448', '20', '19', '1');
INSERT INTO `evaluate_score` VALUES ('449', '20', '20', '1');
INSERT INTO `evaluate_score` VALUES ('450', '20', '21', '1');
INSERT INTO `evaluate_score` VALUES ('451', '20', '22', '1');
INSERT INTO `evaluate_score` VALUES ('452', '20', '23', '1');
INSERT INTO `evaluate_score` VALUES ('453', '20', '24', '1');
INSERT INTO `evaluate_score` VALUES ('454', '20', '25', '1');
INSERT INTO `evaluate_score` VALUES ('455', '20', '26', '1');
INSERT INTO `evaluate_score` VALUES ('456', '20', '27', '1');
INSERT INTO `evaluate_score` VALUES ('457', '20', '28', '无');
INSERT INTO `evaluate_score` VALUES ('458', '20', '29', '无');
INSERT INTO `evaluate_score` VALUES ('459', '20', '30', '无');
INSERT INTO `evaluate_score` VALUES ('460', '20', '31', '无');
INSERT INTO `evaluate_score` VALUES ('461', '20', '32', '');
INSERT INTO `evaluate_score` VALUES ('462', '20', '33', '1');
INSERT INTO `evaluate_score` VALUES ('463', '20', '34', '1');
INSERT INTO `evaluate_score` VALUES ('464', '20', '35', '1');
INSERT INTO `evaluate_score` VALUES ('465', '20', '1', '1');
INSERT INTO `evaluate_score` VALUES ('466', '20', '2', '1');
INSERT INTO `evaluate_score` VALUES ('467', '20', '3', '1');
INSERT INTO `evaluate_score` VALUES ('468', '20', '4', '1');
INSERT INTO `evaluate_score` VALUES ('469', '20', '5', '1');
INSERT INTO `evaluate_score` VALUES ('470', '20', '6', '1');
INSERT INTO `evaluate_score` VALUES ('471', '20', '7', '1');
INSERT INTO `evaluate_score` VALUES ('472', '20', '8', '1');
INSERT INTO `evaluate_score` VALUES ('473', '20', '9', '1');
INSERT INTO `evaluate_score` VALUES ('474', '20', '10', '1');
INSERT INTO `evaluate_score` VALUES ('475', '20', '11', '1');
INSERT INTO `evaluate_score` VALUES ('476', '20', '12', '1');
INSERT INTO `evaluate_score` VALUES ('477', '20', '13', '1');
INSERT INTO `evaluate_score` VALUES ('478', '20', '14', '1');
INSERT INTO `evaluate_score` VALUES ('479', '20', '15', '1');
INSERT INTO `evaluate_score` VALUES ('480', '20', '16', '1');
INSERT INTO `evaluate_score` VALUES ('481', '20', '17', '1');
INSERT INTO `evaluate_score` VALUES ('482', '20', '18', '1');
INSERT INTO `evaluate_score` VALUES ('483', '20', '19', '1');
INSERT INTO `evaluate_score` VALUES ('484', '20', '20', '1');
INSERT INTO `evaluate_score` VALUES ('485', '20', '21', '1');
INSERT INTO `evaluate_score` VALUES ('486', '20', '22', '1');
INSERT INTO `evaluate_score` VALUES ('487', '20', '23', '1');
INSERT INTO `evaluate_score` VALUES ('488', '20', '24', '1');
INSERT INTO `evaluate_score` VALUES ('489', '20', '25', '1');
INSERT INTO `evaluate_score` VALUES ('490', '20', '26', '1');
INSERT INTO `evaluate_score` VALUES ('491', '20', '27', '1');
INSERT INTO `evaluate_score` VALUES ('492', '20', '28', '无');
INSERT INTO `evaluate_score` VALUES ('493', '20', '29', '无');
INSERT INTO `evaluate_score` VALUES ('494', '20', '30', '无');
INSERT INTO `evaluate_score` VALUES ('495', '20', '31', '无');
INSERT INTO `evaluate_score` VALUES ('496', '20', '32', '');
INSERT INTO `evaluate_score` VALUES ('497', '20', '33', '1');
INSERT INTO `evaluate_score` VALUES ('498', '20', '34', '1');
INSERT INTO `evaluate_score` VALUES ('499', '20', '35', '1');
INSERT INTO `evaluate_score` VALUES ('500', '19', '1', '1');
INSERT INTO `evaluate_score` VALUES ('501', '19', '2', '1');
INSERT INTO `evaluate_score` VALUES ('502', '19', '3', '1');
INSERT INTO `evaluate_score` VALUES ('503', '19', '4', '1');
INSERT INTO `evaluate_score` VALUES ('504', '19', '5', '1');
INSERT INTO `evaluate_score` VALUES ('505', '19', '6', '1');
INSERT INTO `evaluate_score` VALUES ('506', '19', '7', '1');
INSERT INTO `evaluate_score` VALUES ('507', '19', '8', '1');
INSERT INTO `evaluate_score` VALUES ('508', '19', '9', '1');
INSERT INTO `evaluate_score` VALUES ('509', '19', '10', '1');
INSERT INTO `evaluate_score` VALUES ('510', '19', '11', '1');
INSERT INTO `evaluate_score` VALUES ('511', '19', '12', '1');
INSERT INTO `evaluate_score` VALUES ('512', '19', '13', '1');
INSERT INTO `evaluate_score` VALUES ('513', '19', '14', '1');
INSERT INTO `evaluate_score` VALUES ('514', '19', '15', '1');
INSERT INTO `evaluate_score` VALUES ('515', '19', '16', '1');
INSERT INTO `evaluate_score` VALUES ('516', '19', '17', '1');
INSERT INTO `evaluate_score` VALUES ('517', '19', '18', '1');
INSERT INTO `evaluate_score` VALUES ('518', '19', '19', '1');
INSERT INTO `evaluate_score` VALUES ('519', '19', '20', '1');
INSERT INTO `evaluate_score` VALUES ('520', '19', '21', '1');
INSERT INTO `evaluate_score` VALUES ('521', '19', '22', '1');
INSERT INTO `evaluate_score` VALUES ('522', '19', '23', '1');
INSERT INTO `evaluate_score` VALUES ('523', '19', '24', '1');
INSERT INTO `evaluate_score` VALUES ('524', '19', '25', '1');
INSERT INTO `evaluate_score` VALUES ('525', '19', '26', '1');
INSERT INTO `evaluate_score` VALUES ('526', '19', '27', '1');
INSERT INTO `evaluate_score` VALUES ('527', '19', '28', '');
INSERT INTO `evaluate_score` VALUES ('528', '19', '29', '');
INSERT INTO `evaluate_score` VALUES ('529', '19', '30', '');
INSERT INTO `evaluate_score` VALUES ('530', '19', '31', '');
INSERT INTO `evaluate_score` VALUES ('531', '19', '32', '');
INSERT INTO `evaluate_score` VALUES ('532', '19', '33', '1');
INSERT INTO `evaluate_score` VALUES ('533', '19', '34', '1');
INSERT INTO `evaluate_score` VALUES ('534', '19', '35', '1');
INSERT INTO `evaluate_score` VALUES ('535', '26', '1', '1');
INSERT INTO `evaluate_score` VALUES ('536', '26', '2', '1');
INSERT INTO `evaluate_score` VALUES ('537', '26', '3', '1');
INSERT INTO `evaluate_score` VALUES ('538', '26', '4', '1');
INSERT INTO `evaluate_score` VALUES ('539', '26', '5', '1');
INSERT INTO `evaluate_score` VALUES ('540', '26', '6', '1');
INSERT INTO `evaluate_score` VALUES ('541', '26', '7', '1');
INSERT INTO `evaluate_score` VALUES ('542', '26', '8', '1');
INSERT INTO `evaluate_score` VALUES ('543', '26', '9', '1');
INSERT INTO `evaluate_score` VALUES ('544', '26', '10', '1');
INSERT INTO `evaluate_score` VALUES ('545', '26', '11', '1');
INSERT INTO `evaluate_score` VALUES ('546', '26', '12', '1');
INSERT INTO `evaluate_score` VALUES ('547', '26', '13', '1');
INSERT INTO `evaluate_score` VALUES ('548', '26', '14', '1');
INSERT INTO `evaluate_score` VALUES ('549', '26', '15', '1');
INSERT INTO `evaluate_score` VALUES ('550', '26', '16', '1');
INSERT INTO `evaluate_score` VALUES ('551', '26', '17', '1');
INSERT INTO `evaluate_score` VALUES ('552', '26', '18', '1');
INSERT INTO `evaluate_score` VALUES ('553', '26', '19', '1');
INSERT INTO `evaluate_score` VALUES ('554', '26', '20', '1');
INSERT INTO `evaluate_score` VALUES ('555', '26', '21', '1');
INSERT INTO `evaluate_score` VALUES ('556', '26', '22', '1');
INSERT INTO `evaluate_score` VALUES ('557', '26', '23', '1');
INSERT INTO `evaluate_score` VALUES ('558', '26', '24', '1');
INSERT INTO `evaluate_score` VALUES ('559', '26', '25', '1');
INSERT INTO `evaluate_score` VALUES ('560', '26', '26', '1');
INSERT INTO `evaluate_score` VALUES ('561', '26', '27', '1');
INSERT INTO `evaluate_score` VALUES ('562', '26', '28', '');
INSERT INTO `evaluate_score` VALUES ('563', '26', '29', '');
INSERT INTO `evaluate_score` VALUES ('564', '26', '30', '');
INSERT INTO `evaluate_score` VALUES ('565', '26', '31', '');
INSERT INTO `evaluate_score` VALUES ('566', '26', '32', '');
INSERT INTO `evaluate_score` VALUES ('567', '26', '33', '1');
INSERT INTO `evaluate_score` VALUES ('568', '26', '34', '1');
INSERT INTO `evaluate_score` VALUES ('569', '26', '35', '1');
INSERT INTO `evaluate_score` VALUES ('570', '23', '1', '1');
INSERT INTO `evaluate_score` VALUES ('571', '23', '2', '1');
INSERT INTO `evaluate_score` VALUES ('572', '23', '3', '1');
INSERT INTO `evaluate_score` VALUES ('573', '23', '4', '1');
INSERT INTO `evaluate_score` VALUES ('574', '23', '5', '1');
INSERT INTO `evaluate_score` VALUES ('575', '23', '6', '1');
INSERT INTO `evaluate_score` VALUES ('576', '23', '7', '1');
INSERT INTO `evaluate_score` VALUES ('577', '23', '8', '1');
INSERT INTO `evaluate_score` VALUES ('578', '23', '9', '1');
INSERT INTO `evaluate_score` VALUES ('579', '23', '10', '1');
INSERT INTO `evaluate_score` VALUES ('580', '23', '11', '1');
INSERT INTO `evaluate_score` VALUES ('581', '23', '12', '1');
INSERT INTO `evaluate_score` VALUES ('582', '23', '13', '1');
INSERT INTO `evaluate_score` VALUES ('583', '23', '14', '1');
INSERT INTO `evaluate_score` VALUES ('584', '23', '15', '1');
INSERT INTO `evaluate_score` VALUES ('585', '23', '16', '1');
INSERT INTO `evaluate_score` VALUES ('586', '23', '17', '1');
INSERT INTO `evaluate_score` VALUES ('587', '23', '18', '1');
INSERT INTO `evaluate_score` VALUES ('588', '23', '19', '1');
INSERT INTO `evaluate_score` VALUES ('589', '23', '20', '1');
INSERT INTO `evaluate_score` VALUES ('590', '23', '21', '1');
INSERT INTO `evaluate_score` VALUES ('591', '23', '22', '1');
INSERT INTO `evaluate_score` VALUES ('592', '23', '23', '1');
INSERT INTO `evaluate_score` VALUES ('593', '23', '24', '1');
INSERT INTO `evaluate_score` VALUES ('594', '23', '25', '1');
INSERT INTO `evaluate_score` VALUES ('595', '23', '26', '1');
INSERT INTO `evaluate_score` VALUES ('596', '23', '27', '1');
INSERT INTO `evaluate_score` VALUES ('597', '23', '28', '无');
INSERT INTO `evaluate_score` VALUES ('598', '23', '29', '无');
INSERT INTO `evaluate_score` VALUES ('599', '23', '30', '无');
INSERT INTO `evaluate_score` VALUES ('600', '23', '31', '无');
INSERT INTO `evaluate_score` VALUES ('601', '23', '32', '');
INSERT INTO `evaluate_score` VALUES ('602', '23', '33', '1');
INSERT INTO `evaluate_score` VALUES ('603', '23', '34', '1');
INSERT INTO `evaluate_score` VALUES ('604', '23', '35', '1');
INSERT INTO `evaluate_score` VALUES ('605', '16', '1', '1');
INSERT INTO `evaluate_score` VALUES ('606', '16', '1', '1');
INSERT INTO `evaluate_score` VALUES ('607', '16', '2', '1');
INSERT INTO `evaluate_score` VALUES ('608', '16', '3', '1');
INSERT INTO `evaluate_score` VALUES ('609', '16', '4', '1');
INSERT INTO `evaluate_score` VALUES ('610', '16', '5', '1');
INSERT INTO `evaluate_score` VALUES ('611', '16', '6', '1');
INSERT INTO `evaluate_score` VALUES ('612', '16', '7', '1');
INSERT INTO `evaluate_score` VALUES ('613', '16', '8', '1');
INSERT INTO `evaluate_score` VALUES ('614', '16', '9', '1');
INSERT INTO `evaluate_score` VALUES ('615', '16', '10', '1');
INSERT INTO `evaluate_score` VALUES ('616', '16', '11', '1');
INSERT INTO `evaluate_score` VALUES ('617', '16', '12', '1');
INSERT INTO `evaluate_score` VALUES ('618', '16', '13', '1');
INSERT INTO `evaluate_score` VALUES ('619', '16', '14', '1');
INSERT INTO `evaluate_score` VALUES ('620', '16', '15', '1');
INSERT INTO `evaluate_score` VALUES ('621', '16', '16', '1');
INSERT INTO `evaluate_score` VALUES ('622', '16', '17', '1');
INSERT INTO `evaluate_score` VALUES ('623', '16', '18', '1');
INSERT INTO `evaluate_score` VALUES ('624', '16', '19', '1');
INSERT INTO `evaluate_score` VALUES ('625', '16', '20', '1');
INSERT INTO `evaluate_score` VALUES ('626', '16', '21', '1');
INSERT INTO `evaluate_score` VALUES ('627', '16', '22', '1');
INSERT INTO `evaluate_score` VALUES ('628', '16', '23', '1');
INSERT INTO `evaluate_score` VALUES ('629', '16', '24', '1');
INSERT INTO `evaluate_score` VALUES ('630', '16', '25', '1');
INSERT INTO `evaluate_score` VALUES ('631', '16', '26', '1');
INSERT INTO `evaluate_score` VALUES ('632', '16', '27', '1');
INSERT INTO `evaluate_score` VALUES ('633', '16', '28', '很好');
INSERT INTO `evaluate_score` VALUES ('634', '16', '29', '好');
INSERT INTO `evaluate_score` VALUES ('635', '16', '30', '好');
INSERT INTO `evaluate_score` VALUES ('636', '16', '31', '好');
INSERT INTO `evaluate_score` VALUES ('637', '16', '32', '');
INSERT INTO `evaluate_score` VALUES ('638', '16', '33', '1');
INSERT INTO `evaluate_score` VALUES ('639', '16', '34', '1');
INSERT INTO `evaluate_score` VALUES ('640', '16', '35', '1');
INSERT INTO `evaluate_score` VALUES ('641', '16', '1', '1');
INSERT INTO `evaluate_score` VALUES ('642', '16', '2', '1');
INSERT INTO `evaluate_score` VALUES ('643', '16', '3', '1');
INSERT INTO `evaluate_score` VALUES ('644', '16', '4', '1');
INSERT INTO `evaluate_score` VALUES ('645', '16', '5', '1');
INSERT INTO `evaluate_score` VALUES ('646', '16', '6', '1');
INSERT INTO `evaluate_score` VALUES ('647', '16', '7', '1');
INSERT INTO `evaluate_score` VALUES ('648', '16', '8', '1');
INSERT INTO `evaluate_score` VALUES ('649', '16', '9', '1');
INSERT INTO `evaluate_score` VALUES ('650', '16', '10', '1');
INSERT INTO `evaluate_score` VALUES ('651', '16', '11', '1');
INSERT INTO `evaluate_score` VALUES ('652', '16', '12', '1');
INSERT INTO `evaluate_score` VALUES ('653', '16', '13', '1');
INSERT INTO `evaluate_score` VALUES ('654', '16', '14', '1');
INSERT INTO `evaluate_score` VALUES ('655', '16', '15', '1');
INSERT INTO `evaluate_score` VALUES ('656', '16', '16', '1');
INSERT INTO `evaluate_score` VALUES ('657', '16', '17', '1');
INSERT INTO `evaluate_score` VALUES ('658', '16', '18', '1');
INSERT INTO `evaluate_score` VALUES ('659', '16', '19', '1');
INSERT INTO `evaluate_score` VALUES ('660', '16', '20', '1');
INSERT INTO `evaluate_score` VALUES ('661', '16', '21', '1');
INSERT INTO `evaluate_score` VALUES ('662', '16', '22', '1');
INSERT INTO `evaluate_score` VALUES ('663', '16', '23', '1');
INSERT INTO `evaluate_score` VALUES ('664', '16', '24', '1');
INSERT INTO `evaluate_score` VALUES ('665', '16', '25', '1');
INSERT INTO `evaluate_score` VALUES ('666', '16', '26', '1');
INSERT INTO `evaluate_score` VALUES ('667', '16', '27', '1');
INSERT INTO `evaluate_score` VALUES ('668', '16', '28', '很好');
INSERT INTO `evaluate_score` VALUES ('669', '16', '29', '好');
INSERT INTO `evaluate_score` VALUES ('670', '16', '30', '好');
INSERT INTO `evaluate_score` VALUES ('671', '16', '31', '好');
INSERT INTO `evaluate_score` VALUES ('672', '16', '32', '');
INSERT INTO `evaluate_score` VALUES ('673', '16', '33', '1');
INSERT INTO `evaluate_score` VALUES ('674', '16', '34', '1');
INSERT INTO `evaluate_score` VALUES ('675', '16', '35', '1');
INSERT INTO `evaluate_score` VALUES ('676', '43', '1', '1');
INSERT INTO `evaluate_score` VALUES ('677', '43', '2', '1');
INSERT INTO `evaluate_score` VALUES ('678', '43', '3', '1');
INSERT INTO `evaluate_score` VALUES ('679', '43', '4', '1');
INSERT INTO `evaluate_score` VALUES ('680', '43', '5', '1');
INSERT INTO `evaluate_score` VALUES ('681', '43', '6', '1');
INSERT INTO `evaluate_score` VALUES ('682', '43', '7', '1');
INSERT INTO `evaluate_score` VALUES ('683', '43', '8', '1');
INSERT INTO `evaluate_score` VALUES ('684', '43', '9', '1');
INSERT INTO `evaluate_score` VALUES ('685', '43', '10', '1');
INSERT INTO `evaluate_score` VALUES ('686', '43', '11', '1');
INSERT INTO `evaluate_score` VALUES ('687', '43', '12', '1');
INSERT INTO `evaluate_score` VALUES ('688', '43', '13', '1');
INSERT INTO `evaluate_score` VALUES ('689', '43', '14', '1');
INSERT INTO `evaluate_score` VALUES ('690', '43', '15', '1');
INSERT INTO `evaluate_score` VALUES ('691', '43', '16', '1');
INSERT INTO `evaluate_score` VALUES ('692', '43', '17', '1');
INSERT INTO `evaluate_score` VALUES ('693', '43', '18', '1');
INSERT INTO `evaluate_score` VALUES ('694', '43', '19', '1');
INSERT INTO `evaluate_score` VALUES ('695', '43', '20', '1');
INSERT INTO `evaluate_score` VALUES ('696', '43', '21', '1');
INSERT INTO `evaluate_score` VALUES ('697', '43', '22', '1');
INSERT INTO `evaluate_score` VALUES ('698', '43', '23', '1');
INSERT INTO `evaluate_score` VALUES ('699', '43', '24', '1');
INSERT INTO `evaluate_score` VALUES ('700', '43', '25', '1');
INSERT INTO `evaluate_score` VALUES ('701', '43', '26', '1');
INSERT INTO `evaluate_score` VALUES ('702', '43', '27', '1');
INSERT INTO `evaluate_score` VALUES ('703', '43', '28', '');
INSERT INTO `evaluate_score` VALUES ('704', '43', '29', '');
INSERT INTO `evaluate_score` VALUES ('705', '43', '30', '住宿伙食可以进一步改善，特别是住宿');
INSERT INTO `evaluate_score` VALUES ('706', '43', '31', '');
INSERT INTO `evaluate_score` VALUES ('707', '43', '32', '');
INSERT INTO `evaluate_score` VALUES ('708', '43', '33', '1');
INSERT INTO `evaluate_score` VALUES ('709', '43', '34', '1');
INSERT INTO `evaluate_score` VALUES ('710', '43', '35', '1');
INSERT INTO `evaluate_score` VALUES ('711', '22', '1', '1');
INSERT INTO `evaluate_score` VALUES ('712', '22', '2', '1');
INSERT INTO `evaluate_score` VALUES ('713', '22', '3', '1');
INSERT INTO `evaluate_score` VALUES ('714', '22', '4', '1');
INSERT INTO `evaluate_score` VALUES ('715', '22', '5', '1');
INSERT INTO `evaluate_score` VALUES ('716', '22', '6', '1');
INSERT INTO `evaluate_score` VALUES ('717', '22', '7', '1');
INSERT INTO `evaluate_score` VALUES ('718', '22', '8', '1');
INSERT INTO `evaluate_score` VALUES ('719', '22', '9', '1');
INSERT INTO `evaluate_score` VALUES ('720', '22', '10', '1');
INSERT INTO `evaluate_score` VALUES ('721', '22', '11', '1');
INSERT INTO `evaluate_score` VALUES ('722', '22', '12', '1');
INSERT INTO `evaluate_score` VALUES ('723', '22', '13', '1');
INSERT INTO `evaluate_score` VALUES ('724', '22', '14', '1');
INSERT INTO `evaluate_score` VALUES ('725', '22', '15', '1');
INSERT INTO `evaluate_score` VALUES ('726', '22', '16', '1');
INSERT INTO `evaluate_score` VALUES ('727', '22', '17', '1');
INSERT INTO `evaluate_score` VALUES ('728', '22', '18', '1');
INSERT INTO `evaluate_score` VALUES ('729', '22', '19', '1');
INSERT INTO `evaluate_score` VALUES ('730', '22', '20', '1');
INSERT INTO `evaluate_score` VALUES ('731', '22', '21', '1');
INSERT INTO `evaluate_score` VALUES ('732', '22', '22', '1');
INSERT INTO `evaluate_score` VALUES ('733', '22', '23', '1');
INSERT INTO `evaluate_score` VALUES ('734', '22', '24', '1');
INSERT INTO `evaluate_score` VALUES ('735', '22', '25', '1');
INSERT INTO `evaluate_score` VALUES ('736', '22', '26', '1');
INSERT INTO `evaluate_score` VALUES ('737', '22', '27', '1');
INSERT INTO `evaluate_score` VALUES ('738', '22', '28', '');
INSERT INTO `evaluate_score` VALUES ('739', '22', '29', '');
INSERT INTO `evaluate_score` VALUES ('740', '22', '30', '');
INSERT INTO `evaluate_score` VALUES ('741', '22', '31', '');
INSERT INTO `evaluate_score` VALUES ('742', '22', '32', '');
INSERT INTO `evaluate_score` VALUES ('743', '22', '33', '1');
INSERT INTO `evaluate_score` VALUES ('744', '22', '34', '1');
INSERT INTO `evaluate_score` VALUES ('745', '22', '35', '1');
INSERT INTO `evaluate_score` VALUES ('746', '18', '1', '1');
INSERT INTO `evaluate_score` VALUES ('747', '18', '2', '1');
INSERT INTO `evaluate_score` VALUES ('748', '18', '3', '1');
INSERT INTO `evaluate_score` VALUES ('749', '18', '4', '1');
INSERT INTO `evaluate_score` VALUES ('750', '18', '5', '1');
INSERT INTO `evaluate_score` VALUES ('751', '18', '6', '1');
INSERT INTO `evaluate_score` VALUES ('752', '18', '7', '1');
INSERT INTO `evaluate_score` VALUES ('753', '18', '8', '1');
INSERT INTO `evaluate_score` VALUES ('754', '18', '9', '1');
INSERT INTO `evaluate_score` VALUES ('755', '18', '10', '1');
INSERT INTO `evaluate_score` VALUES ('756', '18', '11', '1');
INSERT INTO `evaluate_score` VALUES ('757', '18', '12', '1');
INSERT INTO `evaluate_score` VALUES ('758', '18', '13', '1');
INSERT INTO `evaluate_score` VALUES ('759', '18', '14', '1');
INSERT INTO `evaluate_score` VALUES ('760', '18', '15', '1');
INSERT INTO `evaluate_score` VALUES ('761', '18', '16', '1');
INSERT INTO `evaluate_score` VALUES ('762', '18', '17', '1');
INSERT INTO `evaluate_score` VALUES ('763', '18', '18', '1');
INSERT INTO `evaluate_score` VALUES ('764', '18', '19', '1');
INSERT INTO `evaluate_score` VALUES ('765', '18', '20', '1');
INSERT INTO `evaluate_score` VALUES ('766', '18', '21', '1');
INSERT INTO `evaluate_score` VALUES ('767', '18', '22', '1');
INSERT INTO `evaluate_score` VALUES ('768', '18', '23', '1');
INSERT INTO `evaluate_score` VALUES ('769', '18', '24', '1');
INSERT INTO `evaluate_score` VALUES ('770', '18', '1', '1');
INSERT INTO `evaluate_score` VALUES ('771', '18', '25', '1');
INSERT INTO `evaluate_score` VALUES ('772', '18', '2', '1');
INSERT INTO `evaluate_score` VALUES ('773', '18', '26', '1');
INSERT INTO `evaluate_score` VALUES ('774', '18', '3', '1');
INSERT INTO `evaluate_score` VALUES ('775', '18', '27', '1');
INSERT INTO `evaluate_score` VALUES ('776', '18', '4', '1');
INSERT INTO `evaluate_score` VALUES ('777', '18', '28', '希望课时可以再长些，毕竟题库量很大');
INSERT INTO `evaluate_score` VALUES ('778', '18', '1', '1');
INSERT INTO `evaluate_score` VALUES ('779', '18', '2', '1');
INSERT INTO `evaluate_score` VALUES ('780', '18', '3', '1');
INSERT INTO `evaluate_score` VALUES ('781', '18', '4', '1');
INSERT INTO `evaluate_score` VALUES ('782', '18', '5', '1');
INSERT INTO `evaluate_score` VALUES ('783', '18', '6', '1');
INSERT INTO `evaluate_score` VALUES ('784', '18', '7', '1');
INSERT INTO `evaluate_score` VALUES ('785', '18', '8', '1');
INSERT INTO `evaluate_score` VALUES ('786', '18', '9', '1');
INSERT INTO `evaluate_score` VALUES ('787', '18', '10', '1');
INSERT INTO `evaluate_score` VALUES ('788', '18', '11', '1');
INSERT INTO `evaluate_score` VALUES ('789', '18', '12', '1');
INSERT INTO `evaluate_score` VALUES ('790', '18', '13', '1');
INSERT INTO `evaluate_score` VALUES ('791', '18', '14', '1');
INSERT INTO `evaluate_score` VALUES ('792', '18', '15', '1');
INSERT INTO `evaluate_score` VALUES ('793', '18', '16', '1');
INSERT INTO `evaluate_score` VALUES ('794', '18', '17', '1');
INSERT INTO `evaluate_score` VALUES ('795', '18', '18', '1');
INSERT INTO `evaluate_score` VALUES ('796', '18', '19', '1');
INSERT INTO `evaluate_score` VALUES ('797', '18', '20', '1');
INSERT INTO `evaluate_score` VALUES ('798', '18', '21', '1');
INSERT INTO `evaluate_score` VALUES ('799', '18', '22', '1');
INSERT INTO `evaluate_score` VALUES ('800', '18', '23', '1');
INSERT INTO `evaluate_score` VALUES ('801', '18', '24', '1');
INSERT INTO `evaluate_score` VALUES ('802', '18', '25', '1');
INSERT INTO `evaluate_score` VALUES ('803', '18', '26', '1');
INSERT INTO `evaluate_score` VALUES ('804', '18', '27', '1');
INSERT INTO `evaluate_score` VALUES ('805', '18', '28', '希望课时可以再长些，毕竟题库量很大');
INSERT INTO `evaluate_score` VALUES ('806', '18', '1', '1');
INSERT INTO `evaluate_score` VALUES ('807', '18', '29', '好');
INSERT INTO `evaluate_score` VALUES ('808', '18', '2', '1');
INSERT INTO `evaluate_score` VALUES ('809', '18', '30', '好');
INSERT INTO `evaluate_score` VALUES ('810', '18', '3', '1');
INSERT INTO `evaluate_score` VALUES ('811', '18', '31', '');
INSERT INTO `evaluate_score` VALUES ('812', '18', '4', '1');
INSERT INTO `evaluate_score` VALUES ('813', '18', '32', '');
INSERT INTO `evaluate_score` VALUES ('814', '18', '5', '1');
INSERT INTO `evaluate_score` VALUES ('815', '18', '33', '1');
INSERT INTO `evaluate_score` VALUES ('816', '18', '6', '1');
INSERT INTO `evaluate_score` VALUES ('817', '18', '34', '1');
INSERT INTO `evaluate_score` VALUES ('818', '18', '7', '1');
INSERT INTO `evaluate_score` VALUES ('819', '18', '35', '1');
INSERT INTO `evaluate_score` VALUES ('820', '18', '8', '1');
INSERT INTO `evaluate_score` VALUES ('821', '18', '9', '1');
INSERT INTO `evaluate_score` VALUES ('822', '18', '10', '1');
INSERT INTO `evaluate_score` VALUES ('823', '18', '11', '1');
INSERT INTO `evaluate_score` VALUES ('824', '18', '12', '1');
INSERT INTO `evaluate_score` VALUES ('825', '18', '13', '1');
INSERT INTO `evaluate_score` VALUES ('826', '18', '14', '1');
INSERT INTO `evaluate_score` VALUES ('827', '18', '15', '1');
INSERT INTO `evaluate_score` VALUES ('828', '18', '16', '1');
INSERT INTO `evaluate_score` VALUES ('829', '18', '17', '1');
INSERT INTO `evaluate_score` VALUES ('830', '18', '18', '1');
INSERT INTO `evaluate_score` VALUES ('831', '18', '19', '1');
INSERT INTO `evaluate_score` VALUES ('832', '18', '20', '1');
INSERT INTO `evaluate_score` VALUES ('833', '18', '21', '1');
INSERT INTO `evaluate_score` VALUES ('834', '18', '22', '1');
INSERT INTO `evaluate_score` VALUES ('835', '18', '23', '1');
INSERT INTO `evaluate_score` VALUES ('836', '18', '24', '1');
INSERT INTO `evaluate_score` VALUES ('837', '18', '25', '1');
INSERT INTO `evaluate_score` VALUES ('838', '18', '26', '1');
INSERT INTO `evaluate_score` VALUES ('839', '18', '27', '1');
INSERT INTO `evaluate_score` VALUES ('840', '18', '28', '希望课时可以再长些，毕竟题库量很大');
INSERT INTO `evaluate_score` VALUES ('841', '18', '29', '好');
INSERT INTO `evaluate_score` VALUES ('842', '18', '30', '好');
INSERT INTO `evaluate_score` VALUES ('843', '18', '31', '');
INSERT INTO `evaluate_score` VALUES ('844', '18', '32', '');
INSERT INTO `evaluate_score` VALUES ('845', '18', '33', '1');
INSERT INTO `evaluate_score` VALUES ('846', '18', '34', '1');
INSERT INTO `evaluate_score` VALUES ('847', '18', '35', '1');
INSERT INTO `evaluate_score` VALUES ('848', '21', '1', '1');
INSERT INTO `evaluate_score` VALUES ('849', '21', '2', '1');
INSERT INTO `evaluate_score` VALUES ('850', '21', '3', '1');
INSERT INTO `evaluate_score` VALUES ('851', '21', '4', '1');
INSERT INTO `evaluate_score` VALUES ('852', '21', '5', '1');
INSERT INTO `evaluate_score` VALUES ('853', '21', '6', '1');
INSERT INTO `evaluate_score` VALUES ('854', '21', '7', '1');
INSERT INTO `evaluate_score` VALUES ('855', '21', '8', '1');
INSERT INTO `evaluate_score` VALUES ('856', '21', '9', '1');
INSERT INTO `evaluate_score` VALUES ('857', '21', '10', '1');
INSERT INTO `evaluate_score` VALUES ('858', '21', '11', '1');
INSERT INTO `evaluate_score` VALUES ('859', '21', '12', '1');
INSERT INTO `evaluate_score` VALUES ('860', '21', '13', '1');
INSERT INTO `evaluate_score` VALUES ('861', '21', '14', '1');
INSERT INTO `evaluate_score` VALUES ('862', '21', '15', '1');
INSERT INTO `evaluate_score` VALUES ('863', '21', '1', '1');
INSERT INTO `evaluate_score` VALUES ('864', '21', '2', '1');
INSERT INTO `evaluate_score` VALUES ('865', '21', '3', '1');
INSERT INTO `evaluate_score` VALUES ('866', '21', '4', '1');
INSERT INTO `evaluate_score` VALUES ('867', '21', '5', '1');
INSERT INTO `evaluate_score` VALUES ('868', '21', '6', '1');
INSERT INTO `evaluate_score` VALUES ('869', '21', '7', '1');
INSERT INTO `evaluate_score` VALUES ('870', '21', '8', '1');
INSERT INTO `evaluate_score` VALUES ('871', '21', '9', '1');
INSERT INTO `evaluate_score` VALUES ('872', '21', '10', '1');
INSERT INTO `evaluate_score` VALUES ('873', '21', '11', '1');
INSERT INTO `evaluate_score` VALUES ('874', '21', '12', '1');
INSERT INTO `evaluate_score` VALUES ('875', '21', '13', '1');
INSERT INTO `evaluate_score` VALUES ('876', '21', '14', '1');
INSERT INTO `evaluate_score` VALUES ('877', '21', '15', '1');
INSERT INTO `evaluate_score` VALUES ('878', '21', '1', '1');
INSERT INTO `evaluate_score` VALUES ('879', '21', '2', '1');
INSERT INTO `evaluate_score` VALUES ('880', '21', '3', '1');
INSERT INTO `evaluate_score` VALUES ('881', '21', '4', '1');
INSERT INTO `evaluate_score` VALUES ('882', '21', '5', '1');
INSERT INTO `evaluate_score` VALUES ('883', '21', '6', '1');
INSERT INTO `evaluate_score` VALUES ('884', '21', '7', '1');
INSERT INTO `evaluate_score` VALUES ('885', '21', '8', '1');
INSERT INTO `evaluate_score` VALUES ('886', '21', '9', '1');
INSERT INTO `evaluate_score` VALUES ('887', '21', '10', '1');
INSERT INTO `evaluate_score` VALUES ('888', '21', '11', '1');
INSERT INTO `evaluate_score` VALUES ('889', '21', '12', '1');
INSERT INTO `evaluate_score` VALUES ('890', '21', '13', '1');
INSERT INTO `evaluate_score` VALUES ('891', '21', '14', '1');
INSERT INTO `evaluate_score` VALUES ('892', '21', '15', '1');
INSERT INTO `evaluate_score` VALUES ('893', '21', '16', '1');
INSERT INTO `evaluate_score` VALUES ('894', '21', '17', '1');
INSERT INTO `evaluate_score` VALUES ('895', '21', '18', '1');
INSERT INTO `evaluate_score` VALUES ('896', '21', '19', '1');
INSERT INTO `evaluate_score` VALUES ('897', '21', '20', '1');
INSERT INTO `evaluate_score` VALUES ('898', '21', '21', '1');
INSERT INTO `evaluate_score` VALUES ('899', '21', '22', '1');
INSERT INTO `evaluate_score` VALUES ('900', '21', '23', '1');
INSERT INTO `evaluate_score` VALUES ('901', '21', '24', '1');
INSERT INTO `evaluate_score` VALUES ('902', '21', '25', '1');
INSERT INTO `evaluate_score` VALUES ('903', '21', '26', '1');
INSERT INTO `evaluate_score` VALUES ('904', '21', '27', '1');
INSERT INTO `evaluate_score` VALUES ('905', '21', '28', '');
INSERT INTO `evaluate_score` VALUES ('906', '21', '29', '');
INSERT INTO `evaluate_score` VALUES ('907', '21', '30', '');
INSERT INTO `evaluate_score` VALUES ('908', '21', '31', '');
INSERT INTO `evaluate_score` VALUES ('909', '21', '32', '');
INSERT INTO `evaluate_score` VALUES ('910', '21', '33', '1');
INSERT INTO `evaluate_score` VALUES ('911', '21', '34', '1');
INSERT INTO `evaluate_score` VALUES ('912', '21', '1', '1');
INSERT INTO `evaluate_score` VALUES ('913', '21', '35', '1');
INSERT INTO `evaluate_score` VALUES ('914', '21', '2', '1');
INSERT INTO `evaluate_score` VALUES ('915', '21', '3', '1');
INSERT INTO `evaluate_score` VALUES ('916', '21', '4', '1');
INSERT INTO `evaluate_score` VALUES ('917', '21', '5', '1');
INSERT INTO `evaluate_score` VALUES ('918', '21', '6', '1');
INSERT INTO `evaluate_score` VALUES ('919', '21', '7', '1');
INSERT INTO `evaluate_score` VALUES ('920', '21', '8', '1');
INSERT INTO `evaluate_score` VALUES ('921', '21', '9', '1');
INSERT INTO `evaluate_score` VALUES ('922', '21', '10', '1');
INSERT INTO `evaluate_score` VALUES ('923', '21', '11', '1');
INSERT INTO `evaluate_score` VALUES ('924', '21', '12', '1');
INSERT INTO `evaluate_score` VALUES ('925', '21', '13', '1');
INSERT INTO `evaluate_score` VALUES ('926', '21', '14', '1');
INSERT INTO `evaluate_score` VALUES ('927', '33', '1', '1');
INSERT INTO `evaluate_score` VALUES ('928', '33', '2', '1');
INSERT INTO `evaluate_score` VALUES ('929', '33', '3', '1');
INSERT INTO `evaluate_score` VALUES ('930', '33', '4', '1');
INSERT INTO `evaluate_score` VALUES ('931', '33', '5', '1');
INSERT INTO `evaluate_score` VALUES ('932', '33', '6', '1');
INSERT INTO `evaluate_score` VALUES ('933', '33', '7', '1');
INSERT INTO `evaluate_score` VALUES ('934', '33', '8', '1');
INSERT INTO `evaluate_score` VALUES ('935', '33', '9', '1');
INSERT INTO `evaluate_score` VALUES ('936', '33', '10', '1');
INSERT INTO `evaluate_score` VALUES ('937', '33', '11', '1');
INSERT INTO `evaluate_score` VALUES ('938', '33', '12', '1');
INSERT INTO `evaluate_score` VALUES ('939', '33', '13', '1');
INSERT INTO `evaluate_score` VALUES ('940', '33', '14', '1');
INSERT INTO `evaluate_score` VALUES ('941', '33', '15', '1');
INSERT INTO `evaluate_score` VALUES ('942', '33', '16', '1');
INSERT INTO `evaluate_score` VALUES ('943', '33', '17', '1');
INSERT INTO `evaluate_score` VALUES ('944', '33', '18', '1');
INSERT INTO `evaluate_score` VALUES ('945', '33', '19', '1');
INSERT INTO `evaluate_score` VALUES ('946', '33', '20', '1');
INSERT INTO `evaluate_score` VALUES ('947', '33', '21', '1');
INSERT INTO `evaluate_score` VALUES ('948', '33', '22', '1');
INSERT INTO `evaluate_score` VALUES ('949', '33', '23', '1');
INSERT INTO `evaluate_score` VALUES ('950', '33', '24', '1');
INSERT INTO `evaluate_score` VALUES ('951', '33', '25', '1');
INSERT INTO `evaluate_score` VALUES ('952', '33', '26', '1');
INSERT INTO `evaluate_score` VALUES ('953', '33', '27', '1');
INSERT INTO `evaluate_score` VALUES ('954', '33', '28', '');
INSERT INTO `evaluate_score` VALUES ('955', '33', '29', '');
INSERT INTO `evaluate_score` VALUES ('956', '33', '30', '');
INSERT INTO `evaluate_score` VALUES ('957', '33', '31', '');
INSERT INTO `evaluate_score` VALUES ('958', '33', '32', '');
INSERT INTO `evaluate_score` VALUES ('959', '33', '33', '1');
INSERT INTO `evaluate_score` VALUES ('960', '33', '34', '1');
INSERT INTO `evaluate_score` VALUES ('961', '33', '35', '1');
INSERT INTO `evaluate_score` VALUES ('962', '33', '1', '1');
INSERT INTO `evaluate_score` VALUES ('963', '33', '2', '1');
INSERT INTO `evaluate_score` VALUES ('964', '33', '3', '1');
INSERT INTO `evaluate_score` VALUES ('965', '33', '4', '1');
INSERT INTO `evaluate_score` VALUES ('966', '33', '5', '1');
INSERT INTO `evaluate_score` VALUES ('967', '33', '6', '1');
INSERT INTO `evaluate_score` VALUES ('968', '33', '7', '1');
INSERT INTO `evaluate_score` VALUES ('969', '33', '8', '1');
INSERT INTO `evaluate_score` VALUES ('970', '33', '9', '1');
INSERT INTO `evaluate_score` VALUES ('971', '33', '10', '1');
INSERT INTO `evaluate_score` VALUES ('972', '33', '11', '1');
INSERT INTO `evaluate_score` VALUES ('973', '33', '12', '1');
INSERT INTO `evaluate_score` VALUES ('974', '33', '13', '1');
INSERT INTO `evaluate_score` VALUES ('975', '33', '14', '1');
INSERT INTO `evaluate_score` VALUES ('976', '33', '15', '1');
INSERT INTO `evaluate_score` VALUES ('977', '33', '16', '1');
INSERT INTO `evaluate_score` VALUES ('978', '33', '17', '1');
INSERT INTO `evaluate_score` VALUES ('979', '33', '18', '1');
INSERT INTO `evaluate_score` VALUES ('980', '33', '19', '1');
INSERT INTO `evaluate_score` VALUES ('981', '33', '20', '1');
INSERT INTO `evaluate_score` VALUES ('982', '33', '21', '1');
INSERT INTO `evaluate_score` VALUES ('983', '33', '22', '1');
INSERT INTO `evaluate_score` VALUES ('984', '33', '23', '1');
INSERT INTO `evaluate_score` VALUES ('985', '33', '24', '1');
INSERT INTO `evaluate_score` VALUES ('986', '33', '25', '1');
INSERT INTO `evaluate_score` VALUES ('987', '33', '26', '1');
INSERT INTO `evaluate_score` VALUES ('988', '33', '27', '1');
INSERT INTO `evaluate_score` VALUES ('989', '33', '28', '');
INSERT INTO `evaluate_score` VALUES ('990', '33', '29', '');
INSERT INTO `evaluate_score` VALUES ('991', '33', '30', '');
INSERT INTO `evaluate_score` VALUES ('992', '33', '31', '');
INSERT INTO `evaluate_score` VALUES ('993', '33', '32', '');
INSERT INTO `evaluate_score` VALUES ('994', '33', '33', '1');
INSERT INTO `evaluate_score` VALUES ('995', '33', '34', '1');
INSERT INTO `evaluate_score` VALUES ('996', '33', '35', '1');
INSERT INTO `evaluate_score` VALUES ('997', '33', '1', '1');
INSERT INTO `evaluate_score` VALUES ('998', '33', '2', '1');
INSERT INTO `evaluate_score` VALUES ('999', '33', '3', '1');
INSERT INTO `evaluate_score` VALUES ('1000', '33', '4', '1');
INSERT INTO `evaluate_score` VALUES ('1001', '33', '5', '1');
INSERT INTO `evaluate_score` VALUES ('1002', '33', '6', '1');
INSERT INTO `evaluate_score` VALUES ('1003', '33', '7', '1');
INSERT INTO `evaluate_score` VALUES ('1004', '33', '8', '1');
INSERT INTO `evaluate_score` VALUES ('1005', '33', '9', '1');
INSERT INTO `evaluate_score` VALUES ('1006', '33', '1', '1');
INSERT INTO `evaluate_score` VALUES ('1007', '33', '10', '1');
INSERT INTO `evaluate_score` VALUES ('1008', '33', '2', '1');
INSERT INTO `evaluate_score` VALUES ('1009', '33', '11', '1');
INSERT INTO `evaluate_score` VALUES ('1010', '33', '3', '1');
INSERT INTO `evaluate_score` VALUES ('1011', '33', '12', '1');
INSERT INTO `evaluate_score` VALUES ('1012', '33', '4', '1');
INSERT INTO `evaluate_score` VALUES ('1013', '33', '13', '1');
INSERT INTO `evaluate_score` VALUES ('1014', '33', '5', '1');
INSERT INTO `evaluate_score` VALUES ('1015', '33', '14', '1');
INSERT INTO `evaluate_score` VALUES ('1016', '33', '1', '1');
INSERT INTO `evaluate_score` VALUES ('1017', '33', '6', '1');
INSERT INTO `evaluate_score` VALUES ('1018', '33', '2', '1');
INSERT INTO `evaluate_score` VALUES ('1019', '33', '15', '1');
INSERT INTO `evaluate_score` VALUES ('1020', '33', '7', '1');
INSERT INTO `evaluate_score` VALUES ('1021', '33', '16', '1');
INSERT INTO `evaluate_score` VALUES ('1022', '33', '3', '1');
INSERT INTO `evaluate_score` VALUES ('1023', '33', '4', '1');
INSERT INTO `evaluate_score` VALUES ('1024', '33', '17', null);
INSERT INTO `evaluate_score` VALUES ('1025', '33', '5', '1');
INSERT INTO `evaluate_score` VALUES ('1026', '33', '1', '1');
INSERT INTO `evaluate_score` VALUES ('1027', '33', '18', '1');
INSERT INTO `evaluate_score` VALUES ('1028', '33', '6', '1');
INSERT INTO `evaluate_score` VALUES ('1029', '33', '2', '1');
INSERT INTO `evaluate_score` VALUES ('1030', '33', '19', '1');
INSERT INTO `evaluate_score` VALUES ('1031', '33', '1', '1');
INSERT INTO `evaluate_score` VALUES ('1032', '33', '7', '1');
INSERT INTO `evaluate_score` VALUES ('1033', '33', '3', '1');
INSERT INTO `evaluate_score` VALUES ('1034', '33', '20', '1');
INSERT INTO `evaluate_score` VALUES ('1035', '33', '8', '1');
INSERT INTO `evaluate_score` VALUES ('1036', '33', '2', '1');
INSERT INTO `evaluate_score` VALUES ('1037', '33', '21', '1');
INSERT INTO `evaluate_score` VALUES ('1038', '33', '4', '1');
INSERT INTO `evaluate_score` VALUES ('1039', '33', '3', '1');
INSERT INTO `evaluate_score` VALUES ('1040', '33', '9', '1');
INSERT INTO `evaluate_score` VALUES ('1041', '33', '5', '1');
INSERT INTO `evaluate_score` VALUES ('1042', '33', '22', '1');
INSERT INTO `evaluate_score` VALUES ('1043', '33', '10', '1');
INSERT INTO `evaluate_score` VALUES ('1044', '33', '4', '1');
INSERT INTO `evaluate_score` VALUES ('1045', '33', '6', '1');
INSERT INTO `evaluate_score` VALUES ('1046', '33', '23', '1');
INSERT INTO `evaluate_score` VALUES ('1047', '33', '5', '1');
INSERT INTO `evaluate_score` VALUES ('1048', '33', '11', '1');
INSERT INTO `evaluate_score` VALUES ('1049', '33', '24', '1');
INSERT INTO `evaluate_score` VALUES ('1050', '33', '7', '1');
INSERT INTO `evaluate_score` VALUES ('1051', '33', '12', '1');
INSERT INTO `evaluate_score` VALUES ('1052', '33', '6', '1');
INSERT INTO `evaluate_score` VALUES ('1053', '33', '25', '1');
INSERT INTO `evaluate_score` VALUES ('1054', '33', '8', '1');
INSERT INTO `evaluate_score` VALUES ('1055', '33', '13', '1');
INSERT INTO `evaluate_score` VALUES ('1056', '33', '7', '1');
INSERT INTO `evaluate_score` VALUES ('1057', '33', '9', '1');
INSERT INTO `evaluate_score` VALUES ('1058', '33', '26', '1');
INSERT INTO `evaluate_score` VALUES ('1059', '33', '14', '1');
INSERT INTO `evaluate_score` VALUES ('1060', '33', '8', '1');
INSERT INTO `evaluate_score` VALUES ('1061', '33', '10', '1');
INSERT INTO `evaluate_score` VALUES ('1062', '33', '27', '1');
INSERT INTO `evaluate_score` VALUES ('1063', '33', '9', '1');
INSERT INTO `evaluate_score` VALUES ('1064', '33', '15', null);
INSERT INTO `evaluate_score` VALUES ('1065', '59', '1', '1');
INSERT INTO `evaluate_score` VALUES ('1066', '59', '2', '1');
INSERT INTO `evaluate_score` VALUES ('1067', '59', '3', '1');
INSERT INTO `evaluate_score` VALUES ('1068', '59', '4', '1');
INSERT INTO `evaluate_score` VALUES ('1069', '59', '5', '1');
INSERT INTO `evaluate_score` VALUES ('1070', '59', '6', '1');
INSERT INTO `evaluate_score` VALUES ('1071', '59', '7', '1');
INSERT INTO `evaluate_score` VALUES ('1072', '59', '8', '1');
INSERT INTO `evaluate_score` VALUES ('1073', '59', '9', '1');
INSERT INTO `evaluate_score` VALUES ('1074', '59', '10', '1');
INSERT INTO `evaluate_score` VALUES ('1075', '59', '11', '1');
INSERT INTO `evaluate_score` VALUES ('1076', '59', '12', '1');
INSERT INTO `evaluate_score` VALUES ('1077', '59', '13', '1');
INSERT INTO `evaluate_score` VALUES ('1078', '59', '14', '1');
INSERT INTO `evaluate_score` VALUES ('1079', '59', '15', '1');
INSERT INTO `evaluate_score` VALUES ('1080', '59', '16', '1');
INSERT INTO `evaluate_score` VALUES ('1081', '59', '17', '1');
INSERT INTO `evaluate_score` VALUES ('1082', '59', '18', '1');
INSERT INTO `evaluate_score` VALUES ('1083', '59', '19', '1');
INSERT INTO `evaluate_score` VALUES ('1084', '59', '20', '1');
INSERT INTO `evaluate_score` VALUES ('1085', '59', '21', '1');
INSERT INTO `evaluate_score` VALUES ('1086', '59', '22', '1');
INSERT INTO `evaluate_score` VALUES ('1087', '59', '23', '1');
INSERT INTO `evaluate_score` VALUES ('1088', '59', '24', '1');
INSERT INTO `evaluate_score` VALUES ('1089', '59', '25', '1');
INSERT INTO `evaluate_score` VALUES ('1090', '59', '26', '1');
INSERT INTO `evaluate_score` VALUES ('1091', '59', '27', '1');
INSERT INTO `evaluate_score` VALUES ('1092', '59', '28', '');
INSERT INTO `evaluate_score` VALUES ('1093', '59', '29', '');
INSERT INTO `evaluate_score` VALUES ('1094', '59', '30', '');
INSERT INTO `evaluate_score` VALUES ('1095', '59', '31', '');
INSERT INTO `evaluate_score` VALUES ('1096', '59', '32', '');
INSERT INTO `evaluate_score` VALUES ('1097', '59', '33', '1');
INSERT INTO `evaluate_score` VALUES ('1098', '59', '34', '1');
INSERT INTO `evaluate_score` VALUES ('1099', '59', '1', '1');
INSERT INTO `evaluate_score` VALUES ('1100', '59', '35', '1');
INSERT INTO `evaluate_score` VALUES ('1101', '59', '2', '1');
INSERT INTO `evaluate_score` VALUES ('1102', '59', '3', '1');
INSERT INTO `evaluate_score` VALUES ('1103', '59', '4', '1');
INSERT INTO `evaluate_score` VALUES ('1104', '59', '5', '1');
INSERT INTO `evaluate_score` VALUES ('1105', '59', '6', '1');
INSERT INTO `evaluate_score` VALUES ('1106', '59', '7', '1');
INSERT INTO `evaluate_score` VALUES ('1107', '59', '8', '1');
INSERT INTO `evaluate_score` VALUES ('1108', '59', '9', '1');
INSERT INTO `evaluate_score` VALUES ('1109', '59', '10', '1');
INSERT INTO `evaluate_score` VALUES ('1110', '59', '11', '1');
INSERT INTO `evaluate_score` VALUES ('1111', '59', '12', '1');
INSERT INTO `evaluate_score` VALUES ('1112', '59', '13', '1');
INSERT INTO `evaluate_score` VALUES ('1113', '59', '14', '1');
INSERT INTO `evaluate_score` VALUES ('1114', '59', '15', '1');
INSERT INTO `evaluate_score` VALUES ('1115', '59', '16', '1');
INSERT INTO `evaluate_score` VALUES ('1116', '59', '17', '1');
INSERT INTO `evaluate_score` VALUES ('1117', '59', '18', '1');
INSERT INTO `evaluate_score` VALUES ('1118', '59', '19', '1');
INSERT INTO `evaluate_score` VALUES ('1119', '59', '20', '1');
INSERT INTO `evaluate_score` VALUES ('1120', '59', '21', '1');
INSERT INTO `evaluate_score` VALUES ('1121', '59', '22', '1');
INSERT INTO `evaluate_score` VALUES ('1122', '59', '23', '1');
INSERT INTO `evaluate_score` VALUES ('1123', '59', '24', '1');
INSERT INTO `evaluate_score` VALUES ('1124', '59', '25', '1');
INSERT INTO `evaluate_score` VALUES ('1125', '59', '26', '1');
INSERT INTO `evaluate_score` VALUES ('1126', '59', '27', '1');
INSERT INTO `evaluate_score` VALUES ('1127', '59', '28', '');
INSERT INTO `evaluate_score` VALUES ('1128', '59', '29', '');
INSERT INTO `evaluate_score` VALUES ('1129', '59', '30', '');
INSERT INTO `evaluate_score` VALUES ('1130', '59', '31', '');
INSERT INTO `evaluate_score` VALUES ('1131', '59', '32', '');
INSERT INTO `evaluate_score` VALUES ('1132', '59', '33', '1');
INSERT INTO `evaluate_score` VALUES ('1133', '59', '34', '1');
INSERT INTO `evaluate_score` VALUES ('1134', '59', '35', '1');
INSERT INTO `evaluate_score` VALUES ('1135', '51', '1', '1');
INSERT INTO `evaluate_score` VALUES ('1136', '51', '2', '1');
INSERT INTO `evaluate_score` VALUES ('1137', '51', '3', '1');
INSERT INTO `evaluate_score` VALUES ('1138', '51', '4', '1');
INSERT INTO `evaluate_score` VALUES ('1139', '51', '5', '1');
INSERT INTO `evaluate_score` VALUES ('1140', '51', '6', '1');
INSERT INTO `evaluate_score` VALUES ('1141', '51', '7', '1');
INSERT INTO `evaluate_score` VALUES ('1142', '51', '8', '1');
INSERT INTO `evaluate_score` VALUES ('1143', '51', '9', '1');
INSERT INTO `evaluate_score` VALUES ('1144', '51', '10', '1');
INSERT INTO `evaluate_score` VALUES ('1145', '51', '11', '1');
INSERT INTO `evaluate_score` VALUES ('1146', '51', '12', '1');
INSERT INTO `evaluate_score` VALUES ('1147', '51', '13', '1');
INSERT INTO `evaluate_score` VALUES ('1148', '51', '14', '1');
INSERT INTO `evaluate_score` VALUES ('1149', '51', '15', '1');
INSERT INTO `evaluate_score` VALUES ('1150', '51', '16', '1');
INSERT INTO `evaluate_score` VALUES ('1151', '51', '17', '1');
INSERT INTO `evaluate_score` VALUES ('1152', '51', '18', '1');
INSERT INTO `evaluate_score` VALUES ('1153', '51', '19', '1');
INSERT INTO `evaluate_score` VALUES ('1154', '51', '20', '1');
INSERT INTO `evaluate_score` VALUES ('1155', '51', '21', '1');
INSERT INTO `evaluate_score` VALUES ('1156', '51', '22', '1');
INSERT INTO `evaluate_score` VALUES ('1157', '51', '23', '1');
INSERT INTO `evaluate_score` VALUES ('1158', '51', '24', '1');
INSERT INTO `evaluate_score` VALUES ('1159', '51', '25', '1');
INSERT INTO `evaluate_score` VALUES ('1160', '51', '26', '1');
INSERT INTO `evaluate_score` VALUES ('1161', '51', '27', '1');
INSERT INTO `evaluate_score` VALUES ('1162', '51', '28', '');
INSERT INTO `evaluate_score` VALUES ('1163', '51', '29', '');
INSERT INTO `evaluate_score` VALUES ('1164', '51', '30', '');
INSERT INTO `evaluate_score` VALUES ('1165', '51', '31', '');
INSERT INTO `evaluate_score` VALUES ('1166', '51', '32', '');
INSERT INTO `evaluate_score` VALUES ('1167', '51', '33', '1');
INSERT INTO `evaluate_score` VALUES ('1168', '51', '34', '1');
INSERT INTO `evaluate_score` VALUES ('1169', '51', '35', '1');
INSERT INTO `evaluate_score` VALUES ('1170', '27', '1', '1');
INSERT INTO `evaluate_score` VALUES ('1171', '27', '2', '1');
INSERT INTO `evaluate_score` VALUES ('1172', '27', '3', '1');
INSERT INTO `evaluate_score` VALUES ('1173', '27', '4', '1');
INSERT INTO `evaluate_score` VALUES ('1174', '27', '5', '1');
INSERT INTO `evaluate_score` VALUES ('1175', '27', '6', '1');
INSERT INTO `evaluate_score` VALUES ('1176', '27', '7', '1');
INSERT INTO `evaluate_score` VALUES ('1177', '27', '8', '1');
INSERT INTO `evaluate_score` VALUES ('1178', '27', '9', '1');
INSERT INTO `evaluate_score` VALUES ('1179', '27', '10', '1');
INSERT INTO `evaluate_score` VALUES ('1180', '27', '11', '1');
INSERT INTO `evaluate_score` VALUES ('1181', '27', '12', '1');
INSERT INTO `evaluate_score` VALUES ('1182', '27', '13', '1');
INSERT INTO `evaluate_score` VALUES ('1183', '27', '14', '1');
INSERT INTO `evaluate_score` VALUES ('1184', '27', '15', '1');
INSERT INTO `evaluate_score` VALUES ('1185', '27', '16', '1');
INSERT INTO `evaluate_score` VALUES ('1186', '27', '17', '1');
INSERT INTO `evaluate_score` VALUES ('1187', '27', '18', '1');
INSERT INTO `evaluate_score` VALUES ('1188', '27', '19', '1');
INSERT INTO `evaluate_score` VALUES ('1189', '27', '20', '1');
INSERT INTO `evaluate_score` VALUES ('1190', '27', '21', '1');
INSERT INTO `evaluate_score` VALUES ('1191', '27', '22', '1');
INSERT INTO `evaluate_score` VALUES ('1192', '27', '23', '1');
INSERT INTO `evaluate_score` VALUES ('1193', '27', '24', '1');
INSERT INTO `evaluate_score` VALUES ('1194', '27', '25', '1');
INSERT INTO `evaluate_score` VALUES ('1195', '27', '26', '1');
INSERT INTO `evaluate_score` VALUES ('1196', '27', '27', '1');
INSERT INTO `evaluate_score` VALUES ('1197', '27', '28', '');
INSERT INTO `evaluate_score` VALUES ('1198', '27', '29', '');
INSERT INTO `evaluate_score` VALUES ('1199', '27', '30', '');
INSERT INTO `evaluate_score` VALUES ('1200', '27', '31', '');
INSERT INTO `evaluate_score` VALUES ('1201', '27', '32', '');
INSERT INTO `evaluate_score` VALUES ('1202', '27', '33', '1');
INSERT INTO `evaluate_score` VALUES ('1203', '27', '34', '1');
INSERT INTO `evaluate_score` VALUES ('1204', '27', '35', '1');
INSERT INTO `evaluate_score` VALUES ('1205', '27', '1', '1');
INSERT INTO `evaluate_score` VALUES ('1206', '27', '2', '1');
INSERT INTO `evaluate_score` VALUES ('1207', '27', '3', '1');
INSERT INTO `evaluate_score` VALUES ('1208', '27', '4', '1');
INSERT INTO `evaluate_score` VALUES ('1209', '27', '5', '1');
INSERT INTO `evaluate_score` VALUES ('1210', '27', '6', '1');
INSERT INTO `evaluate_score` VALUES ('1211', '27', '7', '1');
INSERT INTO `evaluate_score` VALUES ('1212', '27', '8', '1');
INSERT INTO `evaluate_score` VALUES ('1213', '27', '9', '1');
INSERT INTO `evaluate_score` VALUES ('1214', '27', '10', '1');
INSERT INTO `evaluate_score` VALUES ('1215', '27', '11', '1');
INSERT INTO `evaluate_score` VALUES ('1216', '27', '12', '1');
INSERT INTO `evaluate_score` VALUES ('1217', '27', '13', '1');
INSERT INTO `evaluate_score` VALUES ('1218', '27', '14', '1');
INSERT INTO `evaluate_score` VALUES ('1219', '27', '15', '1');
INSERT INTO `evaluate_score` VALUES ('1220', '27', '16', '1');
INSERT INTO `evaluate_score` VALUES ('1221', '27', '17', '1');
INSERT INTO `evaluate_score` VALUES ('1222', '27', '18', '1');
INSERT INTO `evaluate_score` VALUES ('1223', '27', '19', '1');
INSERT INTO `evaluate_score` VALUES ('1224', '27', '20', '1');
INSERT INTO `evaluate_score` VALUES ('1225', '27', '21', '1');
INSERT INTO `evaluate_score` VALUES ('1226', '27', '22', '1');
INSERT INTO `evaluate_score` VALUES ('1227', '27', '23', '1');
INSERT INTO `evaluate_score` VALUES ('1228', '27', '24', '1');
INSERT INTO `evaluate_score` VALUES ('1229', '27', '25', '1');
INSERT INTO `evaluate_score` VALUES ('1230', '27', '26', '1');
INSERT INTO `evaluate_score` VALUES ('1231', '27', '27', '1');
INSERT INTO `evaluate_score` VALUES ('1232', '27', '28', '');
INSERT INTO `evaluate_score` VALUES ('1233', '27', '29', '');
INSERT INTO `evaluate_score` VALUES ('1234', '27', '30', '');
INSERT INTO `evaluate_score` VALUES ('1235', '27', '31', '');
INSERT INTO `evaluate_score` VALUES ('1236', '27', '32', '');
INSERT INTO `evaluate_score` VALUES ('1237', '27', '33', '1');
INSERT INTO `evaluate_score` VALUES ('1238', '27', '34', '1');
INSERT INTO `evaluate_score` VALUES ('1239', '27', '35', '1');
INSERT INTO `evaluate_score` VALUES ('1240', '57', '1', '1');
INSERT INTO `evaluate_score` VALUES ('1241', '57', '2', '1');
INSERT INTO `evaluate_score` VALUES ('1242', '57', '3', '1');
INSERT INTO `evaluate_score` VALUES ('1243', '57', '1', '1');
INSERT INTO `evaluate_score` VALUES ('1244', '57', '2', '1');
INSERT INTO `evaluate_score` VALUES ('1245', '57', '3', '1');
INSERT INTO `evaluate_score` VALUES ('1246', '57', '4', '1');
INSERT INTO `evaluate_score` VALUES ('1247', '57', '5', '1');
INSERT INTO `evaluate_score` VALUES ('1248', '57', '6', '1');
INSERT INTO `evaluate_score` VALUES ('1249', '57', '7', '1');
INSERT INTO `evaluate_score` VALUES ('1250', '57', '8', '1');
INSERT INTO `evaluate_score` VALUES ('1251', '57', '9', '1');
INSERT INTO `evaluate_score` VALUES ('1252', '57', '10', '1');
INSERT INTO `evaluate_score` VALUES ('1253', '57', '11', '1');
INSERT INTO `evaluate_score` VALUES ('1254', '57', '12', '1');
INSERT INTO `evaluate_score` VALUES ('1255', '57', '13', '1');
INSERT INTO `evaluate_score` VALUES ('1256', '57', '14', '1');
INSERT INTO `evaluate_score` VALUES ('1257', '57', '15', '1');
INSERT INTO `evaluate_score` VALUES ('1258', '57', '16', '1');
INSERT INTO `evaluate_score` VALUES ('1259', '57', '17', '1');
INSERT INTO `evaluate_score` VALUES ('1260', '57', '18', '1');
INSERT INTO `evaluate_score` VALUES ('1261', '57', '19', '1');
INSERT INTO `evaluate_score` VALUES ('1262', '57', '20', '1');
INSERT INTO `evaluate_score` VALUES ('1263', '57', '21', '1');
INSERT INTO `evaluate_score` VALUES ('1264', '57', '22', '1');
INSERT INTO `evaluate_score` VALUES ('1265', '57', '23', '1');
INSERT INTO `evaluate_score` VALUES ('1266', '57', '24', '1');
INSERT INTO `evaluate_score` VALUES ('1267', '57', '25', '1');
INSERT INTO `evaluate_score` VALUES ('1268', '57', '26', '1');
INSERT INTO `evaluate_score` VALUES ('1269', '57', '27', '1');
INSERT INTO `evaluate_score` VALUES ('1270', '57', '28', '');
INSERT INTO `evaluate_score` VALUES ('1271', '57', '29', '');
INSERT INTO `evaluate_score` VALUES ('1272', '57', '30', '');
INSERT INTO `evaluate_score` VALUES ('1273', '57', '31', '');
INSERT INTO `evaluate_score` VALUES ('1274', '57', '32', '');
INSERT INTO `evaluate_score` VALUES ('1275', '57', '33', '1');
INSERT INTO `evaluate_score` VALUES ('1276', '57', '34', '1');
INSERT INTO `evaluate_score` VALUES ('1277', '57', '35', '1');
INSERT INTO `evaluate_score` VALUES ('1278', '57', '1', '1');
INSERT INTO `evaluate_score` VALUES ('1279', '57', '2', '1');
INSERT INTO `evaluate_score` VALUES ('1280', '57', '3', '1');
INSERT INTO `evaluate_score` VALUES ('1281', '57', '4', '1');
INSERT INTO `evaluate_score` VALUES ('1282', '57', '5', '1');
INSERT INTO `evaluate_score` VALUES ('1283', '57', '6', '1');
INSERT INTO `evaluate_score` VALUES ('1284', '57', '7', '1');
INSERT INTO `evaluate_score` VALUES ('1285', '57', '8', '1');
INSERT INTO `evaluate_score` VALUES ('1286', '57', '9', '1');
INSERT INTO `evaluate_score` VALUES ('1287', '57', '10', '1');
INSERT INTO `evaluate_score` VALUES ('1288', '57', '11', '1');
INSERT INTO `evaluate_score` VALUES ('1289', '57', '12', '1');
INSERT INTO `evaluate_score` VALUES ('1290', '57', '13', '1');
INSERT INTO `evaluate_score` VALUES ('1291', '57', '14', '1');
INSERT INTO `evaluate_score` VALUES ('1292', '57', '15', '1');
INSERT INTO `evaluate_score` VALUES ('1293', '57', '16', '1');
INSERT INTO `evaluate_score` VALUES ('1294', '57', '17', '1');
INSERT INTO `evaluate_score` VALUES ('1295', '57', '18', '1');
INSERT INTO `evaluate_score` VALUES ('1296', '57', '19', '1');
INSERT INTO `evaluate_score` VALUES ('1297', '57', '20', '1');
INSERT INTO `evaluate_score` VALUES ('1298', '57', '21', '1');
INSERT INTO `evaluate_score` VALUES ('1299', '57', '22', '1');
INSERT INTO `evaluate_score` VALUES ('1300', '57', '23', '1');
INSERT INTO `evaluate_score` VALUES ('1301', '57', '24', '1');
INSERT INTO `evaluate_score` VALUES ('1302', '57', '25', '1');
INSERT INTO `evaluate_score` VALUES ('1303', '57', '26', '1');
INSERT INTO `evaluate_score` VALUES ('1304', '57', '27', '1');
INSERT INTO `evaluate_score` VALUES ('1305', '57', '28', '');
INSERT INTO `evaluate_score` VALUES ('1306', '57', '29', '');
INSERT INTO `evaluate_score` VALUES ('1307', '57', '30', '');
INSERT INTO `evaluate_score` VALUES ('1308', '57', '31', '');
INSERT INTO `evaluate_score` VALUES ('1309', '57', '32', '');
INSERT INTO `evaluate_score` VALUES ('1310', '57', '33', '1');
INSERT INTO `evaluate_score` VALUES ('1311', '57', '34', '1');
INSERT INTO `evaluate_score` VALUES ('1312', '57', '35', '1');
INSERT INTO `evaluate_score` VALUES ('1313', '58', '1', '1');
INSERT INTO `evaluate_score` VALUES ('1314', '58', '2', '1');
INSERT INTO `evaluate_score` VALUES ('1315', '58', '3', '1');
INSERT INTO `evaluate_score` VALUES ('1316', '58', '4', '1');
INSERT INTO `evaluate_score` VALUES ('1317', '58', '5', '1');
INSERT INTO `evaluate_score` VALUES ('1318', '58', '6', '1');
INSERT INTO `evaluate_score` VALUES ('1319', '58', '7', '1');
INSERT INTO `evaluate_score` VALUES ('1320', '58', '8', '1');
INSERT INTO `evaluate_score` VALUES ('1321', '58', '9', '1');
INSERT INTO `evaluate_score` VALUES ('1322', '58', '10', '1');
INSERT INTO `evaluate_score` VALUES ('1323', '58', '11', '1');
INSERT INTO `evaluate_score` VALUES ('1324', '58', '12', '1');
INSERT INTO `evaluate_score` VALUES ('1325', '58', '13', '1');
INSERT INTO `evaluate_score` VALUES ('1326', '58', '14', '1');
INSERT INTO `evaluate_score` VALUES ('1327', '58', '15', '1');
INSERT INTO `evaluate_score` VALUES ('1328', '58', '16', '1');
INSERT INTO `evaluate_score` VALUES ('1329', '58', '17', '1');
INSERT INTO `evaluate_score` VALUES ('1330', '58', '18', '1');
INSERT INTO `evaluate_score` VALUES ('1331', '58', '19', '1');
INSERT INTO `evaluate_score` VALUES ('1332', '58', '20', '1');
INSERT INTO `evaluate_score` VALUES ('1333', '58', '21', '1');
INSERT INTO `evaluate_score` VALUES ('1334', '58', '22', '1');
INSERT INTO `evaluate_score` VALUES ('1335', '58', '23', '1');
INSERT INTO `evaluate_score` VALUES ('1336', '58', '24', '1');
INSERT INTO `evaluate_score` VALUES ('1337', '58', '25', '1');
INSERT INTO `evaluate_score` VALUES ('1338', '58', '26', '1');
INSERT INTO `evaluate_score` VALUES ('1339', '58', '27', '1');
INSERT INTO `evaluate_score` VALUES ('1340', '58', '28', '');
INSERT INTO `evaluate_score` VALUES ('1341', '58', '29', '');
INSERT INTO `evaluate_score` VALUES ('1342', '58', '30', '');
INSERT INTO `evaluate_score` VALUES ('1343', '58', '31', '');
INSERT INTO `evaluate_score` VALUES ('1344', '58', '32', '');
INSERT INTO `evaluate_score` VALUES ('1345', '58', '33', '1');
INSERT INTO `evaluate_score` VALUES ('1346', '58', '34', '1');
INSERT INTO `evaluate_score` VALUES ('1347', '58', '35', '1');
INSERT INTO `evaluate_score` VALUES ('1348', '44', '1', '1');
INSERT INTO `evaluate_score` VALUES ('1349', '44', '2', '1');
INSERT INTO `evaluate_score` VALUES ('1350', '44', '3', '1');
INSERT INTO `evaluate_score` VALUES ('1351', '44', '4', '1');
INSERT INTO `evaluate_score` VALUES ('1352', '44', '5', '1');
INSERT INTO `evaluate_score` VALUES ('1353', '44', '6', '1');
INSERT INTO `evaluate_score` VALUES ('1354', '44', '7', '1');
INSERT INTO `evaluate_score` VALUES ('1355', '44', '8', '1');
INSERT INTO `evaluate_score` VALUES ('1356', '44', '9', '1');
INSERT INTO `evaluate_score` VALUES ('1357', '44', '10', '1');
INSERT INTO `evaluate_score` VALUES ('1358', '44', '11', '1');
INSERT INTO `evaluate_score` VALUES ('1359', '44', '12', '1');
INSERT INTO `evaluate_score` VALUES ('1360', '44', '13', '1');
INSERT INTO `evaluate_score` VALUES ('1361', '44', '14', '1');
INSERT INTO `evaluate_score` VALUES ('1362', '44', '15', '1');
INSERT INTO `evaluate_score` VALUES ('1363', '44', '16', '1');
INSERT INTO `evaluate_score` VALUES ('1364', '44', '17', '1');
INSERT INTO `evaluate_score` VALUES ('1365', '44', '18', '1');
INSERT INTO `evaluate_score` VALUES ('1366', '44', '19', '1');
INSERT INTO `evaluate_score` VALUES ('1367', '44', '20', '1');
INSERT INTO `evaluate_score` VALUES ('1368', '44', '21', '1');
INSERT INTO `evaluate_score` VALUES ('1369', '44', '22', '1');
INSERT INTO `evaluate_score` VALUES ('1370', '44', '23', '1');
INSERT INTO `evaluate_score` VALUES ('1371', '44', '24', '1');
INSERT INTO `evaluate_score` VALUES ('1372', '44', '25', '1');
INSERT INTO `evaluate_score` VALUES ('1373', '44', '26', '1');
INSERT INTO `evaluate_score` VALUES ('1374', '44', '27', '1');
INSERT INTO `evaluate_score` VALUES ('1375', '44', '28', '可以');
INSERT INTO `evaluate_score` VALUES ('1376', '44', '29', '可以');
INSERT INTO `evaluate_score` VALUES ('1377', '44', '30', '可以');
INSERT INTO `evaluate_score` VALUES ('1378', '44', '31', '可以');
INSERT INTO `evaluate_score` VALUES ('1379', '44', '32', '');
INSERT INTO `evaluate_score` VALUES ('1380', '44', '33', '1');
INSERT INTO `evaluate_score` VALUES ('1381', '44', '34', '1');
INSERT INTO `evaluate_score` VALUES ('1382', '44', '35', '1');
INSERT INTO `evaluate_score` VALUES ('1383', '44', '1', '1');
INSERT INTO `evaluate_score` VALUES ('1384', '44', '2', '1');
INSERT INTO `evaluate_score` VALUES ('1385', '44', '3', '1');
INSERT INTO `evaluate_score` VALUES ('1386', '44', '4', '1');
INSERT INTO `evaluate_score` VALUES ('1387', '44', '5', '1');
INSERT INTO `evaluate_score` VALUES ('1388', '44', '6', '1');
INSERT INTO `evaluate_score` VALUES ('1389', '44', '7', '1');
INSERT INTO `evaluate_score` VALUES ('1390', '44', '8', '1');
INSERT INTO `evaluate_score` VALUES ('1391', '44', '9', '1');
INSERT INTO `evaluate_score` VALUES ('1392', '44', '10', '1');
INSERT INTO `evaluate_score` VALUES ('1393', '44', '11', '1');
INSERT INTO `evaluate_score` VALUES ('1394', '44', '12', '1');
INSERT INTO `evaluate_score` VALUES ('1395', '44', '13', '1');
INSERT INTO `evaluate_score` VALUES ('1396', '44', '14', '1');
INSERT INTO `evaluate_score` VALUES ('1397', '44', '15', '1');
INSERT INTO `evaluate_score` VALUES ('1398', '44', '16', '1');
INSERT INTO `evaluate_score` VALUES ('1399', '44', '17', '1');
INSERT INTO `evaluate_score` VALUES ('1400', '44', '18', '1');
INSERT INTO `evaluate_score` VALUES ('1401', '44', '19', '1');
INSERT INTO `evaluate_score` VALUES ('1402', '44', '20', '1');
INSERT INTO `evaluate_score` VALUES ('1403', '44', '21', '1');
INSERT INTO `evaluate_score` VALUES ('1404', '44', '22', '1');
INSERT INTO `evaluate_score` VALUES ('1405', '44', '23', '1');
INSERT INTO `evaluate_score` VALUES ('1406', '44', '24', '1');
INSERT INTO `evaluate_score` VALUES ('1407', '44', '25', '1');
INSERT INTO `evaluate_score` VALUES ('1408', '44', '26', '1');
INSERT INTO `evaluate_score` VALUES ('1409', '44', '27', '1');
INSERT INTO `evaluate_score` VALUES ('1410', '44', '28', '可以');
INSERT INTO `evaluate_score` VALUES ('1411', '44', '29', '可以');
INSERT INTO `evaluate_score` VALUES ('1412', '44', '30', '可以');
INSERT INTO `evaluate_score` VALUES ('1413', '44', '31', '可以');
INSERT INTO `evaluate_score` VALUES ('1414', '44', '32', '');
INSERT INTO `evaluate_score` VALUES ('1415', '44', '33', '1');
INSERT INTO `evaluate_score` VALUES ('1416', '44', '34', '1');
INSERT INTO `evaluate_score` VALUES ('1417', '44', '35', '1');
INSERT INTO `evaluate_score` VALUES ('1418', '39', '1', '1');
INSERT INTO `evaluate_score` VALUES ('1419', '39', '2', '1');
INSERT INTO `evaluate_score` VALUES ('1420', '39', '3', '1');
INSERT INTO `evaluate_score` VALUES ('1421', '39', '4', '1');
INSERT INTO `evaluate_score` VALUES ('1422', '39', '5', '1');
INSERT INTO `evaluate_score` VALUES ('1423', '39', '6', '1');
INSERT INTO `evaluate_score` VALUES ('1424', '39', '7', '1');
INSERT INTO `evaluate_score` VALUES ('1425', '39', '8', '1');
INSERT INTO `evaluate_score` VALUES ('1426', '39', '9', '1');
INSERT INTO `evaluate_score` VALUES ('1427', '39', '10', '1');
INSERT INTO `evaluate_score` VALUES ('1428', '39', '11', '1');
INSERT INTO `evaluate_score` VALUES ('1429', '39', '12', '1');
INSERT INTO `evaluate_score` VALUES ('1430', '39', '13', '1');
INSERT INTO `evaluate_score` VALUES ('1431', '39', '14', '1');
INSERT INTO `evaluate_score` VALUES ('1432', '39', '15', '1');
INSERT INTO `evaluate_score` VALUES ('1433', '39', '16', '1');
INSERT INTO `evaluate_score` VALUES ('1434', '39', '17', '1');
INSERT INTO `evaluate_score` VALUES ('1435', '39', '18', '1');
INSERT INTO `evaluate_score` VALUES ('1436', '39', '19', '1');
INSERT INTO `evaluate_score` VALUES ('1437', '39', '20', '1');
INSERT INTO `evaluate_score` VALUES ('1438', '39', '21', '1');
INSERT INTO `evaluate_score` VALUES ('1439', '39', '22', '1');
INSERT INTO `evaluate_score` VALUES ('1440', '39', '23', '1');
INSERT INTO `evaluate_score` VALUES ('1441', '39', '24', '1');
INSERT INTO `evaluate_score` VALUES ('1442', '39', '25', '1');
INSERT INTO `evaluate_score` VALUES ('1443', '39', '26', '1');
INSERT INTO `evaluate_score` VALUES ('1444', '39', '27', '1');
INSERT INTO `evaluate_score` VALUES ('1445', '39', '28', '');
INSERT INTO `evaluate_score` VALUES ('1446', '39', '29', '');
INSERT INTO `evaluate_score` VALUES ('1447', '39', '30', '');
INSERT INTO `evaluate_score` VALUES ('1448', '39', '31', '');
INSERT INTO `evaluate_score` VALUES ('1449', '39', '32', '赵老师教的非常非常好！印象深刻');
INSERT INTO `evaluate_score` VALUES ('1450', '39', '33', '1');
INSERT INTO `evaluate_score` VALUES ('1451', '39', '34', '1');
INSERT INTO `evaluate_score` VALUES ('1452', '39', '35', '1');
INSERT INTO `evaluate_score` VALUES ('1453', '48', '1', '1');
INSERT INTO `evaluate_score` VALUES ('1454', '48', '2', '1');
INSERT INTO `evaluate_score` VALUES ('1455', '48', '3', '1');
INSERT INTO `evaluate_score` VALUES ('1456', '48', '4', '1');
INSERT INTO `evaluate_score` VALUES ('1457', '48', '5', '1');
INSERT INTO `evaluate_score` VALUES ('1458', '48', '6', '1');
INSERT INTO `evaluate_score` VALUES ('1459', '48', '7', '1');
INSERT INTO `evaluate_score` VALUES ('1460', '48', '8', '1');
INSERT INTO `evaluate_score` VALUES ('1461', '48', '9', '1');
INSERT INTO `evaluate_score` VALUES ('1462', '48', '10', '1');
INSERT INTO `evaluate_score` VALUES ('1463', '48', '11', '1');
INSERT INTO `evaluate_score` VALUES ('1464', '48', '12', '1');
INSERT INTO `evaluate_score` VALUES ('1465', '48', '13', '1');
INSERT INTO `evaluate_score` VALUES ('1466', '48', '14', '1');
INSERT INTO `evaluate_score` VALUES ('1467', '48', '15', '1');
INSERT INTO `evaluate_score` VALUES ('1468', '48', '16', '1');
INSERT INTO `evaluate_score` VALUES ('1469', '48', '17', '1');
INSERT INTO `evaluate_score` VALUES ('1470', '48', '18', '1');
INSERT INTO `evaluate_score` VALUES ('1471', '48', '19', '1');
INSERT INTO `evaluate_score` VALUES ('1472', '48', '20', '1');
INSERT INTO `evaluate_score` VALUES ('1473', '48', '21', '1');
INSERT INTO `evaluate_score` VALUES ('1474', '48', '22', '1');
INSERT INTO `evaluate_score` VALUES ('1475', '48', '23', '1');
INSERT INTO `evaluate_score` VALUES ('1476', '48', '24', '1');
INSERT INTO `evaluate_score` VALUES ('1477', '48', '25', '1');
INSERT INTO `evaluate_score` VALUES ('1478', '48', '26', '1');
INSERT INTO `evaluate_score` VALUES ('1479', '48', '27', '1');
INSERT INTO `evaluate_score` VALUES ('1480', '48', '28', '');
INSERT INTO `evaluate_score` VALUES ('1481', '48', '29', '');
INSERT INTO `evaluate_score` VALUES ('1482', '48', '30', '');
INSERT INTO `evaluate_score` VALUES ('1483', '48', '31', '');
INSERT INTO `evaluate_score` VALUES ('1484', '48', '32', '');
INSERT INTO `evaluate_score` VALUES ('1485', '48', '33', '1');
INSERT INTO `evaluate_score` VALUES ('1486', '48', '34', '1');
INSERT INTO `evaluate_score` VALUES ('1487', '48', '35', '1');
INSERT INTO `evaluate_score` VALUES ('1488', '46', '1', '1');
INSERT INTO `evaluate_score` VALUES ('1489', '46', '2', '1');
INSERT INTO `evaluate_score` VALUES ('1490', '46', '3', '1');
INSERT INTO `evaluate_score` VALUES ('1491', '46', '4', '1');
INSERT INTO `evaluate_score` VALUES ('1492', '46', '5', '1');
INSERT INTO `evaluate_score` VALUES ('1493', '46', '6', '1');
INSERT INTO `evaluate_score` VALUES ('1494', '46', '7', '1');
INSERT INTO `evaluate_score` VALUES ('1495', '46', '8', '1');
INSERT INTO `evaluate_score` VALUES ('1496', '46', '9', '1');
INSERT INTO `evaluate_score` VALUES ('1497', '46', '10', '1');
INSERT INTO `evaluate_score` VALUES ('1498', '46', '11', '1');
INSERT INTO `evaluate_score` VALUES ('1499', '46', '12', '1');
INSERT INTO `evaluate_score` VALUES ('1500', '46', '13', '1');
INSERT INTO `evaluate_score` VALUES ('1501', '46', '14', '1');
INSERT INTO `evaluate_score` VALUES ('1502', '46', '15', '1');
INSERT INTO `evaluate_score` VALUES ('1503', '46', '16', '1');
INSERT INTO `evaluate_score` VALUES ('1504', '46', '17', '1');
INSERT INTO `evaluate_score` VALUES ('1505', '46', '18', '1');
INSERT INTO `evaluate_score` VALUES ('1506', '46', '19', '1');
INSERT INTO `evaluate_score` VALUES ('1507', '46', '20', '1');
INSERT INTO `evaluate_score` VALUES ('1508', '46', '21', '1');
INSERT INTO `evaluate_score` VALUES ('1509', '46', '22', '1');
INSERT INTO `evaluate_score` VALUES ('1510', '46', '23', '1');
INSERT INTO `evaluate_score` VALUES ('1511', '46', '24', '1');
INSERT INTO `evaluate_score` VALUES ('1512', '46', '25', '1');
INSERT INTO `evaluate_score` VALUES ('1513', '46', '26', '1');
INSERT INTO `evaluate_score` VALUES ('1514', '46', '27', '1');
INSERT INTO `evaluate_score` VALUES ('1515', '46', '28', '');
INSERT INTO `evaluate_score` VALUES ('1516', '46', '29', '');
INSERT INTO `evaluate_score` VALUES ('1517', '46', '30', '');
INSERT INTO `evaluate_score` VALUES ('1518', '46', '31', '');
INSERT INTO `evaluate_score` VALUES ('1519', '46', '32', '');
INSERT INTO `evaluate_score` VALUES ('1520', '46', '33', '1');
INSERT INTO `evaluate_score` VALUES ('1521', '46', '34', '1');
INSERT INTO `evaluate_score` VALUES ('1522', '46', '35', '1');
INSERT INTO `evaluate_score` VALUES ('1523', '47', '1', '1');
INSERT INTO `evaluate_score` VALUES ('1524', '47', '2', '1');
INSERT INTO `evaluate_score` VALUES ('1525', '47', '3', '1');
INSERT INTO `evaluate_score` VALUES ('1526', '47', '4', '1');
INSERT INTO `evaluate_score` VALUES ('1527', '47', '5', '1');
INSERT INTO `evaluate_score` VALUES ('1528', '47', '6', '1');
INSERT INTO `evaluate_score` VALUES ('1529', '47', '7', '1');
INSERT INTO `evaluate_score` VALUES ('1530', '47', '8', '1');
INSERT INTO `evaluate_score` VALUES ('1531', '47', '9', '1');
INSERT INTO `evaluate_score` VALUES ('1532', '47', '10', '1');
INSERT INTO `evaluate_score` VALUES ('1533', '47', '11', '1');
INSERT INTO `evaluate_score` VALUES ('1534', '47', '12', '1');
INSERT INTO `evaluate_score` VALUES ('1535', '47', '13', '1');
INSERT INTO `evaluate_score` VALUES ('1536', '47', '1', '1');
INSERT INTO `evaluate_score` VALUES ('1537', '47', '14', '1');
INSERT INTO `evaluate_score` VALUES ('1538', '47', '2', '1');
INSERT INTO `evaluate_score` VALUES ('1539', '47', '15', '1');
INSERT INTO `evaluate_score` VALUES ('1540', '47', '3', '1');
INSERT INTO `evaluate_score` VALUES ('1541', '47', '16', '1');
INSERT INTO `evaluate_score` VALUES ('1542', '47', '4', '1');
INSERT INTO `evaluate_score` VALUES ('1543', '47', '17', '1');
INSERT INTO `evaluate_score` VALUES ('1544', '47', '5', '1');
INSERT INTO `evaluate_score` VALUES ('1545', '47', '18', '1');
INSERT INTO `evaluate_score` VALUES ('1546', '47', '6', '1');
INSERT INTO `evaluate_score` VALUES ('1547', '47', '19', '1');
INSERT INTO `evaluate_score` VALUES ('1548', '47', '7', '1');
INSERT INTO `evaluate_score` VALUES ('1549', '47', '20', '1');
INSERT INTO `evaluate_score` VALUES ('1550', '47', '8', '1');
INSERT INTO `evaluate_score` VALUES ('1551', '47', '21', '1');
INSERT INTO `evaluate_score` VALUES ('1552', '47', '9', '1');
INSERT INTO `evaluate_score` VALUES ('1553', '47', '22', '1');
INSERT INTO `evaluate_score` VALUES ('1554', '47', '10', '1');
INSERT INTO `evaluate_score` VALUES ('1555', '47', '23', '1');
INSERT INTO `evaluate_score` VALUES ('1556', '47', '11', '1');
INSERT INTO `evaluate_score` VALUES ('1557', '47', '24', '1');
INSERT INTO `evaluate_score` VALUES ('1558', '47', '12', '1');
INSERT INTO `evaluate_score` VALUES ('1559', '47', '25', '1');
INSERT INTO `evaluate_score` VALUES ('1560', '47', '13', '1');
INSERT INTO `evaluate_score` VALUES ('1561', '47', '26', '1');
INSERT INTO `evaluate_score` VALUES ('1562', '47', '14', '1');
INSERT INTO `evaluate_score` VALUES ('1563', '47', '27', '1');
INSERT INTO `evaluate_score` VALUES ('1564', '47', '15', '1');
INSERT INTO `evaluate_score` VALUES ('1565', '47', '28', '');
INSERT INTO `evaluate_score` VALUES ('1566', '47', '16', '1');
INSERT INTO `evaluate_score` VALUES ('1567', '47', '29', '');
INSERT INTO `evaluate_score` VALUES ('1568', '47', '17', '1');
INSERT INTO `evaluate_score` VALUES ('1569', '47', '30', '');
INSERT INTO `evaluate_score` VALUES ('1570', '47', '18', '1');
INSERT INTO `evaluate_score` VALUES ('1571', '47', '31', '');
INSERT INTO `evaluate_score` VALUES ('1572', '47', '19', '1');
INSERT INTO `evaluate_score` VALUES ('1573', '47', '32', '');
INSERT INTO `evaluate_score` VALUES ('1574', '47', '20', '1');
INSERT INTO `evaluate_score` VALUES ('1575', '47', '33', '1');
INSERT INTO `evaluate_score` VALUES ('1576', '47', '21', '1');
INSERT INTO `evaluate_score` VALUES ('1577', '47', '34', '1');
INSERT INTO `evaluate_score` VALUES ('1578', '47', '22', '1');
INSERT INTO `evaluate_score` VALUES ('1579', '47', '35', '1');
INSERT INTO `evaluate_score` VALUES ('1580', '47', '23', '1');
INSERT INTO `evaluate_score` VALUES ('1581', '47', '24', '1');
INSERT INTO `evaluate_score` VALUES ('1582', '47', '25', '1');
INSERT INTO `evaluate_score` VALUES ('1583', '47', '26', '1');
INSERT INTO `evaluate_score` VALUES ('1584', '47', '27', '1');
INSERT INTO `evaluate_score` VALUES ('1585', '47', '1', '1');
INSERT INTO `evaluate_score` VALUES ('1586', '47', '28', '');
INSERT INTO `evaluate_score` VALUES ('1587', '47', '2', '1');
INSERT INTO `evaluate_score` VALUES ('1588', '47', '3', '1');
INSERT INTO `evaluate_score` VALUES ('1589', '47', '29', '');
INSERT INTO `evaluate_score` VALUES ('1590', '47', '4', '1');
INSERT INTO `evaluate_score` VALUES ('1591', '47', '30', '');
INSERT INTO `evaluate_score` VALUES ('1592', '47', '5', '1');
INSERT INTO `evaluate_score` VALUES ('1593', '47', '31', '');
INSERT INTO `evaluate_score` VALUES ('1594', '47', '32', '');
INSERT INTO `evaluate_score` VALUES ('1595', '47', '6', '1');
INSERT INTO `evaluate_score` VALUES ('1596', '47', '7', '1');
INSERT INTO `evaluate_score` VALUES ('1597', '47', '33', '1');
INSERT INTO `evaluate_score` VALUES ('1598', '47', '34', '1');
INSERT INTO `evaluate_score` VALUES ('1599', '47', '8', '1');
INSERT INTO `evaluate_score` VALUES ('1600', '47', '9', '1');
INSERT INTO `evaluate_score` VALUES ('1601', '47', '35', '1');
INSERT INTO `evaluate_score` VALUES ('1602', '47', '10', '1');
INSERT INTO `evaluate_score` VALUES ('1603', '47', '11', '1');
INSERT INTO `evaluate_score` VALUES ('1604', '47', '12', '1');
INSERT INTO `evaluate_score` VALUES ('1605', '47', '13', '1');
INSERT INTO `evaluate_score` VALUES ('1606', '47', '14', '1');
INSERT INTO `evaluate_score` VALUES ('1607', '47', '15', '1');
INSERT INTO `evaluate_score` VALUES ('1608', '47', '16', '1');
INSERT INTO `evaluate_score` VALUES ('1609', '47', '17', '1');
INSERT INTO `evaluate_score` VALUES ('1610', '47', '18', '1');
INSERT INTO `evaluate_score` VALUES ('1611', '47', '19', '1');
INSERT INTO `evaluate_score` VALUES ('1612', '47', '20', '1');
INSERT INTO `evaluate_score` VALUES ('1613', '47', '21', '1');
INSERT INTO `evaluate_score` VALUES ('1614', '47', '22', '1');
INSERT INTO `evaluate_score` VALUES ('1615', '47', '23', '1');
INSERT INTO `evaluate_score` VALUES ('1616', '47', '24', '1');
INSERT INTO `evaluate_score` VALUES ('1617', '47', '1', '1');
INSERT INTO `evaluate_score` VALUES ('1618', '47', '25', '1');
INSERT INTO `evaluate_score` VALUES ('1619', '47', '2', '1');
INSERT INTO `evaluate_score` VALUES ('1620', '47', '26', '1');
INSERT INTO `evaluate_score` VALUES ('1621', '47', '3', '1');
INSERT INTO `evaluate_score` VALUES ('1622', '47', '27', '1');
INSERT INTO `evaluate_score` VALUES ('1623', '47', '4', '1');
INSERT INTO `evaluate_score` VALUES ('1624', '47', '28', '');
INSERT INTO `evaluate_score` VALUES ('1625', '47', '5', '1');
INSERT INTO `evaluate_score` VALUES ('1626', '47', '29', '');
INSERT INTO `evaluate_score` VALUES ('1627', '47', '6', '1');
INSERT INTO `evaluate_score` VALUES ('1628', '47', '30', '');
INSERT INTO `evaluate_score` VALUES ('1629', '47', '7', '1');
INSERT INTO `evaluate_score` VALUES ('1630', '47', '31', '');
INSERT INTO `evaluate_score` VALUES ('1631', '47', '8', '1');
INSERT INTO `evaluate_score` VALUES ('1632', '47', '32', '');
INSERT INTO `evaluate_score` VALUES ('1633', '47', '9', '1');
INSERT INTO `evaluate_score` VALUES ('1634', '47', '33', '1');
INSERT INTO `evaluate_score` VALUES ('1635', '47', '10', '1');
INSERT INTO `evaluate_score` VALUES ('1636', '47', '34', '1');
INSERT INTO `evaluate_score` VALUES ('1637', '47', '11', '1');
INSERT INTO `evaluate_score` VALUES ('1638', '47', '35', '1');
INSERT INTO `evaluate_score` VALUES ('1639', '47', '12', '1');
INSERT INTO `evaluate_score` VALUES ('1640', '47', '13', '1');
INSERT INTO `evaluate_score` VALUES ('1641', '47', '14', '1');
INSERT INTO `evaluate_score` VALUES ('1642', '47', '15', '1');
INSERT INTO `evaluate_score` VALUES ('1643', '47', '16', '1');
INSERT INTO `evaluate_score` VALUES ('1644', '47', '17', '1');
INSERT INTO `evaluate_score` VALUES ('1645', '47', '18', '1');
INSERT INTO `evaluate_score` VALUES ('1646', '47', '19', '1');
INSERT INTO `evaluate_score` VALUES ('1647', '47', '20', '1');
INSERT INTO `evaluate_score` VALUES ('1648', '35', '1', '1');
INSERT INTO `evaluate_score` VALUES ('1649', '35', '2', '1');
INSERT INTO `evaluate_score` VALUES ('1650', '35', '3', '1');
INSERT INTO `evaluate_score` VALUES ('1651', '35', '4', '1');
INSERT INTO `evaluate_score` VALUES ('1652', '35', '5', '1');
INSERT INTO `evaluate_score` VALUES ('1653', '35', '6', '1');
INSERT INTO `evaluate_score` VALUES ('1654', '35', '7', '1');
INSERT INTO `evaluate_score` VALUES ('1655', '35', '8', '1');
INSERT INTO `evaluate_score` VALUES ('1656', '35', '9', '1');
INSERT INTO `evaluate_score` VALUES ('1657', '35', '10', '1');
INSERT INTO `evaluate_score` VALUES ('1658', '35', '11', '1');
INSERT INTO `evaluate_score` VALUES ('1659', '35', '12', '1');
INSERT INTO `evaluate_score` VALUES ('1660', '35', '13', '1');
INSERT INTO `evaluate_score` VALUES ('1661', '35', '14', '1');
INSERT INTO `evaluate_score` VALUES ('1662', '35', '15', '1');
INSERT INTO `evaluate_score` VALUES ('1663', '35', '16', '1');
INSERT INTO `evaluate_score` VALUES ('1664', '35', '17', '1');
INSERT INTO `evaluate_score` VALUES ('1665', '35', '18', '1');
INSERT INTO `evaluate_score` VALUES ('1666', '35', '19', '1');
INSERT INTO `evaluate_score` VALUES ('1667', '35', '20', '1');
INSERT INTO `evaluate_score` VALUES ('1668', '35', '21', '1');
INSERT INTO `evaluate_score` VALUES ('1669', '35', '22', '1');
INSERT INTO `evaluate_score` VALUES ('1670', '35', '23', '1');
INSERT INTO `evaluate_score` VALUES ('1671', '35', '24', '1');
INSERT INTO `evaluate_score` VALUES ('1672', '35', '25', '1');
INSERT INTO `evaluate_score` VALUES ('1673', '35', '26', '1');
INSERT INTO `evaluate_score` VALUES ('1674', '35', '27', '1');
INSERT INTO `evaluate_score` VALUES ('1675', '35', '28', '');
INSERT INTO `evaluate_score` VALUES ('1676', '35', '29', '');
INSERT INTO `evaluate_score` VALUES ('1677', '35', '30', '');
INSERT INTO `evaluate_score` VALUES ('1678', '35', '31', '');
INSERT INTO `evaluate_score` VALUES ('1679', '35', '32', '');
INSERT INTO `evaluate_score` VALUES ('1680', '35', '33', '1');
INSERT INTO `evaluate_score` VALUES ('1681', '35', '34', '1');
INSERT INTO `evaluate_score` VALUES ('1682', '35', '35', '1');
INSERT INTO `evaluate_score` VALUES ('1683', '35', '1', '1');
INSERT INTO `evaluate_score` VALUES ('1684', '35', '2', '1');
INSERT INTO `evaluate_score` VALUES ('1685', '35', '3', '1');
INSERT INTO `evaluate_score` VALUES ('1686', '35', '4', '1');
INSERT INTO `evaluate_score` VALUES ('1687', '35', '5', '1');
INSERT INTO `evaluate_score` VALUES ('1688', '35', '6', '1');
INSERT INTO `evaluate_score` VALUES ('1689', '35', '7', '1');
INSERT INTO `evaluate_score` VALUES ('1690', '35', '8', '1');
INSERT INTO `evaluate_score` VALUES ('1691', '35', '9', '1');
INSERT INTO `evaluate_score` VALUES ('1692', '35', '10', '1');
INSERT INTO `evaluate_score` VALUES ('1693', '35', '11', '1');
INSERT INTO `evaluate_score` VALUES ('1694', '35', '12', '1');
INSERT INTO `evaluate_score` VALUES ('1695', '35', '13', '1');
INSERT INTO `evaluate_score` VALUES ('1696', '35', '14', '1');
INSERT INTO `evaluate_score` VALUES ('1697', '35', '15', '1');
INSERT INTO `evaluate_score` VALUES ('1698', '35', '16', '1');
INSERT INTO `evaluate_score` VALUES ('1699', '35', '17', '1');
INSERT INTO `evaluate_score` VALUES ('1700', '35', '18', '1');
INSERT INTO `evaluate_score` VALUES ('1701', '35', '19', '1');
INSERT INTO `evaluate_score` VALUES ('1702', '35', '20', '1');
INSERT INTO `evaluate_score` VALUES ('1703', '35', '21', '1');
INSERT INTO `evaluate_score` VALUES ('1704', '35', '22', '1');
INSERT INTO `evaluate_score` VALUES ('1705', '35', '23', '1');
INSERT INTO `evaluate_score` VALUES ('1706', '35', '24', '1');
INSERT INTO `evaluate_score` VALUES ('1707', '35', '25', '1');
INSERT INTO `evaluate_score` VALUES ('1708', '35', '26', '1');
INSERT INTO `evaluate_score` VALUES ('1709', '35', '27', '1');
INSERT INTO `evaluate_score` VALUES ('1710', '35', '28', '');
INSERT INTO `evaluate_score` VALUES ('1711', '35', '29', '');
INSERT INTO `evaluate_score` VALUES ('1712', '35', '30', '');
INSERT INTO `evaluate_score` VALUES ('1713', '35', '31', '');
INSERT INTO `evaluate_score` VALUES ('1714', '35', '32', '');
INSERT INTO `evaluate_score` VALUES ('1715', '35', '33', '1');
INSERT INTO `evaluate_score` VALUES ('1716', '35', '34', '1');
INSERT INTO `evaluate_score` VALUES ('1717', '35', '35', '1');
INSERT INTO `evaluate_score` VALUES ('1718', '36', '1', '1');
INSERT INTO `evaluate_score` VALUES ('1719', '36', '2', '1');
INSERT INTO `evaluate_score` VALUES ('1720', '36', '3', '1');
INSERT INTO `evaluate_score` VALUES ('1721', '36', '4', '1');
INSERT INTO `evaluate_score` VALUES ('1722', '36', '5', '1');
INSERT INTO `evaluate_score` VALUES ('1723', '36', '6', '1');
INSERT INTO `evaluate_score` VALUES ('1724', '36', '7', '1');
INSERT INTO `evaluate_score` VALUES ('1725', '36', '8', '1');
INSERT INTO `evaluate_score` VALUES ('1726', '36', '9', '1');
INSERT INTO `evaluate_score` VALUES ('1727', '36', '10', '1');
INSERT INTO `evaluate_score` VALUES ('1728', '36', '11', '1');
INSERT INTO `evaluate_score` VALUES ('1729', '36', '12', '1');
INSERT INTO `evaluate_score` VALUES ('1730', '36', '13', '1');
INSERT INTO `evaluate_score` VALUES ('1731', '36', '14', '1');
INSERT INTO `evaluate_score` VALUES ('1732', '36', '15', '1');
INSERT INTO `evaluate_score` VALUES ('1733', '36', '16', '1');
INSERT INTO `evaluate_score` VALUES ('1734', '36', '17', '1');
INSERT INTO `evaluate_score` VALUES ('1735', '36', '18', '1');
INSERT INTO `evaluate_score` VALUES ('1736', '36', '19', '1');
INSERT INTO `evaluate_score` VALUES ('1737', '36', '20', '1');
INSERT INTO `evaluate_score` VALUES ('1738', '36', '21', '1');
INSERT INTO `evaluate_score` VALUES ('1739', '36', '22', '1');
INSERT INTO `evaluate_score` VALUES ('1740', '36', '23', '1');
INSERT INTO `evaluate_score` VALUES ('1741', '36', '24', '1');
INSERT INTO `evaluate_score` VALUES ('1742', '36', '25', '1');
INSERT INTO `evaluate_score` VALUES ('1743', '36', '26', '1');
INSERT INTO `evaluate_score` VALUES ('1744', '36', '27', '1');
INSERT INTO `evaluate_score` VALUES ('1745', '36', '28', '');
INSERT INTO `evaluate_score` VALUES ('1746', '36', '29', '');
INSERT INTO `evaluate_score` VALUES ('1747', '36', '30', '');
INSERT INTO `evaluate_score` VALUES ('1748', '36', '31', '');
INSERT INTO `evaluate_score` VALUES ('1749', '36', '32', '');
INSERT INTO `evaluate_score` VALUES ('1750', '36', '33', '1');
INSERT INTO `evaluate_score` VALUES ('1751', '36', '34', '1');
INSERT INTO `evaluate_score` VALUES ('1752', '36', '35', '1');

-- ----------------------------
-- Table structure for `evaluate_subj`
-- ----------------------------
DROP TABLE IF EXISTS `evaluate_subj`;
CREATE TABLE `evaluate_subj` (
  `id` int(255) NOT NULL AUTO_INCREMENT COMMENT '主键',
  `subject` varchar(255) DEFAULT NULL COMMENT '课程',
  `class_id` bigint(20) DEFAULT NULL,
  PRIMARY KEY (`id`) USING BTREE
) ENGINE=InnoDB DEFAULT CHARSET=utf8 ROW_FORMAT=DYNAMIC COMMENT='评价课程';

-- ----------------------------
-- Records of evaluate_subj
-- ----------------------------

-- ----------------------------
-- Table structure for `face_detection`
-- ----------------------------
DROP TABLE IF EXISTS `face_detection`;
CREATE TABLE `face_detection` (
  `device_id` int(11) unsigned NOT NULL AUTO_INCREMENT COMMENT '身份证脸部识别机器数据存储Id',
  `device_sn` varchar(255) NOT NULL DEFAULT '' COMMENT '机器识别码',
  `id_number` varchar(255) NOT NULL DEFAULT '' COMMENT '身份证号码',
  `register_area` varchar(255) NOT NULL DEFAULT '' COMMENT '机器注册区域',
  `update_time` varchar(255) NOT NULL DEFAULT '' COMMENT '更新时间',
  PRIMARY KEY (`device_id`) USING BTREE
) ENGINE=MyISAM AUTO_INCREMENT=3 DEFAULT CHARSET=utf8 ROW_FORMAT=DYNAMIC;

-- ----------------------------
-- Records of face_detection
-- ----------------------------
INSERT INTO `face_detection` VALUES ('1', 'SAF7010011800296', '330183199209052842', '西区招待所', '2019-01-24 07:51:33');
INSERT INTO `face_detection` VALUES ('2', 'SAF7010011800306', '', '红枫路招待所', '');

-- ----------------------------
-- Table structure for `offline_data`
-- ----------------------------
DROP TABLE IF EXISTS `offline_data`;
CREATE TABLE `offline_data` (
  `id` int(255) unsigned NOT NULL AUTO_INCREMENT,
  `number` varchar(60) DEFAULT NULL COMMENT '流水号',
  `area` varchar(100) DEFAULT NULL COMMENT '就餐地点',
  `day` varchar(20) NOT NULL COMMENT '日期',
  `time` int(2) NOT NULL COMMENT '时间（1早餐；2中餐；3晚餐）',
  `name` varchar(20) DEFAULT NULL COMMENT '姓名',
  `id_card` varchar(255) DEFAULT NULL COMMENT '身份证号',
  `tel` varchar(60) DEFAULT NULL COMMENT '手机号码',
  `unit` varchar(255) DEFAULT NULL COMMENT '单位名称',
  `uploader` varchar(60) DEFAULT NULL COMMENT '上传者',
  `remarks` varchar(255) DEFAULT NULL COMMENT '备注',
  `status` int(2) DEFAULT NULL COMMENT '数据存储情况（0.未接收、1成功,2失败）',
  `equ_number` varchar(64) DEFAULT NULL COMMENT '设备编号',
  `o_category` int(2) DEFAULT NULL COMMENT '类别（1教师、2学员）',
  PRIMARY KEY (`id`) USING BTREE
) ENGINE=InnoDB DEFAULT CHARSET=utf8 ROW_FORMAT=DYNAMIC;

-- ----------------------------
-- Records of offline_data
-- ----------------------------

-- ----------------------------
-- Table structure for `receipt_form`
-- ----------------------------
DROP TABLE IF EXISTS `receipt_form`;
CREATE TABLE `receipt_form` (
  `receipt_id` bigint(20) NOT NULL AUTO_INCREMENT COMMENT '回执单自增主键id',
  `si_id` int(11) NOT NULL COMMENT '学员id',
  `class_id` bigint(11) NOT NULL COMMENT '班级id',
  `report_time` varchar(255) NOT NULL COMMENT '报名时间',
  PRIMARY KEY (`receipt_id`) USING BTREE
) ENGINE=InnoDB AUTO_INCREMENT=3 DEFAULT CHARSET=utf8 ROW_FORMAT=COMPACT COMMENT='回执表';

-- ----------------------------
-- Records of receipt_form
-- ----------------------------
INSERT INTO `receipt_form` VALUES ('2', '78', '39', '2019-01-16 18:58:54');

-- ----------------------------
-- Table structure for `record_change`
-- ----------------------------
DROP TABLE IF EXISTS `record_change`;
CREATE TABLE `record_change` (
  `id` int(255) NOT NULL AUTO_INCREMENT COMMENT '主键',
  `class_id` bigint(20) DEFAULT NULL COMMENT '班级主键',
  `trainingFee_collection` double(255,0) DEFAULT NULL COMMENT '统收培训费',
  `hotelExpense_collection` double(255,0) DEFAULT NULL COMMENT '统收住宿费',
  `diningFee_collection` double(255,0) DEFAULT NULL COMMENT '统收就餐费',
  `otherExpenses_collection` double(255,0) DEFAULT NULL COMMENT '统收其他费用',
  `explain_collection` varchar(255) DEFAULT NULL COMMENT '说明',
  PRIMARY KEY (`id`) USING BTREE
) ENGINE=InnoDB DEFAULT CHARSET=utf8 ROW_FORMAT=COMPACT COMMENT='录改表';

-- ----------------------------
-- Records of record_change
-- ----------------------------

-- ----------------------------
-- Table structure for `register`
-- ----------------------------
DROP TABLE IF EXISTS `register`;
CREATE TABLE `register` (
  `id` bigint(20) NOT NULL AUTO_INCREMENT,
  `si_id` int(11) DEFAULT NULL COMMENT '学员Id',
  `class_id` bigint(11) NOT NULL COMMENT '班级Id',
  `other_charges` double(64,0) DEFAULT NULL COMMENT '其它费用',
  `training_expense` double(64,0) DEFAULT NULL COMMENT '培训费',
  `scaleFee_total` double(64,0) DEFAULT NULL COMMENT '总住宿费用',
  `food_total` double(64,0) DEFAULT NULL COMMENT '总就餐费用',
  `dining` int(1) DEFAULT NULL COMMENT '是否就餐（1:就餐，2：不就餐）',
  `hotel` int(1) DEFAULT NULL COMMENT '是否住宿（0:标间，1:单间，2：不住宿）',
  `pay` int(1) DEFAULT NULL COMMENT '是否缴费（1:已交，2：未交）',
  `report_time` varchar(255) DEFAULT NULL COMMENT '报到时间',
  `place` varchar(255) DEFAULT NULL COMMENT '报名地点',
  `number` varchar(255) DEFAULT NULL COMMENT '流水号',
  `status` int(10) DEFAULT '0' COMMENT '学员是否已对课程评价  默认为0   0：未评价   1：已评价',
  `hotel_place` varchar(60) NOT NULL,
  PRIMARY KEY (`id`,`hotel_place`)
) ENGINE=InnoDB AUTO_INCREMENT=61 DEFAULT CHARSET=utf8 ROW_FORMAT=COMPACT COMMENT='报到登记';

-- ----------------------------
-- Records of register
-- ----------------------------
INSERT INTO `register` VALUES ('13', '83', '40', '0', '800', '640', '400', '1', '0', '1', '2019-01-20 09:49:26', '西区招待所', '10206322', '0', '西区招待所');
INSERT INTO `register` VALUES ('14', '84', '40', '0', '800', '0', '0', '2', '2', '1', '2019-01-20 09:51:39', '西区招待所', '', '1', '');
INSERT INTO `register` VALUES ('15', '85', '40', '0', '800', '640', '400', '1', '0', '1', '2019-01-20 10:08:18', '西区招待所', '10467539', '0', '西区招待所');
INSERT INTO `register` VALUES ('16', '86', '40', '0', '800', '640', '400', '1', '0', '1', '2019-01-20 10:26:24', '西区招待所', '10401328', '1', '西区招待所');
INSERT INTO `register` VALUES ('17', '87', '40', '0', '800', '640', '400', '1', '0', '1', '2019-01-20 13:30:59', '西区招待所', '10423642', '0', '西区招待所');
INSERT INTO `register` VALUES ('18', '88', '40', '0', '800', '640', '400', '1', '0', '1', '2019-01-20 13:59:20', '西区招待所', '10064746', '1', '西区招待所');
INSERT INTO `register` VALUES ('19', '89', '40', '0', '800', '640', '400', '1', '0', '1', '2019-01-20 14:41:59', '西区招待所', '10481708', '1', '西区招待所');
INSERT INTO `register` VALUES ('20', '90', '40', '0', '800', '640', '400', '1', '0', '1', '2019-01-20 14:43:57', '西区招待所', '10229918', '1', '西区招待所');
INSERT INTO `register` VALUES ('21', '91', '40', '0', '800', '640', '400', '1', '0', '1', '2019-01-20 14:45:10', '西区招待所', '10363926', '1', '西区招待所');
INSERT INTO `register` VALUES ('22', '92', '40', '0', '800', '640', '400', '1', '0', '1', '2019-01-20 14:45:49', '西区招待所', '10184008', '1', '西区招待所');
INSERT INTO `register` VALUES ('23', '93', '40', '0', '800', '640', '400', '1', '0', '1', '2019-01-20 15:09:10', '西区招待所', '10249021', '1', '西区招待所');
INSERT INTO `register` VALUES ('24', '94', '40', '0', '800', '640', '400', '1', '0', '1', '2019-01-20 15:10:03', '西区招待所', '10385125', '0', '西区招待所');
INSERT INTO `register` VALUES ('25', '95', '40', '0', '800', '640', '400', '1', '0', '1', '2019-01-20 15:14:58', '西区招待所', '10239224', '0', '西区招待所');
INSERT INTO `register` VALUES ('26', '96', '40', '0', '800', '640', '400', '1', '0', '1', '2019-01-20 15:15:42', '西区招待所', '10325032', '1', '西区招待所');
INSERT INTO `register` VALUES ('27', '97', '40', '0', '800', '0', '0', '2', '2', '1', '2019-01-20 15:47:46', '西区招待所', '', '1', '');
INSERT INTO `register` VALUES ('28', '99', '40', '0', '800', '640', '400', '1', '0', '1', '2019-01-20 16:09:11', '西区招待所', '10083652', '0', '西区招待所');
INSERT INTO `register` VALUES ('29', '100', '40', '0', '800', '640', '400', '1', '0', '1', '2019-01-20 16:10:15', '西区招待所', '10121214', '0', '西区招待所');
INSERT INTO `register` VALUES ('30', '101', '40', '0', '800', '640', '400', '1', '0', '1', '2019-01-20 16:11:55', '西区招待所', '10101188', '0', '西区招待所');
INSERT INTO `register` VALUES ('31', '98', '40', '0', '800', '640', '400', '1', '0', '1', '2019-01-20 16:12:18', '西区招待所', '10282336', '0', '西区招待所');
INSERT INTO `register` VALUES ('32', '102', '40', '0', '800', '640', '400', '1', '0', '1', '2019-01-20 16:19:27', '西区招待所', '10306303', '0', '西区招待所');
INSERT INTO `register` VALUES ('33', '103', '40', '0', '800', '640', '400', '1', '0', '1', '2019-01-20 16:20:30', '西区招待所', '10144397', '1', '西区招待所');
INSERT INTO `register` VALUES ('34', '104', '40', '0', '800', '640', '400', '1', '0', '1', '2019-01-20 16:21:07', '西区招待所', '10167797', '1', '西区招待所');
INSERT INTO `register` VALUES ('35', '105', '40', '0', '800', '640', '400', '1', '0', '1', '2019-01-20 16:36:48', '西区招待所', '10053362', '1', '西区招待所');
INSERT INTO `register` VALUES ('36', '106', '40', '0', '800', '640', '400', '1', '0', '1', '2019-01-20 16:37:30', '西区招待所', '10261385', '1', '西区招待所');
INSERT INTO `register` VALUES ('37', '107', '40', '0', '800', '640', '400', '1', '0', '1', '2019-01-20 17:19:40', '西区招待所', '10015108', '1', '西区招待所');
INSERT INTO `register` VALUES ('38', '108', '40', '0', '800', '640', '400', '1', '0', '1', '2019-01-20 17:20:40', '西区招待所', '10099494', '1', '西区招待所');
INSERT INTO `register` VALUES ('39', '109', '40', '0', '800', '0', '0', '2', '2', '1', '2019-01-20 17:21:34', '西区招待所', '', '1', '');
INSERT INTO `register` VALUES ('40', '110', '40', '0', '800', '0', '0', '2', '2', '1', '2019-01-20 17:26:56', '西区招待所', '', '0', '');
INSERT INTO `register` VALUES ('41', '111', '40', '0', '800', '0', '0', '2', '2', '1', '2019-01-20 17:27:46', '西区招待所', '', '0', '');
INSERT INTO `register` VALUES ('42', '112', '40', '0', '800', '640', '400', '1', '0', '1', '2019-01-20 17:28:25', '西区招待所', '10118760', '0', '西区招待所');
INSERT INTO `register` VALUES ('43', '113', '40', '0', '800', '640', '400', '1', '0', '1', '2019-01-20 17:33:03', '西区招待所', '10254585', '1', '西区招待所');
INSERT INTO `register` VALUES ('44', '114', '40', '0', '800', '0', '0', '2', '2', '1', '2019-01-20 17:33:39', '西区招待所', '', '1', '');
INSERT INTO `register` VALUES ('45', '115', '40', '0', '800', '640', '400', '1', '0', '1', '2019-01-20 18:04:04', '西区招待所', '10194918', '0', '西区招待所');
INSERT INTO `register` VALUES ('46', '116', '40', '0', '800', '0', '0', '2', '2', '1', '2019-01-20 18:05:07', '西区招待所', '', '1', '');
INSERT INTO `register` VALUES ('47', '117', '40', '0', '800', '0', '0', '2', '2', '1', '2019-01-20 18:06:21', '西区招待所', '', '1', '');
INSERT INTO `register` VALUES ('48', '118', '40', '0', '800', '0', '0', '2', '2', '1', '2019-01-20 18:09:28', '西区招待所', '', '1', '');
INSERT INTO `register` VALUES ('49', '119', '40', '0', '800', '640', '400', '1', '0', '1', '2019-01-20 18:54:43', '西区招待所', '10278728', '0', '西区招待所');
INSERT INTO `register` VALUES ('50', '120', '40', '0', '800', '640', '400', '1', '0', '1', '2019-01-20 18:55:26', '西区招待所', '10178420', '0', '西区招待所');
INSERT INTO `register` VALUES ('51', '121', '40', '0', '800', '640', '400', '1', '0', '1', '2019-01-20 18:56:25', '西区招待所', '10349142', '1', '西区招待所');
INSERT INTO `register` VALUES ('52', '122', '40', '0', '800', '640', '400', '1', '0', '1', '2019-01-20 19:00:54', '西区招待所', '10043188', '1', '西区招待所');
INSERT INTO `register` VALUES ('53', '123', '40', '0', '800', '640', '400', '1', '0', '1', '2019-01-20 19:17:59', '西区招待所', '10131926', '0', '西区招待所');
INSERT INTO `register` VALUES ('54', '124', '40', '0', '800', '1000', '400', '1', '1', '1', '2019-01-20 21:08:26', '西区招待所', '10449626', '1', '西区招待所');
INSERT INTO `register` VALUES ('55', '125', '40', '0', '800', '480', '400', '1', '0', '1', '2019-01-21 07:36:55', '西区招待所', '10333488', '0', '西区招待所');
INSERT INTO `register` VALUES ('56', '126', '40', '0', '800', '480', '400', '1', '0', '1', '2019-01-21 07:38:17', '西区招待所', '10157249', '0', '西区招待所');
INSERT INTO `register` VALUES ('57', '127', '40', '0', '800', '0', '0', '2', '2', '1', '2019-01-21 07:48:35', '西区招待所', '', '1', '');
INSERT INTO `register` VALUES ('58', '128', '40', '0', '800', '0', '0', '2', '2', '1', '2019-01-21 07:54:18', '西区招待所', '', '1', '');
INSERT INTO `register` VALUES ('59', '129', '40', '0', '800', '480', '400', '1', '0', '1', '2019-01-21 08:32:32', '西区招待所', '10216020', '1', '西区招待所');
INSERT INTO `register` VALUES ('60', '130', '40', '0', '800', '0', '0', '2', '2', '1', '2019-01-21 11:38:12', '西区招待所', '', '0', '');

-- ----------------------------
-- Table structure for `scheduling`
-- ----------------------------
DROP TABLE IF EXISTS `scheduling`;
CREATE TABLE `scheduling` (
  `scheduling_id` bigint(255) NOT NULL AUTO_INCREMENT COMMENT '日程安排主键id',
  `day` varchar(64) DEFAULT NULL COMMENT '日期',
  `time` varchar(64) DEFAULT NULL COMMENT '时间段',
  `scheduling_content` varchar(255) DEFAULT NULL COMMENT '课程或内容',
  `teacher` varchar(64) DEFAULT NULL COMMENT '教师',
  `classroom` varchar(255) DEFAULT NULL COMMENT '关联区域教师表',
  `evaluation` int(1) DEFAULT NULL COMMENT '是否评测 1是0否',
  `class_id` varchar(64) DEFAULT NULL COMMENT '班级id',
  `teaching_form` varchar(255) DEFAULT NULL,
  `teacher_dep` varchar(255) DEFAULT NULL,
  PRIMARY KEY (`scheduling_id`) USING BTREE
) ENGINE=InnoDB AUTO_INCREMENT=47 DEFAULT CHARSET=utf8 ROW_FORMAT=COMPACT;

-- ----------------------------
-- Records of scheduling
-- ----------------------------
INSERT INTO `scheduling` VALUES ('1', '2019-01-17', '09:00 - 10:00', '测试', '王老师', '东区报告厅', '1', '39', null, null);
INSERT INTO `scheduling` VALUES ('3', '2019-01-21', '08:00-11:30', '选择判断', '赵岱平', '西区205机房', '1', '40', null, null);
INSERT INTO `scheduling` VALUES ('4', '2019-01-21', '14:00-17:30', '简答题', '丁莎', '西区205机房', '1', '40', null, null);
INSERT INTO `scheduling` VALUES ('5', '2019-01-22', '08:00-11:30', '计算题', '徐华', '西区205机房', '1', '40', null, null);
INSERT INTO `scheduling` VALUES ('6', '2019-01-22', '14:00-17:30', '绘图题', '马娟', '西区205机房', '1', '40', null, null);
INSERT INTO `scheduling` VALUES ('7', '2019-01-23', '08:00-11:30', '论述题', '房雪雷', '西区205机房', '1', '40', null, null);
INSERT INTO `scheduling` VALUES ('8', '2019-01-23', '14:00-17:30', '综述与分析', '陈银', '西区205机房', '1', '40', null, null);
INSERT INTO `scheduling` VALUES ('9', '2019-01-24\r\n', null, '理论考试', null, null, '0', '40', null, null);
INSERT INTO `scheduling` VALUES ('10', '2019-01-24', null, '技能考试', null, null, '0', '40', null, null);
INSERT INTO `scheduling` VALUES ('23', '2019-01-18', '08:00 - 11:00', '测试', '', '西区102教室', '0', '39', null, null);
INSERT INTO `scheduling` VALUES ('24', '2019-07-03', '08:15 - 11:30', '35kV及以上主网理论线损计算上机操作', '李艳涛', '西区302机房', '1', '92', null, null);
INSERT INTO `scheduling` VALUES ('25', '2019-07-03', '14:30 - 17:30', '400V台区理论计算上机操作', '徐耀', '西区401机房', '1', '92', null, null);
INSERT INTO `scheduling` VALUES ('26', '2019-07-03', '08:15 - 11:30', '10kV配网理论线损计算上机操作', '王汝帅', '西区305机房', '1', '92', null, null);
INSERT INTO `scheduling` VALUES ('27', '2019-07-03', '08:15 - 11:30', '400V台区理论计算上机操作', '徐耀', '西区401机房', '1', '92', null, null);
INSERT INTO `scheduling` VALUES ('28', '2019-07-03', '14:30 - 17:30', '35kV及以上主网理论线损计算上机操作', '李艳涛', '西区302机房', '1', '92', null, null);
INSERT INTO `scheduling` VALUES ('29', '2019-07-03', '14:30 - 17:30', '10kV配网理论线损计算上机操作', '王汝帅', '西区305机房', '1', '92', null, null);
INSERT INTO `scheduling` VALUES ('30', '2019-07-04', '08:15 - 09:50', '线损理论计算回顾及问题总结', '程石', '西区大礼堂', '1', '92', null, null);
INSERT INTO `scheduling` VALUES ('31', '2019-07-04', '09:50 - 10:45', '主网线损理论计算分析', '王京景', '西区大礼堂', '1', '92', null, null);
INSERT INTO `scheduling` VALUES ('32', '2019-07-04', '10:45 - 11:30', '宣贯DL/T-686 《电力网电能损耗计算导则》', '仇茹嘉', '西区大礼堂', '1', '92', null, null);
INSERT INTO `scheduling` VALUES ('33', '2019-07-04', '14:30 - 15:45', '负荷实测及线损理论计算业务要点', '罗希', '西区大礼堂', '1', '92', null, null);
INSERT INTO `scheduling` VALUES ('34', '2019-07-04', '15:45 - 17:30', '线损理论计算工作交流', '杨帆', '西区大礼堂', '1', '92', null, null);
INSERT INTO `scheduling` VALUES ('36', '2019-07-04', '08:15 - 09:50', '线损理论计算回顾及问题总结', '程石', '西区大礼堂', '1', '94', null, null);
INSERT INTO `scheduling` VALUES ('37', '2019-07-04', '09:50 - 10:45', '主网线损理论计算分析', '王京景', '西区大礼堂', '1', '94', null, null);
INSERT INTO `scheduling` VALUES ('38', '2019-07-04', '10:45 - 11:30', '宣贯DL/T-686 《电力网电能损耗计算导则》', '仇嘉茹', '西区大礼堂', '1', '94', null, null);
INSERT INTO `scheduling` VALUES ('39', '2019-07-04', '14:30 - 15:45', '负荷实测及线损理论计算业务要点', '罗希', '西区大礼堂', '1', '94', null, null);
INSERT INTO `scheduling` VALUES ('40', '2019-07-04', '15:45 - 17:30', '线损理论计算工作交流', '杨帆', '西区大礼堂', '1', '94', null, null);
INSERT INTO `scheduling` VALUES ('41', '2019-07-05', '14:30 - 17:30', '35kV及以上主网理论线损计算上机操作', '李艳涛', '西区302机房', '1', '94', null, null);
INSERT INTO `scheduling` VALUES ('42', '2019-07-05', '08:15 - 11:30', '35kV及以上主网理论线损计算上机操作', '李艳涛', '西区302机房', '1', '94', null, null);
INSERT INTO `scheduling` VALUES ('43', '2019-07-05', '08:15 - 11:30', '10kV配网理论线损计算上机操作', '王汝帅', '西区305机房', '1', '94', null, null);
INSERT INTO `scheduling` VALUES ('44', '2019-07-05', '14:30 - 17:30', '10kV配网理论线损计算上机操作', '王汝帅', '西区305机房', '1', '94', null, null);
INSERT INTO `scheduling` VALUES ('45', '2019-07-05', '14:30 - 17:30', '400V台区理论计算上机操作', '徐耀', '西区401机房', '1', '94', null, null);
INSERT INTO `scheduling` VALUES ('46', '2019-07-05', '08:15 - 11:30', '400V台区理论计算上机操作', '徐耀', '西区401机房', '1', '94', null, null);

-- ----------------------------
-- Table structure for `score_report`
-- ----------------------------
DROP TABLE IF EXISTS `score_report`;
CREATE TABLE `score_report` (
  `id` bigint(255) NOT NULL AUTO_INCREMENT COMMENT '主键',
  `class_id` bigint(64) DEFAULT NULL COMMENT '班级id',
  `mark` varchar(64) DEFAULT NULL COMMENT '成绩',
  `report_name` varchar(64) DEFAULT NULL COMMENT '证书名称',
  `report_number` varchar(64) DEFAULT NULL COMMENT '证书编号',
  `student_id` bigint(64) DEFAULT NULL COMMENT '学员',
  `remark` varchar(255) DEFAULT NULL COMMENT '备注',
  PRIMARY KEY (`id`) USING BTREE
) ENGINE=InnoDB DEFAULT CHARSET=utf8 ROW_FORMAT=COMPACT;

-- ----------------------------
-- Records of score_report
-- ----------------------------

-- ----------------------------
-- Table structure for `student_card`
-- ----------------------------
DROP TABLE IF EXISTS `student_card`;
CREATE TABLE `student_card` (
  `id` int(11) NOT NULL AUTO_INCREMENT,
  `number` varchar(255) NOT NULL COMMENT '学员证流水号',
  `student_id` int(11) DEFAULT NULL COMMENT '学员id',
  `register_time` varchar(255) DEFAULT NULL COMMENT '报名时间',
  PRIMARY KEY (`id`) USING BTREE
) ENGINE=InnoDB AUTO_INCREMENT=1283 DEFAULT CHARSET=utf8 ROW_FORMAT=COMPACT COMMENT='学员证流水号';

-- ----------------------------
-- Records of student_card
-- ----------------------------
INSERT INTO `student_card` VALUES ('24', '10014815', '130', '2019-01-21 11:38:12');
INSERT INTO `student_card` VALUES ('25', '13206', null, null);
INSERT INTO `student_card` VALUES ('26', '10015108', '107', '2019-01-20 17:19:40');
INSERT INTO `student_card` VALUES ('27', '10024134', null, null);
INSERT INTO `student_card` VALUES ('28', '10038089', null, null);
INSERT INTO `student_card` VALUES ('29', '10043188', '122', '2019-01-20 19:00:54');
INSERT INTO `student_card` VALUES ('30', '10053362', '105', '2019-01-20 16:36:48');
INSERT INTO `student_card` VALUES ('31', '10064746', '88', '2019-01-20 13:59:20');
INSERT INTO `student_card` VALUES ('32', '10078242', null, null);
INSERT INTO `student_card` VALUES ('33', '10083652', '99', '2019-01-20 16:09:11');
INSERT INTO `student_card` VALUES ('34', '10099494', '108', '2019-01-20 17:20:40');
INSERT INTO `student_card` VALUES ('35', '10101188', '101', '2019-01-20 16:11:55');
INSERT INTO `student_card` VALUES ('36', '10118760', null, null);
INSERT INTO `student_card` VALUES ('37', '10121214', '100', '2019-01-20 16:10:15');
INSERT INTO `student_card` VALUES ('38', '10131926', '123', '2019-01-20 19:17:59');
INSERT INTO `student_card` VALUES ('39', '10144397', '103', '2019-01-20 16:20:30');
INSERT INTO `student_card` VALUES ('40', '10157249', '126', '2019-01-21 07:38:17');
INSERT INTO `student_card` VALUES ('41', '10167797', '104', '2019-01-20 16:21:07');
INSERT INTO `student_card` VALUES ('42', '10178420', '120', '2019-01-20 18:55:26');
INSERT INTO `student_card` VALUES ('43', '10184008', '92', '2019-01-20 14:45:49');
INSERT INTO `student_card` VALUES ('44', '10194918', '115', '2019-01-20 18:04:04');
INSERT INTO `student_card` VALUES ('45', '10206322', '83', '2019-01-20 09:49:26');
INSERT INTO `student_card` VALUES ('46', '10216020', '129', '2019-01-21 08:32:32');
INSERT INTO `student_card` VALUES ('47', '10229918', '90', '2019-01-20 14:43:57');
INSERT INTO `student_card` VALUES ('48', '10239224', '95', '2019-01-20 15:14:58');
INSERT INTO `student_card` VALUES ('49', '10249021', '93', '2019-01-20 15:09:10');
INSERT INTO `student_card` VALUES ('50', '10254585', null, null);
INSERT INTO `student_card` VALUES ('51', '10261385', '106', '2019-01-20 16:37:30');
INSERT INTO `student_card` VALUES ('52', '10278728', '119', '2019-01-20 18:54:43');
INSERT INTO `student_card` VALUES ('53', '10282336', '98', '2019-01-20 16:12:18');
INSERT INTO `student_card` VALUES ('54', '10291021', null, null);
INSERT INTO `student_card` VALUES ('55', '10306303', '102', '2019-01-20 16:19:27');
INSERT INTO `student_card` VALUES ('56', '10319288', null, null);
INSERT INTO `student_card` VALUES ('57', '10325032', '96', '2019-01-20 15:15:42');
INSERT INTO `student_card` VALUES ('58', '10333488', '125', '2019-01-21 07:36:55');
INSERT INTO `student_card` VALUES ('59', '10349142', '121', '2019-01-20 18:56:25');
INSERT INTO `student_card` VALUES ('60', '10356258', null, null);
INSERT INTO `student_card` VALUES ('61', '10363926', '91', '2019-01-20 14:45:10');
INSERT INTO `student_card` VALUES ('62', '10377024', null, null);
INSERT INTO `student_card` VALUES ('63', '10385125', '94', '2019-01-20 15:10:03');
INSERT INTO `student_card` VALUES ('64', '10395462', null, null);
INSERT INTO `student_card` VALUES ('65', '10401328', '86', '2019-01-20 10:26:24');
INSERT INTO `student_card` VALUES ('66', '10414307', null, null);
INSERT INTO `student_card` VALUES ('67', '10423642', '87', '2019-01-20 13:30:59');
INSERT INTO `student_card` VALUES ('68', '10435309', null, null);
INSERT INTO `student_card` VALUES ('69', '10449626', '124', '2019-01-20 21:08:26');
INSERT INTO `student_card` VALUES ('70', '10459479', null, null);
INSERT INTO `student_card` VALUES ('71', '10467539', '85', '2019-01-20 10:08:18');
INSERT INTO `student_card` VALUES ('72', '10475598', null, null);
INSERT INTO `student_card` VALUES ('73', '10481708', '89', '2019-01-20 14:41:59');
INSERT INTO `student_card` VALUES ('74', '10491291', null, null);
INSERT INTO `student_card` VALUES ('75', '10502901', null, null);
INSERT INTO `student_card` VALUES ('76', '10513204', null, null);
INSERT INTO `student_card` VALUES ('77', '10523827', null, null);
INSERT INTO `student_card` VALUES ('78', '10535125', null, null);
INSERT INTO `student_card` VALUES ('79', '10542153', null, null);
INSERT INTO `student_card` VALUES ('82', '40012367', '81', '2019-01-19 12:24:57');
INSERT INTO `student_card` VALUES ('83', '40021955', '82', '2019-01-19 12:26:24');
INSERT INTO `student_card` VALUES ('183', '10019022', null, null);
INSERT INTO `student_card` VALUES ('184', '10026129', null, null);
INSERT INTO `student_card` VALUES ('185', '10039500', null, null);
INSERT INTO `student_card` VALUES ('186', '10049062', null, null);
INSERT INTO `student_card` VALUES ('187', '10055222', null, null);
INSERT INTO `student_card` VALUES ('188', '10065519', null, null);
INSERT INTO `student_card` VALUES ('189', '10077449', null, null);
INSERT INTO `student_card` VALUES ('190', '10087042', null, null);
INSERT INTO `student_card` VALUES ('191', '10096788', null, null);
INSERT INTO `student_card` VALUES ('192', '10109393', null, null);
INSERT INTO `student_card` VALUES ('193', '10112734', null, null);
INSERT INTO `student_card` VALUES ('194', '10129273', null, null);
INSERT INTO `student_card` VALUES ('195', '10131427', null, null);
INSERT INTO `student_card` VALUES ('196', '10148240', null, null);
INSERT INTO `student_card` VALUES ('197', '10158542', null, null);
INSERT INTO `student_card` VALUES ('198', '10165540', null, null);
INSERT INTO `student_card` VALUES ('199', '10178366', null, null);
INSERT INTO `student_card` VALUES ('200', '10182935', null, null);
INSERT INTO `student_card` VALUES ('201', '10198245', null, null);
INSERT INTO `student_card` VALUES ('202', '10207021', null, null);
INSERT INTO `student_card` VALUES ('203', '10212027', null, null);
INSERT INTO `student_card` VALUES ('204', '10226335', null, null);
INSERT INTO `student_card` VALUES ('205', '10236408', null, null);
INSERT INTO `student_card` VALUES ('206', '10245362', null, null);
INSERT INTO `student_card` VALUES ('207', '10251926', null, null);
INSERT INTO `student_card` VALUES ('208', '10262292', null, null);
INSERT INTO `student_card` VALUES ('209', '10275029', null, null);
INSERT INTO `student_card` VALUES ('210', '10284726', null, null);
INSERT INTO `student_card` VALUES ('211', '10292099', null, null);
INSERT INTO `student_card` VALUES ('212', '10307841', null, null);
INSERT INTO `student_card` VALUES ('213', '10311713', null, null);
INSERT INTO `student_card` VALUES ('214', '10324611', null, null);
INSERT INTO `student_card` VALUES ('215', '10334885', null, null);
INSERT INTO `student_card` VALUES ('216', '10345401', null, null);
INSERT INTO `student_card` VALUES ('217', '10358569', null, null);
INSERT INTO `student_card` VALUES ('218', '10368391', null, null);
INSERT INTO `student_card` VALUES ('219', '10377728', null, null);
INSERT INTO `student_card` VALUES ('220', '10388321', null, null);
INSERT INTO `student_card` VALUES ('221', '10396442', null, null);
INSERT INTO `student_card` VALUES ('222', '10403730', null, null);
INSERT INTO `student_card` VALUES ('223', '10415789', null, null);
INSERT INTO `student_card` VALUES ('224', '10425238', null, null);
INSERT INTO `student_card` VALUES ('225', '10432742', null, null);
INSERT INTO `student_card` VALUES ('226', '10449249', null, null);
INSERT INTO `student_card` VALUES ('227', '10458514', null, null);
INSERT INTO `student_card` VALUES ('228', '10463311', null, null);
INSERT INTO `student_card` VALUES ('229', '10477514', null, null);
INSERT INTO `student_card` VALUES ('230', '10485092', null, null);
INSERT INTO `student_card` VALUES ('231', '10494020', null, null);
INSERT INTO `student_card` VALUES ('232', '10503546', null, null);
INSERT INTO `student_card` VALUES ('233', '10515609', null, null);
INSERT INTO `student_card` VALUES ('234', '10526303', null, null);
INSERT INTO `student_card` VALUES ('235', '10532077', null, null);
INSERT INTO `student_card` VALUES ('236', '10545105', null, null);
INSERT INTO `student_card` VALUES ('237', '10559753', null, null);
INSERT INTO `student_card` VALUES ('238', '10565277', null, null);
INSERT INTO `student_card` VALUES ('239', '10576727', null, null);
INSERT INTO `student_card` VALUES ('240', '10585722', null, null);
INSERT INTO `student_card` VALUES ('241', '10593091', null, null);
INSERT INTO `student_card` VALUES ('242', '10609890', null, null);
INSERT INTO `student_card` VALUES ('243', '10613081', null, null);
INSERT INTO `student_card` VALUES ('244', '10629065', null, null);
INSERT INTO `student_card` VALUES ('245', '10631309', null, null);
INSERT INTO `student_card` VALUES ('246', '10642272', null, null);
INSERT INTO `student_card` VALUES ('247', '10656643', null, null);
INSERT INTO `student_card` VALUES ('248', '10666175', null, null);
INSERT INTO `student_card` VALUES ('249', '10678725', null, null);
INSERT INTO `student_card` VALUES ('250', '10684656', null, null);
INSERT INTO `student_card` VALUES ('251', '10697576', null, null);
INSERT INTO `student_card` VALUES ('252', '10709920', null, null);
INSERT INTO `student_card` VALUES ('253', '10711880', null, null);
INSERT INTO `student_card` VALUES ('254', '10726117', null, null);
INSERT INTO `student_card` VALUES ('255', '10732707', null, null);
INSERT INTO `student_card` VALUES ('256', '10742726', null, null);
INSERT INTO `student_card` VALUES ('257', '10755991', null, null);
INSERT INTO `student_card` VALUES ('258', '10765555', null, null);
INSERT INTO `student_card` VALUES ('259', '10772684', null, null);
INSERT INTO `student_card` VALUES ('260', '10788724', null, null);
INSERT INTO `student_card` VALUES ('261', '10795321', null, null);
INSERT INTO `student_card` VALUES ('262', '10807735', null, null);
INSERT INTO `student_card` VALUES ('263', '10811643', null, null);
INSERT INTO `student_card` VALUES ('264', '10828860', null, null);
INSERT INTO `student_card` VALUES ('265', '10838929', null, null);
INSERT INTO `student_card` VALUES ('266', '10849766', null, null);
INSERT INTO `student_card` VALUES ('267', '10855926', null, null);
INSERT INTO `student_card` VALUES ('268', '10867419', null, null);
INSERT INTO `student_card` VALUES ('269', '10878509', null, null);
INSERT INTO `student_card` VALUES ('270', '10886965', null, null);
INSERT INTO `student_card` VALUES ('271', '10893905', null, null);
INSERT INTO `student_card` VALUES ('272', '10907907', null, null);
INSERT INTO `student_card` VALUES ('273', '10912011', null, null);
INSERT INTO `student_card` VALUES ('274', '10929646', null, null);
INSERT INTO `student_card` VALUES ('275', '10933702', null, null);
INSERT INTO `student_card` VALUES ('276', '10948206', null, null);
INSERT INTO `student_card` VALUES ('277', '10955532', null, null);
INSERT INTO `student_card` VALUES ('278', '10965031', null, null);
INSERT INTO `student_card` VALUES ('279', '10976658', null, null);
INSERT INTO `student_card` VALUES ('280', '10982454', null, null);
INSERT INTO `student_card` VALUES ('281', '10998504', null, null);
INSERT INTO `student_card` VALUES ('282', '11009106', null, null);
INSERT INTO `student_card` VALUES ('383', '20019796', null, null);
INSERT INTO `student_card` VALUES ('384', '20023086', null, null);
INSERT INTO `student_card` VALUES ('385', '20039032', null, null);
INSERT INTO `student_card` VALUES ('386', '20049591', null, null);
INSERT INTO `student_card` VALUES ('387', '20056941', null, null);
INSERT INTO `student_card` VALUES ('388', '20064163', null, null);
INSERT INTO `student_card` VALUES ('389', '20071201', null, null);
INSERT INTO `student_card` VALUES ('390', '20085860', null, null);
INSERT INTO `student_card` VALUES ('391', '20098085', null, null);
INSERT INTO `student_card` VALUES ('392', '20102076', null, null);
INSERT INTO `student_card` VALUES ('393', '20113537', null, null);
INSERT INTO `student_card` VALUES ('394', '20129235', null, null);
INSERT INTO `student_card` VALUES ('395', '20138150', null, null);
INSERT INTO `student_card` VALUES ('396', '20147069', null, null);
INSERT INTO `student_card` VALUES ('397', '20152896', null, null);
INSERT INTO `student_card` VALUES ('398', '20169103', null, null);
INSERT INTO `student_card` VALUES ('399', '20178726', null, null);
INSERT INTO `student_card` VALUES ('400', '20183228', null, null);
INSERT INTO `student_card` VALUES ('401', '20192018', null, null);
INSERT INTO `student_card` VALUES ('402', '20207898', null, null);
INSERT INTO `student_card` VALUES ('403', '20215971', null, null);
INSERT INTO `student_card` VALUES ('404', '20226076', null, null);
INSERT INTO `student_card` VALUES ('405', '20232787', null, null);
INSERT INTO `student_card` VALUES ('406', '20246070', null, null);
INSERT INTO `student_card` VALUES ('407', '20256795', null, null);
INSERT INTO `student_card` VALUES ('408', '20262105', null, null);
INSERT INTO `student_card` VALUES ('409', '20279746', null, null);
INSERT INTO `student_card` VALUES ('410', '20285249', null, null);
INSERT INTO `student_card` VALUES ('411', '20294563', null, null);
INSERT INTO `student_card` VALUES ('412', '20307006', null, null);
INSERT INTO `student_card` VALUES ('413', '20313754', null, null);
INSERT INTO `student_card` VALUES ('414', '20329887', null, null);
INSERT INTO `student_card` VALUES ('415', '20331115', null, null);
INSERT INTO `student_card` VALUES ('416', '20341991', null, null);
INSERT INTO `student_card` VALUES ('417', '20353862', null, null);
INSERT INTO `student_card` VALUES ('418', '20367474', null, null);
INSERT INTO `student_card` VALUES ('419', '20372834', null, null);
INSERT INTO `student_card` VALUES ('420', '20384680', null, null);
INSERT INTO `student_card` VALUES ('421', '20394338', null, null);
INSERT INTO `student_card` VALUES ('422', '20404101', null, null);
INSERT INTO `student_card` VALUES ('423', '20412650', null, null);
INSERT INTO `student_card` VALUES ('424', '20424706', null, null);
INSERT INTO `student_card` VALUES ('425', '20433505', null, null);
INSERT INTO `student_card` VALUES ('426', '20447993', null, null);
INSERT INTO `student_card` VALUES ('427', '20458303', null, null);
INSERT INTO `student_card` VALUES ('428', '20465338', null, null);
INSERT INTO `student_card` VALUES ('429', '20471474', null, null);
INSERT INTO `student_card` VALUES ('430', '20489425', null, null);
INSERT INTO `student_card` VALUES ('431', '20499970', null, null);
INSERT INTO `student_card` VALUES ('432', '20508179', null, null);
INSERT INTO `student_card` VALUES ('433', '20514168', null, null);
INSERT INTO `student_card` VALUES ('434', '20526296', null, null);
INSERT INTO `student_card` VALUES ('435', '20539327', null, null);
INSERT INTO `student_card` VALUES ('436', '20546187', null, null);
INSERT INTO `student_card` VALUES ('437', '20552009', null, null);
INSERT INTO `student_card` VALUES ('438', '20566515', null, null);
INSERT INTO `student_card` VALUES ('439', '20572447', null, null);
INSERT INTO `student_card` VALUES ('440', '20582087', null, null);
INSERT INTO `student_card` VALUES ('441', '20597480', null, null);
INSERT INTO `student_card` VALUES ('442', '20607281', null, null);
INSERT INTO `student_card` VALUES ('443', '20612499', null, null);
INSERT INTO `student_card` VALUES ('444', '20625520', null, null);
INSERT INTO `student_card` VALUES ('445', '20635376', null, null);
INSERT INTO `student_card` VALUES ('446', '20649267', null, null);
INSERT INTO `student_card` VALUES ('447', '20654093', null, null);
INSERT INTO `student_card` VALUES ('448', '20669123', null, null);
INSERT INTO `student_card` VALUES ('449', '20671903', null, null);
INSERT INTO `student_card` VALUES ('450', '20688711', null, null);
INSERT INTO `student_card` VALUES ('451', '20693220', null, null);
INSERT INTO `student_card` VALUES ('452', '20702096', null, null);
INSERT INTO `student_card` VALUES ('453', '20712991', null, null);
INSERT INTO `student_card` VALUES ('454', '20729412', null, null);
INSERT INTO `student_card` VALUES ('455', '20733205', null, null);
INSERT INTO `student_card` VALUES ('456', '20745720', null, null);
INSERT INTO `student_card` VALUES ('457', '20754058', null, null);
INSERT INTO `student_card` VALUES ('458', '20764686', null, null);
INSERT INTO `student_card` VALUES ('459', '20775759', null, null);
INSERT INTO `student_card` VALUES ('460', '20787716', null, null);
INSERT INTO `student_card` VALUES ('461', '20796253', null, null);
INSERT INTO `student_card` VALUES ('462', '20801391', null, null);
INSERT INTO `student_card` VALUES ('463', '20811218', null, null);
INSERT INTO `student_card` VALUES ('464', '20828287', null, null);
INSERT INTO `student_card` VALUES ('465', '20832655', null, null);
INSERT INTO `student_card` VALUES ('466', '20848241', null, null);
INSERT INTO `student_card` VALUES ('467', '20855323', null, null);
INSERT INTO `student_card` VALUES ('468', '20869201', null, null);
INSERT INTO `student_card` VALUES ('469', '20879212', null, null);
INSERT INTO `student_card` VALUES ('470', '20881771', null, null);
INSERT INTO `student_card` VALUES ('471', '20897436', null, null);
INSERT INTO `student_card` VALUES ('472', '20901276', null, null);
INSERT INTO `student_card` VALUES ('473', '20919256', null, null);
INSERT INTO `student_card` VALUES ('474', '20928459', null, null);
INSERT INTO `student_card` VALUES ('475', '20937922', null, null);
INSERT INTO `student_card` VALUES ('476', '20947196', null, null);
INSERT INTO `student_card` VALUES ('477', '20951286', null, null);
INSERT INTO `student_card` VALUES ('478', '20966720', null, null);
INSERT INTO `student_card` VALUES ('479', '20975540', null, null);
INSERT INTO `student_card` VALUES ('480', '20986658', null, null);
INSERT INTO `student_card` VALUES ('481', '20998329', null, null);
INSERT INTO `student_card` VALUES ('482', '21004730', null, null);
INSERT INTO `student_card` VALUES ('483', '30011064', null, null);
INSERT INTO `student_card` VALUES ('484', '30029506', null, null);
INSERT INTO `student_card` VALUES ('485', '30033595', null, null);
INSERT INTO `student_card` VALUES ('486', '30044263', null, null);
INSERT INTO `student_card` VALUES ('487', '30051046', null, null);
INSERT INTO `student_card` VALUES ('488', '30062598', null, null);
INSERT INTO `student_card` VALUES ('489', '30076334', null, null);
INSERT INTO `student_card` VALUES ('490', '30082031', null, null);
INSERT INTO `student_card` VALUES ('491', '30094573', null, null);
INSERT INTO `student_card` VALUES ('492', '30102896', null, null);
INSERT INTO `student_card` VALUES ('493', '30115779', null, null);
INSERT INTO `student_card` VALUES ('494', '30127361', null, null);
INSERT INTO `student_card` VALUES ('495', '30139112', null, null);
INSERT INTO `student_card` VALUES ('496', '30144428', null, null);
INSERT INTO `student_card` VALUES ('497', '30153793', null, null);
INSERT INTO `student_card` VALUES ('498', '30166347', null, null);
INSERT INTO `student_card` VALUES ('499', '30178055', null, null);
INSERT INTO `student_card` VALUES ('500', '30181552', null, null);
INSERT INTO `student_card` VALUES ('501', '30196389', null, null);
INSERT INTO `student_card` VALUES ('502', '30204038', null, null);
INSERT INTO `student_card` VALUES ('503', '30216363', null, null);
INSERT INTO `student_card` VALUES ('504', '30222206', null, null);
INSERT INTO `student_card` VALUES ('505', '30234591', null, null);
INSERT INTO `student_card` VALUES ('506', '30247632', null, null);
INSERT INTO `student_card` VALUES ('507', '30258804', null, null);
INSERT INTO `student_card` VALUES ('508', '30262638', null, null);
INSERT INTO `student_card` VALUES ('509', '30272206', null, null);
INSERT INTO `student_card` VALUES ('510', '30282069', null, null);
INSERT INTO `student_card` VALUES ('511', '30297632', null, null);
INSERT INTO `student_card` VALUES ('512', '30309449', null, null);
INSERT INTO `student_card` VALUES ('513', '30317956', null, null);
INSERT INTO `student_card` VALUES ('514', '30322923', null, null);
INSERT INTO `student_card` VALUES ('515', '30336179', null, null);
INSERT INTO `student_card` VALUES ('516', '30345652', null, null);
INSERT INTO `student_card` VALUES ('517', '30358068', null, null);
INSERT INTO `student_card` VALUES ('518', '30365990', null, null);
INSERT INTO `student_card` VALUES ('519', '30377796', null, null);
INSERT INTO `student_card` VALUES ('520', '30382841', null, null);
INSERT INTO `student_card` VALUES ('521', '30392859', null, null);
INSERT INTO `student_card` VALUES ('522', '30406491', null, null);
INSERT INTO `student_card` VALUES ('523', '30418737', null, null);
INSERT INTO `student_card` VALUES ('524', '30422507', null, null);
INSERT INTO `student_card` VALUES ('525', '30432082', null, null);
INSERT INTO `student_card` VALUES ('526', '30449424', null, null);
INSERT INTO `student_card` VALUES ('527', '30458096', null, null);
INSERT INTO `student_card` VALUES ('528', '30462988', null, null);
INSERT INTO `student_card` VALUES ('529', '30474795', null, null);
INSERT INTO `student_card` VALUES ('530', '30485154', null, null);
INSERT INTO `student_card` VALUES ('531', '30494666', null, null);
INSERT INTO `student_card` VALUES ('532', '30509540', null, null);
INSERT INTO `student_card` VALUES ('533', '30518288', null, null);
INSERT INTO `student_card` VALUES ('534', '30526984', null, null);
INSERT INTO `student_card` VALUES ('535', '30536621', null, null);
INSERT INTO `student_card` VALUES ('536', '30548542', null, null);
INSERT INTO `student_card` VALUES ('537', '30556180', null, null);
INSERT INTO `student_card` VALUES ('538', '30568142', null, null);
INSERT INTO `student_card` VALUES ('539', '30571289', null, null);
INSERT INTO `student_card` VALUES ('540', '30587890', null, null);
INSERT INTO `student_card` VALUES ('541', '30599143', null, null);
INSERT INTO `student_card` VALUES ('542', '30605247', null, null);
INSERT INTO `student_card` VALUES ('543', '30615844', null, null);
INSERT INTO `student_card` VALUES ('544', '30622251', null, null);
INSERT INTO `student_card` VALUES ('545', '30631818', null, null);
INSERT INTO `student_card` VALUES ('546', '30641130', null, null);
INSERT INTO `student_card` VALUES ('547', '30657685', null, null);
INSERT INTO `student_card` VALUES ('548', '30662925', null, null);
INSERT INTO `student_card` VALUES ('549', '30673418', null, null);
INSERT INTO `student_card` VALUES ('550', '30685567', null, null);
INSERT INTO `student_card` VALUES ('551', '30692398', null, null);
INSERT INTO `student_card` VALUES ('552', '30706756', null, null);
INSERT INTO `student_card` VALUES ('553', '30711184', null, null);
INSERT INTO `student_card` VALUES ('554', '30723326', null, null);
INSERT INTO `student_card` VALUES ('555', '30737705', null, null);
INSERT INTO `student_card` VALUES ('556', '30741677', null, null);
INSERT INTO `student_card` VALUES ('557', '30755346', null, null);
INSERT INTO `student_card` VALUES ('558', '30765722', null, null);
INSERT INTO `student_card` VALUES ('559', '30777473', null, null);
INSERT INTO `student_card` VALUES ('560', '30788206', null, null);
INSERT INTO `student_card` VALUES ('561', '30794472', null, null);
INSERT INTO `student_card` VALUES ('562', '30805736', null, null);
INSERT INTO `student_card` VALUES ('563', '30818930', null, null);
INSERT INTO `student_card` VALUES ('564', '30826458', null, null);
INSERT INTO `student_card` VALUES ('565', '30838136', null, null);
INSERT INTO `student_card` VALUES ('566', '30846643', null, null);
INSERT INTO `student_card` VALUES ('567', '30854515', null, null);
INSERT INTO `student_card` VALUES ('568', '30868990', null, null);
INSERT INTO `student_card` VALUES ('569', '30872650', null, null);
INSERT INTO `student_card` VALUES ('570', '30882992', null, null);
INSERT INTO `student_card` VALUES ('571', '30893336', null, null);
INSERT INTO `student_card` VALUES ('572', '30908118', null, null);
INSERT INTO `student_card` VALUES ('573', '30919184', null, null);
INSERT INTO `student_card` VALUES ('574', '30923750', null, null);
INSERT INTO `student_card` VALUES ('575', '30935133', null, null);
INSERT INTO `student_card` VALUES ('576', '30945184', null, null);
INSERT INTO `student_card` VALUES ('577', '30959987', null, null);
INSERT INTO `student_card` VALUES ('578', '30969375', null, null);
INSERT INTO `student_card` VALUES ('579', '30971721', null, null);
INSERT INTO `student_card` VALUES ('580', '30989612', null, null);
INSERT INTO `student_card` VALUES ('581', '30997589', null, null);
INSERT INTO `student_card` VALUES ('582', '31007623', null, null);
INSERT INTO `student_card` VALUES ('583', '40016360', null, null);
INSERT INTO `student_card` VALUES ('584', '40021489', null, null);
INSERT INTO `student_card` VALUES ('585', '40034766', null, null);
INSERT INTO `student_card` VALUES ('586', '40045892', null, null);
INSERT INTO `student_card` VALUES ('587', '40059170', null, null);
INSERT INTO `student_card` VALUES ('588', '40064845', null, null);
INSERT INTO `student_card` VALUES ('589', '40073819', null, null);
INSERT INTO `student_card` VALUES ('590', '40086028', null, null);
INSERT INTO `student_card` VALUES ('591', '40095706', null, null);
INSERT INTO `student_card` VALUES ('592', '40107767', null, null);
INSERT INTO `student_card` VALUES ('593', '40117174', null, null);
INSERT INTO `student_card` VALUES ('594', '40121563', null, null);
INSERT INTO `student_card` VALUES ('595', '40139093', null, null);
INSERT INTO `student_card` VALUES ('596', '40141965', null, null);
INSERT INTO `student_card` VALUES ('597', '40156622', null, null);
INSERT INTO `student_card` VALUES ('598', '40166551', null, null);
INSERT INTO `student_card` VALUES ('599', '40177628', null, null);
INSERT INTO `student_card` VALUES ('600', '40188456', null, null);
INSERT INTO `student_card` VALUES ('601', '40193573', null, null);
INSERT INTO `student_card` VALUES ('602', '40207276', null, null);
INSERT INTO `student_card` VALUES ('603', '40217623', null, null);
INSERT INTO `student_card` VALUES ('604', '40222552', null, null);
INSERT INTO `student_card` VALUES ('605', '40239532', null, null);
INSERT INTO `student_card` VALUES ('606', '40244339', null, null);
INSERT INTO `student_card` VALUES ('607', '40252361', null, null);
INSERT INTO `student_card` VALUES ('608', '40266460', null, null);
INSERT INTO `student_card` VALUES ('609', '40274645', null, null);
INSERT INTO `student_card` VALUES ('610', '40281851', null, null);
INSERT INTO `student_card` VALUES ('611', '40293408', null, null);
INSERT INTO `student_card` VALUES ('612', '40303401', null, null);
INSERT INTO `student_card` VALUES ('613', '40319570', null, null);
INSERT INTO `student_card` VALUES ('614', '40329701', null, null);
INSERT INTO `student_card` VALUES ('615', '40338246', null, null);
INSERT INTO `student_card` VALUES ('616', '40342305', null, null);
INSERT INTO `student_card` VALUES ('617', '40355106', null, null);
INSERT INTO `student_card` VALUES ('618', '40368186', null, null);
INSERT INTO `student_card` VALUES ('619', '40372082', null, null);
INSERT INTO `student_card` VALUES ('620', '40388830', null, null);
INSERT INTO `student_card` VALUES ('621', '40397984', null, null);
INSERT INTO `student_card` VALUES ('622', '40402580', null, null);
INSERT INTO `student_card` VALUES ('623', '40419981', null, null);
INSERT INTO `student_card` VALUES ('624', '40425649', null, null);
INSERT INTO `student_card` VALUES ('625', '40431993', null, null);
INSERT INTO `student_card` VALUES ('626', '40443611', null, null);
INSERT INTO `student_card` VALUES ('627', '40457954', null, null);
INSERT INTO `student_card` VALUES ('628', '40467713', null, null);
INSERT INTO `student_card` VALUES ('629', '40477122', null, null);
INSERT INTO `student_card` VALUES ('630', '40487143', null, null);
INSERT INTO `student_card` VALUES ('631', '40495440', null, null);
INSERT INTO `student_card` VALUES ('632', '40507448', null, null);
INSERT INTO `student_card` VALUES ('633', '40515722', null, null);
INSERT INTO `student_card` VALUES ('634', '40522844', null, null);
INSERT INTO `student_card` VALUES ('635', '40538696', null, null);
INSERT INTO `student_card` VALUES ('636', '40546673', null, null);
INSERT INTO `student_card` VALUES ('637', '40551799', null, null);
INSERT INTO `student_card` VALUES ('638', '40564998', null, null);
INSERT INTO `student_card` VALUES ('639', '40576984', null, null);
INSERT INTO `student_card` VALUES ('640', '40585347', null, null);
INSERT INTO `student_card` VALUES ('641', '40597402', null, null);
INSERT INTO `student_card` VALUES ('642', '40606156', null, null);
INSERT INTO `student_card` VALUES ('643', '40617061', null, null);
INSERT INTO `student_card` VALUES ('644', '40626128', null, null);
INSERT INTO `student_card` VALUES ('645', '40631743', null, null);
INSERT INTO `student_card` VALUES ('646', '40641786', null, null);
INSERT INTO `student_card` VALUES ('647', '40657419', null, null);
INSERT INTO `student_card` VALUES ('648', '40666121', null, null);
INSERT INTO `student_card` VALUES ('649', '40673126', null, null);
INSERT INTO `student_card` VALUES ('650', '40682643', null, null);
INSERT INTO `student_card` VALUES ('651', '40692929', null, null);
INSERT INTO `student_card` VALUES ('652', '40706136', null, null);
INSERT INTO `student_card` VALUES ('653', '40716966', null, null);
INSERT INTO `student_card` VALUES ('654', '40726159', null, null);
INSERT INTO `student_card` VALUES ('655', '40734007', null, null);
INSERT INTO `student_card` VALUES ('656', '40743218', null, null);
INSERT INTO `student_card` VALUES ('657', '40757204', null, null);
INSERT INTO `student_card` VALUES ('658', '40764721', null, null);
INSERT INTO `student_card` VALUES ('659', '40772207', null, null);
INSERT INTO `student_card` VALUES ('660', '40785225', null, null);
INSERT INTO `student_card` VALUES ('661', '40794174', null, null);
INSERT INTO `student_card` VALUES ('662', '40806391', null, null);
INSERT INTO `student_card` VALUES ('663', '40815196', null, null);
INSERT INTO `student_card` VALUES ('664', '40821738', null, null);
INSERT INTO `student_card` VALUES ('665', '40836579', null, null);
INSERT INTO `student_card` VALUES ('666', '40842231', null, null);
INSERT INTO `student_card` VALUES ('667', '40855364', null, null);
INSERT INTO `student_card` VALUES ('668', '40862653', null, null);
INSERT INTO `student_card` VALUES ('669', '40879546', null, null);
INSERT INTO `student_card` VALUES ('670', '40885134', null, null);
INSERT INTO `student_card` VALUES ('671', '40899979', null, null);
INSERT INTO `student_card` VALUES ('672', '40903394', null, null);
INSERT INTO `student_card` VALUES ('673', '40918873', null, null);
INSERT INTO `student_card` VALUES ('674', '40925778', null, null);
INSERT INTO `student_card` VALUES ('675', '40932647', null, null);
INSERT INTO `student_card` VALUES ('676', '40947783', null, null);
INSERT INTO `student_card` VALUES ('677', '40955487', null, null);
INSERT INTO `student_card` VALUES ('678', '40964061', null, null);
INSERT INTO `student_card` VALUES ('679', '40976035', null, null);
INSERT INTO `student_card` VALUES ('680', '40981289', null, null);
INSERT INTO `student_card` VALUES ('681', '40995808', null, null);
INSERT INTO `student_card` VALUES ('682', '41009190', null, null);
INSERT INTO `student_card` VALUES ('683', '50015259', null, null);
INSERT INTO `student_card` VALUES ('684', '50028522', null, null);
INSERT INTO `student_card` VALUES ('685', '50038207', null, null);
INSERT INTO `student_card` VALUES ('686', '50043413', null, null);
INSERT INTO `student_card` VALUES ('687', '50058072', null, null);
INSERT INTO `student_card` VALUES ('688', '50069570', null, null);
INSERT INTO `student_card` VALUES ('689', '50078965', null, null);
INSERT INTO `student_card` VALUES ('690', '50089211', null, null);
INSERT INTO `student_card` VALUES ('691', '50099025', null, null);
INSERT INTO `student_card` VALUES ('692', '50106019', null, null);
INSERT INTO `student_card` VALUES ('693', '50111212', null, null);
INSERT INTO `student_card` VALUES ('694', '50122696', null, null);
INSERT INTO `student_card` VALUES ('695', '50137026', null, null);
INSERT INTO `student_card` VALUES ('696', '50142267', null, null);
INSERT INTO `student_card` VALUES ('697', '50152098', null, null);
INSERT INTO `student_card` VALUES ('698', '50166826', null, null);
INSERT INTO `student_card` VALUES ('699', '50175356', null, null);
INSERT INTO `student_card` VALUES ('700', '50189042', null, null);
INSERT INTO `student_card` VALUES ('701', '50193069', null, null);
INSERT INTO `student_card` VALUES ('702', '50209034', null, null);
INSERT INTO `student_card` VALUES ('703', '50219025', null, null);
INSERT INTO `student_card` VALUES ('704', '50226894', null, null);
INSERT INTO `student_card` VALUES ('705', '50237494', null, null);
INSERT INTO `student_card` VALUES ('706', '50246830', null, null);
INSERT INTO `student_card` VALUES ('707', '50253505', null, null);
INSERT INTO `student_card` VALUES ('708', '50269756', null, null);
INSERT INTO `student_card` VALUES ('709', '50279031', null, null);
INSERT INTO `student_card` VALUES ('710', '50287930', null, null);
INSERT INTO `student_card` VALUES ('711', '50293288', null, null);
INSERT INTO `student_card` VALUES ('712', '50306629', null, null);
INSERT INTO `student_card` VALUES ('713', '50317079', null, null);
INSERT INTO `student_card` VALUES ('714', '50327537', null, null);
INSERT INTO `student_card` VALUES ('715', '50333451', null, null);
INSERT INTO `student_card` VALUES ('716', '50349815', null, null);
INSERT INTO `student_card` VALUES ('717', '50357372', null, null);
INSERT INTO `student_card` VALUES ('718', '50366443', null, null);
INSERT INTO `student_card` VALUES ('719', '50376353', null, null);
INSERT INTO `student_card` VALUES ('720', '50389128', null, null);
INSERT INTO `student_card` VALUES ('721', '50391259', null, null);
INSERT INTO `student_card` VALUES ('722', '50401736', null, null);
INSERT INTO `student_card` VALUES ('723', '50414899', null, null);
INSERT INTO `student_card` VALUES ('724', '50425984', null, null);
INSERT INTO `student_card` VALUES ('725', '50433536', null, null);
INSERT INTO `student_card` VALUES ('726', '50449031', null, null);
INSERT INTO `student_card` VALUES ('727', '50458309', null, null);
INSERT INTO `student_card` VALUES ('728', '50463301', null, null);
INSERT INTO `student_card` VALUES ('729', '50474709', null, null);
INSERT INTO `student_card` VALUES ('730', '50483297', null, null);
INSERT INTO `student_card` VALUES ('731', '50495211', null, null);
INSERT INTO `student_card` VALUES ('732', '50508707', null, null);
INSERT INTO `student_card` VALUES ('733', '50515446', null, null);
INSERT INTO `student_card` VALUES ('734', '50524569', null, null);
INSERT INTO `student_card` VALUES ('735', '50538933', null, null);
INSERT INTO `student_card` VALUES ('736', '50544610', null, null);
INSERT INTO `student_card` VALUES ('737', '50555597', null, null);
INSERT INTO `student_card` VALUES ('738', '50568036', null, null);
INSERT INTO `student_card` VALUES ('739', '50574299', null, null);
INSERT INTO `student_card` VALUES ('740', '50587342', null, null);
INSERT INTO `student_card` VALUES ('741', '50596556', null, null);
INSERT INTO `student_card` VALUES ('742', '50609283', null, null);
INSERT INTO `student_card` VALUES ('743', '50619900', null, null);
INSERT INTO `student_card` VALUES ('744', '50624708', null, null);
INSERT INTO `student_card` VALUES ('745', '50636940', null, null);
INSERT INTO `student_card` VALUES ('746', '50646727', null, null);
INSERT INTO `student_card` VALUES ('747', '50659747', null, null);
INSERT INTO `student_card` VALUES ('748', '50664970', null, null);
INSERT INTO `student_card` VALUES ('749', '50675519', null, null);
INSERT INTO `student_card` VALUES ('750', '50685627', null, null);
INSERT INTO `student_card` VALUES ('751', '50692467', null, null);
INSERT INTO `student_card` VALUES ('752', '50703487', null, null);
INSERT INTO `student_card` VALUES ('753', '50711094', null, null);
INSERT INTO `student_card` VALUES ('754', '50728398', null, null);
INSERT INTO `student_card` VALUES ('755', '50731720', null, null);
INSERT INTO `student_card` VALUES ('756', '50745006', null, null);
INSERT INTO `student_card` VALUES ('757', '50754546', null, null);
INSERT INTO `student_card` VALUES ('758', '50766332', null, null);
INSERT INTO `student_card` VALUES ('759', '50771295', null, null);
INSERT INTO `student_card` VALUES ('760', '50786843', null, null);
INSERT INTO `student_card` VALUES ('761', '50799581', null, null);
INSERT INTO `student_card` VALUES ('762', '50807265', null, null);
INSERT INTO `student_card` VALUES ('763', '50818438', null, null);
INSERT INTO `student_card` VALUES ('764', '50825021', null, null);
INSERT INTO `student_card` VALUES ('765', '50832820', null, null);
INSERT INTO `student_card` VALUES ('766', '50847144', null, null);
INSERT INTO `student_card` VALUES ('767', '50856327', null, null);
INSERT INTO `student_card` VALUES ('768', '50861742', null, null);
INSERT INTO `student_card` VALUES ('769', '50877728', null, null);
INSERT INTO `student_card` VALUES ('770', '50888964', null, null);
INSERT INTO `student_card` VALUES ('771', '50894236', null, null);
INSERT INTO `student_card` VALUES ('772', '50901488', null, null);
INSERT INTO `student_card` VALUES ('773', '50913548', null, null);
INSERT INTO `student_card` VALUES ('774', '50928011', null, null);
INSERT INTO `student_card` VALUES ('775', '50931866', null, null);
INSERT INTO `student_card` VALUES ('776', '50943375', null, null);
INSERT INTO `student_card` VALUES ('777', '50955851', null, null);
INSERT INTO `student_card` VALUES ('778', '50968936', null, null);
INSERT INTO `student_card` VALUES ('779', '50971518', null, null);
INSERT INTO `student_card` VALUES ('780', '50982385', null, null);
INSERT INTO `student_card` VALUES ('781', '50991513', null, null);
INSERT INTO `student_card` VALUES ('782', '51005703', null, null);
INSERT INTO `student_card` VALUES ('783', '60015278', null, null);
INSERT INTO `student_card` VALUES ('784', '60021505', null, null);
INSERT INTO `student_card` VALUES ('785', '60032950', null, null);
INSERT INTO `student_card` VALUES ('786', '60047104', null, null);
INSERT INTO `student_card` VALUES ('787', '60058126', null, null);
INSERT INTO `student_card` VALUES ('788', '60061845', null, null);
INSERT INTO `student_card` VALUES ('789', '60071214', null, null);
INSERT INTO `student_card` VALUES ('790', '60087137', null, null);
INSERT INTO `student_card` VALUES ('791', '60098973', null, null);
INSERT INTO `student_card` VALUES ('792', '60104286', null, null);
INSERT INTO `student_card` VALUES ('793', '60118126', null, null);
INSERT INTO `student_card` VALUES ('794', '60121221', null, null);
INSERT INTO `student_card` VALUES ('795', '60139906', null, null);
INSERT INTO `student_card` VALUES ('796', '60148298', null, null);
INSERT INTO `student_card` VALUES ('797', '60159943', null, null);
INSERT INTO `student_card` VALUES ('798', '60166910', null, null);
INSERT INTO `student_card` VALUES ('799', '60173576', null, null);
INSERT INTO `student_card` VALUES ('800', '60182146', null, null);
INSERT INTO `student_card` VALUES ('801', '60193220', null, null);
INSERT INTO `student_card` VALUES ('802', '60202517', null, null);
INSERT INTO `student_card` VALUES ('803', '60215525', null, null);
INSERT INTO `student_card` VALUES ('804', '60223798', null, null);
INSERT INTO `student_card` VALUES ('805', '60236400', null, null);
INSERT INTO `student_card` VALUES ('806', '60249776', null, null);
INSERT INTO `student_card` VALUES ('807', '60252445', null, null);
INSERT INTO `student_card` VALUES ('808', '60269544', null, null);
INSERT INTO `student_card` VALUES ('809', '60271369', null, null);
INSERT INTO `student_card` VALUES ('810', '60282518', null, null);
INSERT INTO `student_card` VALUES ('811', '60295796', null, null);
INSERT INTO `student_card` VALUES ('812', '60302467', null, null);
INSERT INTO `student_card` VALUES ('813', '60314693', null, null);
INSERT INTO `student_card` VALUES ('814', '60321094', null, null);
INSERT INTO `student_card` VALUES ('815', '60337953', null, null);
INSERT INTO `student_card` VALUES ('816', '60342654', null, null);
INSERT INTO `student_card` VALUES ('817', '60357470', null, null);
INSERT INTO `student_card` VALUES ('818', '60362182', null, null);
INSERT INTO `student_card` VALUES ('819', '60372077', null, null);
INSERT INTO `student_card` VALUES ('820', '60389261', null, null);
INSERT INTO `student_card` VALUES ('821', '60392817', null, null);
INSERT INTO `student_card` VALUES ('822', '60404485', null, null);
INSERT INTO `student_card` VALUES ('823', '60416186', null, null);
INSERT INTO `student_card` VALUES ('824', '60425318', null, null);
INSERT INTO `student_card` VALUES ('825', '60433763', null, null);
INSERT INTO `student_card` VALUES ('826', '60449707', null, null);
INSERT INTO `student_card` VALUES ('827', '60459499', null, null);
INSERT INTO `student_card` VALUES ('828', '60466490', null, null);
INSERT INTO `student_card` VALUES ('829', '60472966', null, null);
INSERT INTO `student_card` VALUES ('830', '60488211', null, null);
INSERT INTO `student_card` VALUES ('831', '60496973', null, null);
INSERT INTO `student_card` VALUES ('832', '60501806', null, null);
INSERT INTO `student_card` VALUES ('833', '60515017', null, null);
INSERT INTO `student_card` VALUES ('834', '60525661', null, null);
INSERT INTO `student_card` VALUES ('835', '60535090', null, null);
INSERT INTO `student_card` VALUES ('836', '60547781', null, null);
INSERT INTO `student_card` VALUES ('837', '60555264', null, null);
INSERT INTO `student_card` VALUES ('838', '60563024', null, null);
INSERT INTO `student_card` VALUES ('839', '60574408', null, null);
INSERT INTO `student_card` VALUES ('840', '60585221', null, null);
INSERT INTO `student_card` VALUES ('841', '60595027', null, null);
INSERT INTO `student_card` VALUES ('842', '60602306', null, null);
INSERT INTO `student_card` VALUES ('843', '60616042', null, null);
INSERT INTO `student_card` VALUES ('844', '60625442', null, null);
INSERT INTO `student_card` VALUES ('845', '60634780', null, null);
INSERT INTO `student_card` VALUES ('846', '60647490', null, null);
INSERT INTO `student_card` VALUES ('847', '60655269', null, null);
INSERT INTO `student_card` VALUES ('848', '60669610', null, null);
INSERT INTO `student_card` VALUES ('849', '60677412', null, null);
INSERT INTO `student_card` VALUES ('850', '60682238', null, null);
INSERT INTO `student_card` VALUES ('851', '60694699', null, null);
INSERT INTO `student_card` VALUES ('852', '60708389', null, null);
INSERT INTO `student_card` VALUES ('853', '60715910', null, null);
INSERT INTO `student_card` VALUES ('854', '60724046', null, null);
INSERT INTO `student_card` VALUES ('855', '60735001', null, null);
INSERT INTO `student_card` VALUES ('856', '60746088', null, null);
INSERT INTO `student_card` VALUES ('857', '60752924', null, null);
INSERT INTO `student_card` VALUES ('858', '60765732', null, null);
INSERT INTO `student_card` VALUES ('859', '60771014', null, null);
INSERT INTO `student_card` VALUES ('860', '60781114', null, null);
INSERT INTO `student_card` VALUES ('861', '60797478', null, null);
INSERT INTO `student_card` VALUES ('862', '60808289', null, null);
INSERT INTO `student_card` VALUES ('863', '60819166', null, null);
INSERT INTO `student_card` VALUES ('864', '60822550', null, null);
INSERT INTO `student_card` VALUES ('865', '60839739', null, null);
INSERT INTO `student_card` VALUES ('866', '60842417', null, null);
INSERT INTO `student_card` VALUES ('867', '60856531', null, null);
INSERT INTO `student_card` VALUES ('868', '60867355', null, null);
INSERT INTO `student_card` VALUES ('869', '60874156', null, null);
INSERT INTO `student_card` VALUES ('870', '60881253', null, null);
INSERT INTO `student_card` VALUES ('871', '60892525', null, null);
INSERT INTO `student_card` VALUES ('872', '60906794', null, null);
INSERT INTO `student_card` VALUES ('873', '60917468', null, null);
INSERT INTO `student_card` VALUES ('874', '60922155', null, null);
INSERT INTO `student_card` VALUES ('875', '60934175', null, null);
INSERT INTO `student_card` VALUES ('876', '60943419', null, null);
INSERT INTO `student_card` VALUES ('877', '60957052', null, null);
INSERT INTO `student_card` VALUES ('878', '60965678', null, null);
INSERT INTO `student_card` VALUES ('879', '60974168', null, null);
INSERT INTO `student_card` VALUES ('880', '60987099', null, null);
INSERT INTO `student_card` VALUES ('881', '60992842', null, null);
INSERT INTO `student_card` VALUES ('882', '61009263', null, null);
INSERT INTO `student_card` VALUES ('883', '70013372', null, null);
INSERT INTO `student_card` VALUES ('884', '70024364', null, null);
INSERT INTO `student_card` VALUES ('885', '70037556', null, null);
INSERT INTO `student_card` VALUES ('886', '70044526', null, null);
INSERT INTO `student_card` VALUES ('887', '70057331', null, null);
INSERT INTO `student_card` VALUES ('888', '70064604', null, null);
INSERT INTO `student_card` VALUES ('889', '70078311', null, null);
INSERT INTO `student_card` VALUES ('890', '70088449', null, null);
INSERT INTO `student_card` VALUES ('891', '70098309', null, null);
INSERT INTO `student_card` VALUES ('892', '70109451', null, null);
INSERT INTO `student_card` VALUES ('893', '70118795', null, null);
INSERT INTO `student_card` VALUES ('894', '70125243', null, null);
INSERT INTO `student_card` VALUES ('895', '70139839', null, null);
INSERT INTO `student_card` VALUES ('896', '70141026', null, null);
INSERT INTO `student_card` VALUES ('897', '70155009', null, null);
INSERT INTO `student_card` VALUES ('898', '70166091', null, null);
INSERT INTO `student_card` VALUES ('899', '70177339', null, null);
INSERT INTO `student_card` VALUES ('900', '70188592', null, null);
INSERT INTO `student_card` VALUES ('901', '70198306', null, null);
INSERT INTO `student_card` VALUES ('902', '70206531', null, null);
INSERT INTO `student_card` VALUES ('903', '70211314', null, null);
INSERT INTO `student_card` VALUES ('904', '70229558', null, null);
INSERT INTO `student_card` VALUES ('905', '70238832', null, null);
INSERT INTO `student_card` VALUES ('906', '70241745', null, null);
INSERT INTO `student_card` VALUES ('907', '70253843', null, null);
INSERT INTO `student_card` VALUES ('908', '70261708', null, null);
INSERT INTO `student_card` VALUES ('909', '70276752', null, null);
INSERT INTO `student_card` VALUES ('910', '70284617', null, null);
INSERT INTO `student_card` VALUES ('911', '70299558', null, null);
INSERT INTO `student_card` VALUES ('912', '70305991', null, null);
INSERT INTO `student_card` VALUES ('913', '70319582', null, null);
INSERT INTO `student_card` VALUES ('914', '70321001', null, null);
INSERT INTO `student_card` VALUES ('915', '70333061', null, null);
INSERT INTO `student_card` VALUES ('916', '70343199', null, null);
INSERT INTO `student_card` VALUES ('917', '70352801', null, null);
INSERT INTO `student_card` VALUES ('918', '70367296', null, null);
INSERT INTO `student_card` VALUES ('919', '70374794', null, null);
INSERT INTO `student_card` VALUES ('920', '70389394', null, null);
INSERT INTO `student_card` VALUES ('921', '70395410', null, null);
INSERT INTO `student_card` VALUES ('922', '70403077', null, null);
INSERT INTO `student_card` VALUES ('923', '70416705', null, null);
INSERT INTO `student_card` VALUES ('924', '70425977', null, null);
INSERT INTO `student_card` VALUES ('925', '70438503', null, null);
INSERT INTO `student_card` VALUES ('926', '70448228', null, null);
INSERT INTO `student_card` VALUES ('927', '70452645', null, null);
INSERT INTO `student_card` VALUES ('928', '70466914', null, null);
INSERT INTO `student_card` VALUES ('929', '70476022', null, null);
INSERT INTO `student_card` VALUES ('930', '70486764', null, null);
INSERT INTO `student_card` VALUES ('931', '70496354', null, null);
INSERT INTO `student_card` VALUES ('932', '70507728', null, null);
INSERT INTO `student_card` VALUES ('933', '70514760', null, null);
INSERT INTO `student_card` VALUES ('934', '70522260', null, null);
INSERT INTO `student_card` VALUES ('935', '70537028', null, null);
INSERT INTO `student_card` VALUES ('936', '70546502', null, null);
INSERT INTO `student_card` VALUES ('937', '70556389', null, null);
INSERT INTO `student_card` VALUES ('938', '70568627', null, null);
INSERT INTO `student_card` VALUES ('939', '70574950', null, null);
INSERT INTO `student_card` VALUES ('940', '70586375', null, null);
INSERT INTO `student_card` VALUES ('941', '70591754', null, null);
INSERT INTO `student_card` VALUES ('942', '70607772', null, null);
INSERT INTO `student_card` VALUES ('943', '70613377', null, null);
INSERT INTO `student_card` VALUES ('944', '70628645', null, null);
INSERT INTO `student_card` VALUES ('945', '70636905', null, null);
INSERT INTO `student_card` VALUES ('946', '70645553', null, null);
INSERT INTO `student_card` VALUES ('947', '70657908', null, null);
INSERT INTO `student_card` VALUES ('948', '70668913', null, null);
INSERT INTO `student_card` VALUES ('949', '70672408', null, null);
INSERT INTO `student_card` VALUES ('950', '70681294', null, null);
INSERT INTO `student_card` VALUES ('951', '70697842', null, null);
INSERT INTO `student_card` VALUES ('952', '70705416', null, null);
INSERT INTO `student_card` VALUES ('953', '70715243', null, null);
INSERT INTO `student_card` VALUES ('954', '70727070', null, null);
INSERT INTO `student_card` VALUES ('955', '70738632', null, null);
INSERT INTO `student_card` VALUES ('956', '70741055', null, null);
INSERT INTO `student_card` VALUES ('957', '70752246', null, null);
INSERT INTO `student_card` VALUES ('958', '70764911', null, null);
INSERT INTO `student_card` VALUES ('959', '70779380', null, null);
INSERT INTO `student_card` VALUES ('960', '70789403', null, null);
INSERT INTO `student_card` VALUES ('961', '70794366', null, null);
INSERT INTO `student_card` VALUES ('962', '70802024', null, null);
INSERT INTO `student_card` VALUES ('963', '70814476', null, null);
INSERT INTO `student_card` VALUES ('964', '70827404', null, null);
INSERT INTO `student_card` VALUES ('965', '70838237', null, null);
INSERT INTO `student_card` VALUES ('966', '70842196', null, null);
INSERT INTO `student_card` VALUES ('967', '70853904', null, null);
INSERT INTO `student_card` VALUES ('968', '70869340', null, null);
INSERT INTO `student_card` VALUES ('969', '70872420', null, null);
INSERT INTO `student_card` VALUES ('970', '70886517', null, null);
INSERT INTO `student_card` VALUES ('971', '70899430', null, null);
INSERT INTO `student_card` VALUES ('972', '70905065', null, null);
INSERT INTO `student_card` VALUES ('973', '70917480', null, null);
INSERT INTO `student_card` VALUES ('974', '70928688', null, null);
INSERT INTO `student_card` VALUES ('975', '70936893', null, null);
INSERT INTO `student_card` VALUES ('976', '70943508', null, null);
INSERT INTO `student_card` VALUES ('977', '70954482', null, null);
INSERT INTO `student_card` VALUES ('978', '70967240', null, null);
INSERT INTO `student_card` VALUES ('979', '70975066', null, null);
INSERT INTO `student_card` VALUES ('980', '70984899', null, null);
INSERT INTO `student_card` VALUES ('981', '70997825', null, null);
INSERT INTO `student_card` VALUES ('982', '71004159', null, null);
INSERT INTO `student_card` VALUES ('983', '80015120', null, null);
INSERT INTO `student_card` VALUES ('984', '80023210', null, null);
INSERT INTO `student_card` VALUES ('985', '80038385', null, null);
INSERT INTO `student_card` VALUES ('986', '80043548', null, null);
INSERT INTO `student_card` VALUES ('987', '80057533', null, null);
INSERT INTO `student_card` VALUES ('988', '80064874', null, null);
INSERT INTO `student_card` VALUES ('989', '80074765', null, null);
INSERT INTO `student_card` VALUES ('990', '80083174', null, null);
INSERT INTO `student_card` VALUES ('991', '80098421', null, null);
INSERT INTO `student_card` VALUES ('992', '80108903', null, null);
INSERT INTO `student_card` VALUES ('993', '80119094', null, null);
INSERT INTO `student_card` VALUES ('994', '80122951', null, null);
INSERT INTO `student_card` VALUES ('995', '80137634', null, null);
INSERT INTO `student_card` VALUES ('996', '80148177', null, null);
INSERT INTO `student_card` VALUES ('997', '80151225', null, null);
INSERT INTO `student_card` VALUES ('998', '80162710', null, null);
INSERT INTO `student_card` VALUES ('999', '80174654', null, null);
INSERT INTO `student_card` VALUES ('1000', '80188791', null, null);
INSERT INTO `student_card` VALUES ('1001', '80195353', null, null);
INSERT INTO `student_card` VALUES ('1002', '80206853', null, null);
INSERT INTO `student_card` VALUES ('1003', '80212271', null, null);
INSERT INTO `student_card` VALUES ('1004', '80224056', null, null);
INSERT INTO `student_card` VALUES ('1005', '80232066', null, null);
INSERT INTO `student_card` VALUES ('1006', '80246824', null, null);
INSERT INTO `student_card` VALUES ('1007', '80251260', null, null);
INSERT INTO `student_card` VALUES ('1008', '80266951', null, null);
INSERT INTO `student_card` VALUES ('1009', '80273577', null, null);
INSERT INTO `student_card` VALUES ('1010', '80287712', null, null);
INSERT INTO `student_card` VALUES ('1011', '80294789', null, null);
INSERT INTO `student_card` VALUES ('1012', '80309559', null, null);
INSERT INTO `student_card` VALUES ('1013', '80316419', null, null);
INSERT INTO `student_card` VALUES ('1014', '80326626', null, null);
INSERT INTO `student_card` VALUES ('1015', '80336090', null, null);
INSERT INTO `student_card` VALUES ('1016', '80349308', null, null);
INSERT INTO `student_card` VALUES ('1017', '80357214', null, null);
INSERT INTO `student_card` VALUES ('1018', '80362962', null, null);
INSERT INTO `student_card` VALUES ('1019', '80375009', null, null);
INSERT INTO `student_card` VALUES ('1020', '80382634', null, null);
INSERT INTO `student_card` VALUES ('1021', '80395191', null, null);
INSERT INTO `student_card` VALUES ('1022', '80403071', null, null);
INSERT INTO `student_card` VALUES ('1023', '80419403', null, null);
INSERT INTO `student_card` VALUES ('1024', '80426024', null, null);
INSERT INTO `student_card` VALUES ('1025', '80439044', null, null);
INSERT INTO `student_card` VALUES ('1026', '80446355', null, null);
INSERT INTO `student_card` VALUES ('1027', '80454991', null, null);
INSERT INTO `student_card` VALUES ('1028', '80462263', null, null);
INSERT INTO `student_card` VALUES ('1029', '80472340', null, null);
INSERT INTO `student_card` VALUES ('1030', '80489313', null, null);
INSERT INTO `student_card` VALUES ('1031', '80494206', null, null);
INSERT INTO `student_card` VALUES ('1032', '80509115', null, null);
INSERT INTO `student_card` VALUES ('1033', '80516146', null, null);
INSERT INTO `student_card` VALUES ('1034', '80523582', null, null);
INSERT INTO `student_card` VALUES ('1035', '80536788', null, null);
INSERT INTO `student_card` VALUES ('1036', '80544582', null, null);
INSERT INTO `student_card` VALUES ('1037', '80558773', null, null);
INSERT INTO `student_card` VALUES ('1038', '80567629', null, null);
INSERT INTO `student_card` VALUES ('1039', '80573326', null, null);
INSERT INTO `student_card` VALUES ('1040', '80588372', null, null);
INSERT INTO `student_card` VALUES ('1041', '80595496', null, null);
INSERT INTO `student_card` VALUES ('1042', '80608310', null, null);
INSERT INTO `student_card` VALUES ('1043', '80611764', null, null);
INSERT INTO `student_card` VALUES ('1044', '80628176', null, null);
INSERT INTO `student_card` VALUES ('1045', '80634955', null, null);
INSERT INTO `student_card` VALUES ('1046', '80649169', null, null);
INSERT INTO `student_card` VALUES ('1047', '80654896', null, null);
INSERT INTO `student_card` VALUES ('1048', '80667892', null, null);
INSERT INTO `student_card` VALUES ('1049', '80678426', null, null);
INSERT INTO `student_card` VALUES ('1050', '80688020', null, null);
INSERT INTO `student_card` VALUES ('1051', '80694222', null, null);
INSERT INTO `student_card` VALUES ('1052', '80703989', null, null);
INSERT INTO `student_card` VALUES ('1053', '80715583', null, null);
INSERT INTO `student_card` VALUES ('1054', '80727029', null, null);
INSERT INTO `student_card` VALUES ('1055', '80734151', null, null);
INSERT INTO `student_card` VALUES ('1056', '80741786', null, null);
INSERT INTO `student_card` VALUES ('1057', '80759413', null, null);
INSERT INTO `student_card` VALUES ('1058', '80765262', null, null);
INSERT INTO `student_card` VALUES ('1059', '80773406', null, null);
INSERT INTO `student_card` VALUES ('1060', '80785540', null, null);
INSERT INTO `student_card` VALUES ('1061', '80791923', null, null);
INSERT INTO `student_card` VALUES ('1062', '80802413', null, null);
INSERT INTO `student_card` VALUES ('1063', '80817700', null, null);
INSERT INTO `student_card` VALUES ('1064', '80821891', null, null);
INSERT INTO `student_card` VALUES ('1065', '80831923', null, null);
INSERT INTO `student_card` VALUES ('1066', '80842215', null, null);
INSERT INTO `student_card` VALUES ('1067', '80857150', null, null);
INSERT INTO `student_card` VALUES ('1068', '80868388', null, null);
INSERT INTO `student_card` VALUES ('1069', '80879654', null, null);
INSERT INTO `student_card` VALUES ('1070', '80886872', null, null);
INSERT INTO `student_card` VALUES ('1071', '80898687', null, null);
INSERT INTO `student_card` VALUES ('1072', '80907536', null, null);
INSERT INTO `student_card` VALUES ('1073', '80914282', null, null);
INSERT INTO `student_card` VALUES ('1074', '80923676', null, null);
INSERT INTO `student_card` VALUES ('1075', '80931704', null, null);
INSERT INTO `student_card` VALUES ('1076', '80944039', null, null);
INSERT INTO `student_card` VALUES ('1077', '80952316', null, null);
INSERT INTO `student_card` VALUES ('1078', '80966889', null, null);
INSERT INTO `student_card` VALUES ('1079', '80979484', null, null);
INSERT INTO `student_card` VALUES ('1080', '80987699', null, null);
INSERT INTO `student_card` VALUES ('1081', '80993793', null, null);
INSERT INTO `student_card` VALUES ('1082', '81007860', null, null);
INSERT INTO `student_card` VALUES ('1083', '10015540', null, null);
INSERT INTO `student_card` VALUES ('1084', '10024733', null, null);
INSERT INTO `student_card` VALUES ('1085', '10037719', null, null);
INSERT INTO `student_card` VALUES ('1086', '10045304', null, null);
INSERT INTO `student_card` VALUES ('1087', '10059857', null, null);
INSERT INTO `student_card` VALUES ('1088', '10069099', null, null);
INSERT INTO `student_card` VALUES ('1089', '10077575', null, null);
INSERT INTO `student_card` VALUES ('1090', '10081645', null, null);
INSERT INTO `student_card` VALUES ('1091', '10091153', null, null);
INSERT INTO `student_card` VALUES ('1092', '10101803', null, null);
INSERT INTO `student_card` VALUES ('1093', '10117898', null, null);
INSERT INTO `student_card` VALUES ('1094', '10124340', null, null);
INSERT INTO `student_card` VALUES ('1095', '10136731', null, null);
INSERT INTO `student_card` VALUES ('1096', '10145054', null, null);
INSERT INTO `student_card` VALUES ('1097', '10153854', null, null);
INSERT INTO `student_card` VALUES ('1098', '10166124', null, null);
INSERT INTO `student_card` VALUES ('1099', '10178152', null, null);
INSERT INTO `student_card` VALUES ('1100', '10187549', null, null);
INSERT INTO `student_card` VALUES ('1101', '10195470', null, null);
INSERT INTO `student_card` VALUES ('1102', '10204221', null, null);
INSERT INTO `student_card` VALUES ('1103', '10218992', null, null);
INSERT INTO `student_card` VALUES ('1104', '10229171', null, null);
INSERT INTO `student_card` VALUES ('1105', '10238659', null, null);
INSERT INTO `student_card` VALUES ('1106', '10244612', null, null);
INSERT INTO `student_card` VALUES ('1107', '10255180', null, null);
INSERT INTO `student_card` VALUES ('1108', '10268820', null, null);
INSERT INTO `student_card` VALUES ('1109', '10279487', null, null);
INSERT INTO `student_card` VALUES ('1110', '10283658', null, null);
INSERT INTO `student_card` VALUES ('1111', '10299970', null, null);
INSERT INTO `student_card` VALUES ('1112', '10301180', null, null);
INSERT INTO `student_card` VALUES ('1113', '10316167', null, null);
INSERT INTO `student_card` VALUES ('1114', '10321474', null, null);
INSERT INTO `student_card` VALUES ('1115', '10334442', null, null);
INSERT INTO `student_card` VALUES ('1116', '10344737', null, null);
INSERT INTO `student_card` VALUES ('1117', '10352134', null, null);
INSERT INTO `student_card` VALUES ('1118', '10368684', null, null);
INSERT INTO `student_card` VALUES ('1119', '10376516', null, null);
INSERT INTO `student_card` VALUES ('1120', '10383471', null, null);
INSERT INTO `student_card` VALUES ('1121', '10397155', null, null);
INSERT INTO `student_card` VALUES ('1122', '10403413', null, null);
INSERT INTO `student_card` VALUES ('1123', '10418873', null, null);
INSERT INTO `student_card` VALUES ('1124', '10426259', null, null);
INSERT INTO `student_card` VALUES ('1125', '10433869', null, null);
INSERT INTO `student_card` VALUES ('1126', '10444606', null, null);
INSERT INTO `student_card` VALUES ('1127', '10452838', null, null);
INSERT INTO `student_card` VALUES ('1128', '10465172', null, null);
INSERT INTO `student_card` VALUES ('1129', '10472292', null, null);
INSERT INTO `student_card` VALUES ('1130', '10485088', null, null);
INSERT INTO `student_card` VALUES ('1131', '10497241', null, null);
INSERT INTO `student_card` VALUES ('1132', '10503533', null, null);
INSERT INTO `student_card` VALUES ('1133', '10515856', null, null);
INSERT INTO `student_card` VALUES ('1134', '10521072', null, null);
INSERT INTO `student_card` VALUES ('1135', '10532501', null, null);
INSERT INTO `student_card` VALUES ('1136', '10541814', null, null);
INSERT INTO `student_card` VALUES ('1137', '10553232', null, null);
INSERT INTO `student_card` VALUES ('1138', '10569192', null, null);
INSERT INTO `student_card` VALUES ('1139', '10572710', null, null);
INSERT INTO `student_card` VALUES ('1140', '10588202', null, null);
INSERT INTO `student_card` VALUES ('1141', '10598782', null, null);
INSERT INTO `student_card` VALUES ('1142', '10601510', null, null);
INSERT INTO `student_card` VALUES ('1143', '10613257', null, null);
INSERT INTO `student_card` VALUES ('1144', '10626906', null, null);
INSERT INTO `student_card` VALUES ('1145', '10636747', null, null);
INSERT INTO `student_card` VALUES ('1146', '10645376', null, null);
INSERT INTO `student_card` VALUES ('1147', '10659663', null, null);
INSERT INTO `student_card` VALUES ('1148', '10661140', null, null);
INSERT INTO `student_card` VALUES ('1149', '10674413', null, null);
INSERT INTO `student_card` VALUES ('1150', '10682443', null, null);
INSERT INTO `student_card` VALUES ('1151', '10692606', null, null);
INSERT INTO `student_card` VALUES ('1152', '10701989', null, null);
INSERT INTO `student_card` VALUES ('1153', '10717349', null, null);
INSERT INTO `student_card` VALUES ('1154', '10725644', null, null);
INSERT INTO `student_card` VALUES ('1155', '10739795', null, null);
INSERT INTO `student_card` VALUES ('1156', '10745283', null, null);
INSERT INTO `student_card` VALUES ('1157', '10758475', null, null);
INSERT INTO `student_card` VALUES ('1158', '10764427', null, null);
INSERT INTO `student_card` VALUES ('1159', '10776255', null, null);
INSERT INTO `student_card` VALUES ('1160', '10789985', null, null);
INSERT INTO `student_card` VALUES ('1161', '10796154', null, null);
INSERT INTO `student_card` VALUES ('1162', '10802090', null, null);
INSERT INTO `student_card` VALUES ('1163', '10814790', null, null);
INSERT INTO `student_card` VALUES ('1164', '10821509', null, null);
INSERT INTO `student_card` VALUES ('1165', '10833731', null, null);
INSERT INTO `student_card` VALUES ('1166', '10849629', null, null);
INSERT INTO `student_card` VALUES ('1167', '10856890', null, null);
INSERT INTO `student_card` VALUES ('1168', '10861903', null, null);
INSERT INTO `student_card` VALUES ('1169', '10871931', null, null);
INSERT INTO `student_card` VALUES ('1170', '10883121', null, null);
INSERT INTO `student_card` VALUES ('1171', '10898096', null, null);
INSERT INTO `student_card` VALUES ('1172', '10901750', null, null);
INSERT INTO `student_card` VALUES ('1173', '10915319', null, null);
INSERT INTO `student_card` VALUES ('1174', '10921284', null, null);
INSERT INTO `student_card` VALUES ('1175', '10931904', null, null);
INSERT INTO `student_card` VALUES ('1176', '10946226', null, null);
INSERT INTO `student_card` VALUES ('1177', '10956579', null, null);
INSERT INTO `student_card` VALUES ('1178', '10969533', null, null);
INSERT INTO `student_card` VALUES ('1179', '10979594', null, null);
INSERT INTO `student_card` VALUES ('1180', '10981787', null, null);
INSERT INTO `student_card` VALUES ('1181', '10993729', null, null);
INSERT INTO `student_card` VALUES ('1182', '11001546', null, null);
INSERT INTO `student_card` VALUES ('1183', '20014012', null, null);
INSERT INTO `student_card` VALUES ('1184', '20029530', null, null);
INSERT INTO `student_card` VALUES ('1185', '20033495', null, null);
INSERT INTO `student_card` VALUES ('1186', '20041073', null, null);
INSERT INTO `student_card` VALUES ('1187', '20053191', null, null);
INSERT INTO `student_card` VALUES ('1188', '20066416', null, null);
INSERT INTO `student_card` VALUES ('1189', '20071996', null, null);
INSERT INTO `student_card` VALUES ('1190', '20089487', null, null);
INSERT INTO `student_card` VALUES ('1191', '20099897', null, null);
INSERT INTO `student_card` VALUES ('1192', '20104178', null, null);
INSERT INTO `student_card` VALUES ('1193', '20113559', null, null);
INSERT INTO `student_card` VALUES ('1194', '20126369', null, null);
INSERT INTO `student_card` VALUES ('1195', '20137623', null, null);
INSERT INTO `student_card` VALUES ('1196', '20146919', null, null);
INSERT INTO `student_card` VALUES ('1197', '20155969', null, null);
INSERT INTO `student_card` VALUES ('1198', '20161232', null, null);
INSERT INTO `student_card` VALUES ('1199', '20172303', null, null);
INSERT INTO `student_card` VALUES ('1200', '20181125', null, null);
INSERT INTO `student_card` VALUES ('1201', '20194708', null, null);
INSERT INTO `student_card` VALUES ('1202', '20207347', null, null);
INSERT INTO `student_card` VALUES ('1203', '20214010', null, null);
INSERT INTO `student_card` VALUES ('1204', '20229043', null, null);
INSERT INTO `student_card` VALUES ('1205', '20238748', null, null);
INSERT INTO `student_card` VALUES ('1206', '20245511', null, null);
INSERT INTO `student_card` VALUES ('1207', '20259243', null, null);
INSERT INTO `student_card` VALUES ('1208', '20268174', null, null);
INSERT INTO `student_card` VALUES ('1209', '20275322', null, null);
INSERT INTO `student_card` VALUES ('1210', '20287529', null, null);
INSERT INTO `student_card` VALUES ('1211', '20293935', null, null);
INSERT INTO `student_card` VALUES ('1212', '20304918', null, null);
INSERT INTO `student_card` VALUES ('1213', '20313634', null, null);
INSERT INTO `student_card` VALUES ('1214', '20329103', null, null);
INSERT INTO `student_card` VALUES ('1215', '20333217', null, null);
INSERT INTO `student_card` VALUES ('1216', '20343238', null, null);
INSERT INTO `student_card` VALUES ('1217', '20357895', null, null);
INSERT INTO `student_card` VALUES ('1218', '20361825', null, null);
INSERT INTO `student_card` VALUES ('1219', '20375092', null, null);
INSERT INTO `student_card` VALUES ('1220', '20389617', null, null);
INSERT INTO `student_card` VALUES ('1221', '20398198', null, null);
INSERT INTO `student_card` VALUES ('1222', '20406952', null, null);
INSERT INTO `student_card` VALUES ('1223', '20411605', null, null);
INSERT INTO `student_card` VALUES ('1224', '20426423', null, null);
INSERT INTO `student_card` VALUES ('1225', '20435706', null, null);
INSERT INTO `student_card` VALUES ('1226', '20441713', null, null);
INSERT INTO `student_card` VALUES ('1227', '20457789', null, null);
INSERT INTO `student_card` VALUES ('1228', '20466285', null, null);
INSERT INTO `student_card` VALUES ('1229', '20473311', null, null);
INSERT INTO `student_card` VALUES ('1230', '20489937', null, null);
INSERT INTO `student_card` VALUES ('1231', '20492664', null, null);
INSERT INTO `student_card` VALUES ('1232', '20506007', null, null);
INSERT INTO `student_card` VALUES ('1233', '20511482', null, null);
INSERT INTO `student_card` VALUES ('1234', '20521919', null, null);
INSERT INTO `student_card` VALUES ('1235', '20536833', null, null);
INSERT INTO `student_card` VALUES ('1236', '20546046', null, null);
INSERT INTO `student_card` VALUES ('1237', '20558231', null, null);
INSERT INTO `student_card` VALUES ('1238', '20565562', null, null);
INSERT INTO `student_card` VALUES ('1239', '20575751', null, null);
INSERT INTO `student_card` VALUES ('1240', '20588628', null, null);
INSERT INTO `student_card` VALUES ('1241', '20591253', null, null);
INSERT INTO `student_card` VALUES ('1242', '20601993', null, null);
INSERT INTO `student_card` VALUES ('1243', '20611589', null, null);
INSERT INTO `student_card` VALUES ('1244', '20628103', null, null);
INSERT INTO `student_card` VALUES ('1245', '20632099', null, null);
INSERT INTO `student_card` VALUES ('1246', '20644073', null, null);
INSERT INTO `student_card` VALUES ('1247', '20656722', null, null);
INSERT INTO `student_card` VALUES ('1248', '20669237', null, null);
INSERT INTO `student_card` VALUES ('1249', '20679885', null, null);
INSERT INTO `student_card` VALUES ('1250', '20689402', null, null);
INSERT INTO `student_card` VALUES ('1251', '20696249', null, null);
INSERT INTO `student_card` VALUES ('1252', '20707762', null, null);
INSERT INTO `student_card` VALUES ('1253', '20717444', null, null);
INSERT INTO `student_card` VALUES ('1254', '20727744', null, null);
INSERT INTO `student_card` VALUES ('1255', '20735643', null, null);
INSERT INTO `student_card` VALUES ('1256', '20742653', null, null);
INSERT INTO `student_card` VALUES ('1257', '20753013', null, null);
INSERT INTO `student_card` VALUES ('1258', '20767011', null, null);
INSERT INTO `student_card` VALUES ('1259', '20778584', null, null);
INSERT INTO `student_card` VALUES ('1260', '20784276', null, null);
INSERT INTO `student_card` VALUES ('1261', '20795530', null, null);
INSERT INTO `student_card` VALUES ('1262', '20804343', null, null);
INSERT INTO `student_card` VALUES ('1263', '20813227', null, null);
INSERT INTO `student_card` VALUES ('1264', '20827764', null, null);
INSERT INTO `student_card` VALUES ('1265', '20835338', null, null);
INSERT INTO `student_card` VALUES ('1266', '20845099', null, null);
INSERT INTO `student_card` VALUES ('1267', '20857737', null, null);
INSERT INTO `student_card` VALUES ('1268', '20867736', null, null);
INSERT INTO `student_card` VALUES ('1269', '20873665', null, null);
INSERT INTO `student_card` VALUES ('1270', '20887034', null, null);
INSERT INTO `student_card` VALUES ('1271', '20899661', null, null);
INSERT INTO `student_card` VALUES ('1272', '20905712', null, null);
INSERT INTO `student_card` VALUES ('1273', '20912525', null, null);
INSERT INTO `student_card` VALUES ('1274', '20923274', null, null);
INSERT INTO `student_card` VALUES ('1275', '20932816', null, null);
INSERT INTO `student_card` VALUES ('1276', '20941436', null, null);
INSERT INTO `student_card` VALUES ('1277', '20959803', null, null);
INSERT INTO `student_card` VALUES ('1278', '20963216', null, null);
INSERT INTO `student_card` VALUES ('1279', '20971737', null, null);
INSERT INTO `student_card` VALUES ('1280', '20981606', null, null);
INSERT INTO `student_card` VALUES ('1281', '20991160', null, null);
INSERT INTO `student_card` VALUES ('1282', '21004917', null, null);

-- ----------------------------
-- Table structure for `student_information`
-- ----------------------------
DROP TABLE IF EXISTS `student_information`;
CREATE TABLE `student_information` (
  `si_id` int(11) NOT NULL AUTO_INCREMENT,
  `si_name` varchar(11) DEFAULT NULL COMMENT '姓名',
  `ethnic_group` varchar(255) DEFAULT NULL COMMENT '民族',
  `serial_number` varchar(255) DEFAULT NULL COMMENT '流水号',
  `si_unitId` int(11) DEFAULT NULL COMMENT '单位id',
  `unit_name` varchar(255) DEFAULT NULL COMMENT '单位名称',
  `si_departmentId` int(11) DEFAULT NULL COMMENT '工作部门id',
  `deparentmentName` varchar(255) DEFAULT NULL COMMENT '部门名称',
  `si_ID_number` varchar(20) DEFAULT NULL COMMENT '身份证号',
  `scenePicture` varchar(255) DEFAULT NULL COMMENT '人脸匹对照',
  `photo` varchar(255) DEFAULT NULL COMMENT '证件照',
  `si_phone_number` varchar(11) DEFAULT NULL COMMENT '手机号',
  `status` char(1) DEFAULT NULL COMMENT '状态 0:正常，1：失效',
  `sex` char(1) DEFAULT NULL COMMENT '性别（0：男 1：女）',
  `si_number` varchar(11) DEFAULT NULL COMMENT '员工编号',
  `email` varchar(64) DEFAULT NULL COMMENT '邮箱',
  `post` varchar(20) DEFAULT NULL COMMENT '工作岗位',
  `skill_level` varchar(64) DEFAULT NULL COMMENT '职业技能等级',
  `si_address` varchar(255) DEFAULT NULL COMMENT '地址',
  `evaluate` char(1) DEFAULT NULL COMMENT '评价    0：已评价，1：未评价(该字段作废)',
  `create_by` varchar(64) DEFAULT NULL COMMENT '创建者',
  `create_date` varchar(25) DEFAULT NULL COMMENT '创建时间',
  `update_by` varchar(64) DEFAULT NULL COMMENT '更新者',
  `update_date` varchar(25) CHARACTER SET latin1 DEFAULT NULL COMMENT '更新时间',
  `remarks` varchar(500) DEFAULT NULL COMMENT '备注信息',
  PRIMARY KEY (`si_id`) USING BTREE
) ENGINE=InnoDB AUTO_INCREMENT=131 DEFAULT CHARSET=utf8 ROW_FORMAT=COMPACT COMMENT='学员信息表 student information';

-- ----------------------------
-- Records of student_information
-- ----------------------------
INSERT INTO `student_information` VALUES ('78', '沈贤艳', '汉', null, '107', '来安县公司', null, '', '341881199511082629', '/upload/studentFace/1547708161035_863911.jpg', '/upload/studentInfo/1547708161019_410616.jpg', '', '0', '1', '001', '', null, null, '安徽省宁国市梅林镇阳山村新庄组３号', null, '沈贤艳', '2019-01-16 06:58:54', 'SAF7010011800296', '2019-01-17 14:56:01', null);
INSERT INTO `student_information` VALUES ('79', '武斌', '汉', null, null, null, null, null, '340123199210156732', '/upload/studentFace/1547790041863_108624.jpg', '/upload/studentInfo/1547790041551_899090.jpg', '', '0', '0', null, null, null, null, '安徽省肥东县古城镇广兴村曹中组', null, 'SAF7010011800296', '2019-01-18 13:40:41', 'SAF7010011800296', '2019-01-18 13:40:41', null);
INSERT INTO `student_information` VALUES ('80', '韩云涛', '汉', null, null, '', null, '研发', '340302200011111010', null, '/upload/studentInfo/1547792780816_787694.jpg', '', '0', '0', '0050', '', '', '', '', null, 'SAF7010011800296', '2019-01-18 14:26:05', 'admin', '2019-01-18 15:10:04', '');
INSERT INTO `student_information` VALUES ('81', '孔令童', '汉', null, null, null, null, null, '372321199609255375', '/upload/studentFace/1547800262067_985692.jpg', '/upload/studentInfo/1547800262051_677073.jpg', '', '0', '0', null, null, null, null, '山东省惠民县辛店镇中心路56号-25', null, 'SAF7010011800296', '2019-01-18 16:10:27', 'SAF7010011800296', '2019-01-18 16:31:02', null);
INSERT INTO `student_information` VALUES ('82', '手动输', '汉', null, null, null, null, null, '341991199511062626', null, null, '', '0', null, null, null, null, null, null, null, null, null, null, null, null);
INSERT INTO `student_information` VALUES ('83', '吕晓娜', '汉', null, null, null, null, null, '330183199209052842', '/upload/studentFace/1547948943938_147566.jpg', '/upload/studentInfo/1548287493749_709256.jpg', '', '0', '1', null, null, null, null, '杭州市富阳区灵桥镇王家宕村中心大路２８２号', null, 'SAF7010011800296', '2019-01-20 09:49:03', 'SAF7010011800296', '2019-01-24 07:51:33', null);
INSERT INTO `student_information` VALUES ('84', '丁亚', '汉', null, null, null, null, null, '340603199104240414', '/upload/studentFace/1547950028016_726384.jpg', '/upload/studentInfo/1547950028001_951716.jpg', '', '0', '0', null, null, null, null, '安徽省合肥市包河区屯溪路１９３号２０１０级电气与自动化工程学院', null, 'SAF7010011800296', '2019-01-20 10:06:58', 'SAF7010011800296', '2019-01-20 10:07:08', null);
INSERT INTO `student_information` VALUES ('85', '刘东圆', '汉', null, null, null, null, null, '342426199305061610', '/upload/studentFace/1547950667923_549943.jpg', '/upload/studentInfo/1547950667923_125096.jpg', '', '0', '0', null, null, null, null, '安徽省金寨县梅山镇青山社区人武组', null, 'SAF7010011800296', '2019-01-20 10:17:47', 'SAF7010011800296', '2019-01-20 10:17:47', null);
INSERT INTO `student_information` VALUES ('86', '刘佳薇', '汉', null, null, null, null, null, '341204199501020023', '/upload/studentFace/1547953265657_613495.jpg', '/upload/studentInfo/1547953265657_091958.jpg', '', '0', '1', null, null, null, null, '安徽省阜阳市颍泉区颍州中路４７号２０幢６０２户', null, 'SAF7010011800296', '2019-01-20 11:01:02', 'SAF7010011800296', '2019-01-20 11:01:05', null);
INSERT INTO `student_information` VALUES ('87', '崔一帆', '汉', null, null, null, null, null, '412824199412121487', '/upload/studentFace/1547962188339_186911.jpg', '/upload/studentInfo/1547962188332_229734.jpg', '', '0', '1', null, null, null, null, '安徽省合肥市包河区芜湖路411号', null, 'SAF7010011800296', '2019-01-20 13:29:36', 'SAF7010011800296', '2019-01-20 13:29:48', null);
INSERT INTO `student_information` VALUES ('88', '牛沁', '汉', null, '58', null, null, null, '340123198902090581', '/upload/studentFace/1547963918186_629819.jpg', '/upload/studentInfo/1547963918155_772415.jpg', '13665691108', '0', '1', '', '', null, null, '安徽省合肥市蜀山区容成路８６号磬苑小区１３幢２０２室', null, 'SAF7010011800296', '2019-01-20 13:58:24', '牛沁', '2019-01-20 14:08:05', null);
INSERT INTO `student_information` VALUES ('89', '申凯', '汉', null, null, null, null, null, '43052119881021877X', '/upload/studentFace/1547966549120_247683.jpg', '/upload/studentInfo/1547966549107_803554.jpg', '', '0', '0', null, null, null, null, '湖南省永州市冷水滩区解放路869号', null, 'SAF7010011800296', '2019-01-20 14:41:22', 'SAF7010011800296', '2019-01-20 14:42:29', null);
INSERT INTO `student_information` VALUES ('90', '王春阳', '汉', null, null, null, null, null, '412822199104106231', '/upload/studentFace/1547966632861_042164.jpg', '/upload/studentInfo/1547966632833_851723.jpg', '', '0', '0', null, null, null, null, '安徽省宣城市宣州区飞彩办事处昭亭南路宛陵湖新城3号地9幢404室', null, 'SAF7010011800296', '2019-01-20 14:43:52', 'SAF7010011800296', '2019-01-20 14:43:52', null);
INSERT INTO `student_information` VALUES ('91', '黄刚', '汉', null, null, null, null, null, '511623199503011510', '/upload/studentFace/1547966669377_669696.jpg', '/upload/studentInfo/1547966669365_852194.jpg', '', '0', '0', null, null, null, null, '四川省邻水县长安乡明月村2组10号', null, 'SAF7010011800296', '2019-01-20 14:44:29', 'SAF7010011800296', '2019-01-20 14:44:29', null);
INSERT INTO `student_information` VALUES ('92', '祝浩焱', '满', null, null, null, null, null, '210411199502131854', '/upload/studentFace/1547966721381_702085.jpg', '/upload/studentInfo/1547966721379_582769.jpg', '', '0', '0', null, null, null, null, '辽宁省抚顺市清原满族自治县清原镇柴河路14号楼2单元402室', null, 'SAF7010011800296', '2019-01-20 14:45:11', 'SAF7010011800296', '2019-01-20 14:45:21', null);
INSERT INTO `student_information` VALUES ('93', '纪飞鹏', '汉', null, null, null, null, null, '342425199212134036', '/upload/studentFace/1547968125856_557341.jpg', '/upload/studentInfo/1547968125843_630007.jpg', '', '0', '0', null, null, null, null, '安徽省舒城县干汊河镇靠山村枫香组１４', null, 'SAF7010011800296', '2019-01-20 15:08:42', 'SAF7010011800296', '2019-01-20 15:08:45', null);
INSERT INTO `student_information` VALUES ('94', '宋争光', '汉', null, null, null, null, null, '412827199004172516', '/upload/studentFace/1547968449558_243472.jpg', '/upload/studentInfo/1547968449527_964625.jpg', '', '0', '0', null, null, null, null, '河南省平舆县庙湾镇代关庙村委宋楼８组', null, 'SAF7010011800296', '2019-01-20 15:13:42', 'SAF7010011800296', '2019-01-20 15:14:09', null);
INSERT INTO `student_information` VALUES ('95', '汪梁', '汉', null, null, null, null, null, '342421199010237939', '/upload/studentFace/1547968469855_606134.jpg', '/upload/studentInfo/1547968469840_786555.jpg', '', '0', '0', null, null, null, null, '安徽省肥西县山南镇街道十一组', null, 'SAF7010011800296', '2019-01-20 15:14:27', 'SAF7010011800296', '2019-01-20 15:14:29', null);
INSERT INTO `student_information` VALUES ('96', '潘尧', '汉', null, '0', null, null, null, '340802199206080815', '/upload/studentFace/1547968506074_889811.jpg', '/upload/studentInfo/1547968506043_749316.jpg', '18225867029', '0', '0', '', '', null, null, '安徽省安庆市迎江区菱湖南路151号１幢４单元６１０室', null, 'SAF7010011800296', '2019-01-20 15:15:01', '潘尧', '2019-01-23 16:40:12', null);
INSERT INTO `student_information` VALUES ('97', '胡俏', '汉', null, null, null, null, null, '430922199509023124', '/upload/studentFace/1547970413551_914931.jpg', '/upload/studentInfo/1547970413536_412915.jpg', '', '0', '1', null, null, null, null, '湖南省桃江县三堂街镇龙牙坪村刘家湾村民组247号', null, 'SAF7010011800296', '2019-01-20 15:46:53', 'SAF7010011800296', '2019-01-20 15:46:53', null);
INSERT INTO `student_information` VALUES ('98', '刘少星', '汉', null, null, null, null, null, '340824199104170017', '/upload/studentFace/1547972287941_680376.jpg', '/upload/studentInfo/1547972287926_761059.jpg', '', '0', '0', null, null, null, null, '安徽省安庆市潜山县梅城镇梅苑路６５号', null, 'SAF7010011800296', '2019-01-20 15:54:48', 'SAF7010011800296', '2019-01-20 16:18:07', null);
INSERT INTO `student_information` VALUES ('99', '孙喆', '汉', null, null, null, null, null, '220721199408164415', '/upload/studentFace/1547971708933_876662.jpg', '/upload/studentInfo/1547971708921_395429.jpg', '', '0', '0', null, null, null, null, '吉林省前郭尔罗斯蒙古族自治县长龙乡巨龙村巨龙山屯', null, 'SAF7010011800296', '2019-01-20 16:08:14', 'SAF7010011800296', '2019-01-20 16:08:28', null);
INSERT INTO `student_information` VALUES ('100', '张小伍', '汉', null, null, null, null, null, '411123199302079577', '/upload/studentFace/1547971783747_419759.jpg', '/upload/studentInfo/1547971783740_922567.jpg', '', '0', '0', null, null, null, null, '河南省漯河市召陵区万金镇栗门张村１０组５９６号', null, 'SAF7010011800296', '2019-01-20 16:09:14', 'SAF7010011800296', '2019-01-20 16:09:43', null);
INSERT INTO `student_information` VALUES ('101', '赵国权', '汉', null, null, null, null, null, '654001199512072174', '/upload/studentFace/1547971884766_925424.jpg', '/upload/studentInfo/1547971884754_207981.jpg', '', '0', '0', null, null, null, null, '江苏省徐州市泉山区三环南路269号', null, 'SAF7010011800296', '2019-01-20 16:10:58', 'SAF7010011800296', '2019-01-20 16:11:24', null);
INSERT INTO `student_information` VALUES ('102', '桂学祥', '汉', null, '58', null, null, null, '342901199306132214', null, null, '17602123881', '0', null, '10306303', '2249292572', null, null, null, null, null, null, '桂学祥', '2019-01-23 16:41:08', null);
INSERT INTO `student_information` VALUES ('103', '田杰', '汉', null, null, null, null, null, '320821199412083318', null, null, '', '0', null, null, null, null, null, null, null, null, null, null, null, null);
INSERT INTO `student_information` VALUES ('104', '孙旭', '汉', null, null, null, null, null, '370911198908292014', null, null, '', '0', null, null, null, null, null, null, null, null, null, null, null, null);
INSERT INTO `student_information` VALUES ('105', '孙昭', '汉', null, null, null, null, null, '340824199312032639', '/upload/studentFace/1547973396246_663370.jpg', '/upload/studentInfo/1547973396236_016506.jpg', '', '0', '0', null, null, null, null, '安徽省安庆市潜山县痘姆乡仙驾村中坂组8号', null, 'SAF7010011800296', '2019-01-20 16:36:04', 'SAF7010011800296', '2019-01-20 16:36:36', null);
INSERT INTO `student_information` VALUES ('106', '汪雨', '汉', null, null, null, null, null, '340881199110170619', '/upload/studentFace/1547973424376_220449.jpg', '/upload/studentInfo/1547973424368_053139.jpg', '', '0', '0', null, null, null, null, '安徽省桐城市青草镇夏星村墩屋21号', null, 'SAF7010011800296', '2019-01-20 16:36:58', 'SAF7010011800296', '2019-01-20 16:37:04', null);
INSERT INTO `student_information` VALUES ('107', '王佳佳', '汉', null, null, null, null, null, '370725199006212603', '/upload/studentFace/1547975916585_057862.jpg', '/upload/studentInfo/1547975916507_769513.jpg', '', '0', '1', null, null, null, null, '山东省昌乐县鄌郚镇王家河洼村８７号', null, 'SAF7010011800296', '2019-01-20 17:18:36', 'SAF7010011800296', '2019-01-20 17:18:36', null);
INSERT INTO `student_information` VALUES ('108', '王针针', '汉', null, '0', null, null, null, '370828199010165402', '/upload/studentFace/1547976031366_713039.jpg', '/upload/studentInfo/1547976031335_430493.jpg', '13135520266', '0', '1', '30126861', '', null, null, '山东省金乡县鸡黍镇王门楼村中心街8巷2号', null, 'SAF7010011800296', '2019-01-20 17:20:06', '王针针', '2019-01-24 14:29:30', null);
INSERT INTO `student_information` VALUES ('109', '张毅', '汉', null, null, null, null, null, '320321198912177239', '/upload/studentFace/1547976333819_144661.jpg', '/upload/studentInfo/1547976333803_873177.jpg', '', '0', '0', null, null, null, null, '江苏省丰县凤城镇胜利书院北街65号', null, 'SAF7010011800296', '2019-01-20 17:25:14', 'SAF7010011800296', '2019-01-20 17:25:33', null);
INSERT INTO `student_information` VALUES ('110', '潘永兵', '汉', null, null, null, null, null, '341181199207074618', '/upload/studentFace/1547976389538_327946.jpg', '/upload/studentInfo/1547976389507_317167.jpg', '', '0', '0', null, null, null, null, '安徽省天长市秦栏镇联合村牌坊队19号', null, 'SAF7010011800296', '2019-01-20 17:26:29', 'SAF7010011800296', '2019-01-20 17:26:29', null);
INSERT INTO `student_information` VALUES ('111', '谢凯', '汉', null, null, null, null, null, '341102199403150213', '/upload/studentFace/1547976429553_662234.jpg', '/upload/studentInfo/1547976429538_507541.jpg', '', '0', '0', null, null, null, null, '安徽省滁州市琅琊区环滁西路西涧一村１０幢２０４室', null, 'SAF7010011800296', '2019-01-20 17:27:09', 'SAF7010011800296', '2019-01-20 17:27:09', null);
INSERT INTO `student_information` VALUES ('112', '胡姝雅', '汉', null, null, null, null, null, '341002199402080422', '/upload/studentFace/1547976718194_217980.jpg', '/upload/studentInfo/1547976718163_426714.jpg', '', '0', '1', null, null, null, null, '安徽省黄山市屯溪区新安南路１５号', null, 'SAF7010011800296', '2019-01-20 17:31:46', 'SAF7010011800296', '2019-01-20 17:31:58', null);
INSERT INTO `student_information` VALUES ('113', '程沅', '汉', null, null, null, null, null, '341021199107161931', '/upload/studentFace/1547976747178_218909.jpg', '/upload/studentInfo/1547976747163_538391.jpg', '', '0', '0', null, null, null, null, '安徽省歙县上丰乡禹坑村二组', null, 'SAF7010011800296', '2019-01-20 17:32:27', 'SAF7010011800296', '2019-01-20 17:32:27', null);
INSERT INTO `student_information` VALUES ('114', '黄亚申', '汉', null, null, null, null, null, '342221199209116535', '/upload/studentFace/1547976977053_823760.jpg', '/upload/studentInfo/1547976977022_521212.jpg', '', '0', '0', null, null, null, null, '安徽省宿州市砀山县赵屯镇黄庄寨行政村瓦房070号', null, 'SAF7010011800296', '2019-01-20 17:36:17', 'SAF7010011800296', '2019-01-20 17:36:17', null);
INSERT INTO `student_information` VALUES ('115', '裴旵', '汉', null, null, null, null, null, '340822198907054856', '/upload/studentFace/1547978632678_902029.jpg', '/upload/studentInfo/1547978632663_919912.jpg', '', '0', '0', null, null, null, null, '安徽省安庆市大观区海口镇安宁居委会利民组００７号', null, 'SAF7010011800296', '2019-01-20 18:03:51', 'SAF7010011800296', '2019-01-20 18:03:52', null);
INSERT INTO `student_information` VALUES ('116', '郭志', '汉', null, null, null, null, null, '410721199010243514', '/upload/studentFace/1547978705460_956400.jpg', '/upload/studentInfo/1547978705428_151175.jpg', '', '0', '0', null, null, null, null, '河南省新乡县朗公庙镇崔庄村１９５号', null, 'SAF7010011800296', '2019-01-20 18:05:05', 'SAF7010011800296', '2019-01-20 18:05:05', null);
INSERT INTO `student_information` VALUES ('117', '赵东杰', '汉', null, null, null, null, null, '411421199006132816', '/upload/studentFace/1547978892147_032020.jpg', '/upload/studentInfo/1547978892132_602990.jpg', '', '0', '0', null, null, null, null, '河南省民权县人和镇秋树营村', null, 'SAF7010011800296', '2019-01-20 18:08:12', 'SAF7010011800296', '2019-01-20 18:08:12', null);
INSERT INTO `student_information` VALUES ('118', '刘要辉', '汉', null, null, null, null, null, '410422199010293853', '/upload/studentFace/1547978936085_675114.jpg', '/upload/studentInfo/1547978936053_638908.jpg', '', '0', '0', null, null, null, null, '河南省叶县保安镇牛庵村五组', null, 'SAF7010011800296', '2019-01-20 18:08:56', 'SAF7010011800296', '2019-01-20 18:08:56', null);
INSERT INTO `student_information` VALUES ('119', '程盛', '汉', null, null, null, null, null, '342529199102150036', '/upload/studentFace/1547981690303_734387.jpg', '/upload/studentInfo/1547981690288_387029.jpg', '', '0', '0', null, null, null, null, '北京市海淀区上园村3号院北京交通大学2009级电气工程学院', null, 'SAF7010011800296', '2019-01-20 18:53:20', 'SAF7010011800296', '2019-01-20 18:54:50', null);
INSERT INTO `student_information` VALUES ('120', '徐扬', '汉', null, null, null, null, null, '340221199108073634', '/upload/studentFace/1547981696288_241500.jpg', '/upload/studentInfo/1547981696257_157862.jpg', '', '0', '0', null, null, null, null, '安徽省芜湖市鸠江区万春街道金华行政村小闸自然村', null, 'SAF7010011800296', '2019-01-20 18:54:52', 'SAF7010011800296', '2019-01-20 18:54:56', null);
INSERT INTO `student_information` VALUES ('121', '韦伟', '汉', null, null, null, null, null, '34118119900501107X', '/upload/studentFace/1547981825272_144510.jpg', '/upload/studentInfo/1547981825257_957717.jpg', '', '0', '0', null, null, null, null, '安徽省合肥市包河区芜湖路411号', null, 'SAF7010011800296', '2019-01-20 18:56:20', 'SAF7010011800296', '2019-01-20 18:57:05', null);
INSERT INTO `student_information` VALUES ('122', '史钟玉', '汉', null, null, null, null, null, '340823199412154928', '/upload/studentFace/1547982982788_792019.jpg', '/upload/studentInfo/1547982982772_262790.jpg', '', '0', '1', null, null, null, null, '安徽省安庆市枞阳县汤沟镇江厂村八组19号', null, 'SAF7010011800296', '2019-01-20 19:16:17', 'SAF7010011800296', '2019-01-20 19:16:22', null);
INSERT INTO `student_information` VALUES ('123', '胡可', '汉', null, null, null, null, null, '340824199112200028', '/upload/studentFace/1547984226928_403808.jpg', '/upload/studentInfo/1547984226882_754282.jpg', '', '0', '1', null, null, null, null, '安徽省安庆市潜山县梅城镇新建路188号', null, 'SAF7010011800296', '2019-01-20 19:37:06', 'SAF7010011800296', '2019-01-20 19:37:06', null);
INSERT INTO `student_information` VALUES ('124', '郭志', '汉', null, '90', '铜陵公司本部', null, '', '412326199009027517', null, '/upload/studentInfo/1547989670257_408142.jpg', '18297615830', '0', '0', '', '', '', '', '河南省夏邑县城关镇雪枫西路农机东区５排４号', null, 'SAF7010011800296', '2019-01-20 21:06:29', '郭志', '2019-01-23 16:49:21', '');
INSERT INTO `student_information` VALUES ('125', '曾彤', '汉', null, '24', null, null, null, '34080319910103224X', '/upload/studentFace/1548027377146_075113.jpg', '/upload/studentInfo/1548027377131_226281.jpg', '13665651081', '0', '1', '', '', null, null, '安徽省合肥市包河区芜湖路411号', null, 'SAF7010011800296', '2019-01-21 07:36:17', '曾彤', '2019-01-23 16:37:30', null);
INSERT INTO `student_information` VALUES ('126', '刘晓娴', '汉', null, null, null, null, null, '34032219911210612X', '/upload/studentFace/1548028032381_232158.jpg', '/upload/studentInfo/1548028032349_724994.jpg', '', '0', '1', null, null, null, null, '安徽省蚌埠市五河县东刘集镇刘集村２号', null, 'SAF7010011800296', '2019-01-21 07:47:12', 'SAF7010011800296', '2019-01-21 07:47:12', null);
INSERT INTO `student_information` VALUES ('127', '杨春霞', '汉', null, null, null, null, null, '411082199105261825', '/upload/studentFace/1548028382334_520777.jpg', '/upload/studentInfo/1548028382303_707060.jpg', '', '0', '1', null, null, null, null, '北京市海淀区上园村3号院2014级研究生电气工程学院', null, 'SAF7010011800296', '2019-01-21 07:53:02', 'SAF7010011800296', '2019-01-21 07:53:02', null);
INSERT INTO `student_information` VALUES ('128', '赵杰', '汉', null, null, null, null, null, '340322199104045611', '/upload/studentFace/1548028618381_041606.jpg', '/upload/studentInfo/1548028618349_991171.jpg', '', '0', '0', null, null, null, null, '安徽省蚌埠市五河县临北回族乡后坂村三队３２４号', null, 'SAF7010011800296', '2019-01-21 07:56:58', 'SAF7010011800296', '2019-01-21 07:56:58', null);
INSERT INTO `student_information` VALUES ('129', '徐富祥', '汉', null, null, null, null, null, '413026199207302115', '/upload/studentFace/1548030679693_897299.jpg', '/upload/studentInfo/1548030679678_444208.jpg', '', '0', '0', null, null, null, null, '安徽省合肥市包河区芜湖路411号', null, 'SAF7010011800296', '2019-01-21 08:31:19', 'SAF7010011800296', '2019-01-21 08:31:19', null);
INSERT INTO `student_information` VALUES ('130', '王针针', '汉', null, null, null, null, null, '412825199008137942', '/upload/studentFace/1548041850213_186557.jpg', '/upload/studentInfo/1548041850160_677094.jpg', '', '0', '1', null, null, null, null, '河南省上蔡县石桥乡石桥村石桥３—４０号', null, 'SAF7010011800296', '2019-01-21 11:37:30', 'SAF7010011800296', '2019-01-21 11:37:30', null);

-- ----------------------------
-- Table structure for `stud_dining_record`
-- ----------------------------
DROP TABLE IF EXISTS `stud_dining_record`;
CREATE TABLE `stud_dining_record` (
  `id` int(255) NOT NULL AUTO_INCREMENT COMMENT '主键',
  `student` int(255) DEFAULT NULL COMMENT '学员id',
  `class_room` int(64) DEFAULT NULL COMMENT '班级ID',
  `area` varchar(255) DEFAULT '' COMMENT '就餐地点',
  `day` varchar(255) DEFAULT '' COMMENT '日期',
  `breakfast` int(2) DEFAULT NULL COMMENT '早餐 1:就餐  2：未就餐',
  `lunch` int(2) DEFAULT NULL COMMENT '中餐 1:就餐  2：未就餐',
  `dinner` int(2) DEFAULT NULL COMMENT '晚餐  1:就餐  2：未就餐',
  `time_dinner` varchar(20) DEFAULT NULL COMMENT '最近的就餐时间点',
  PRIMARY KEY (`id`) USING BTREE
) ENGINE=InnoDB AUTO_INCREMENT=194 DEFAULT CHARSET=utf8 ROW_FORMAT=COMPACT COMMENT='学员就餐记录表';

-- ----------------------------
-- Records of stud_dining_record
-- ----------------------------
INSERT INTO `stud_dining_record` VALUES ('32', '106', '40', '西区食堂', '2019-01-20', '2', '2', '1', '2019-01-20 17:03:01');
INSERT INTO `stud_dining_record` VALUES ('33', '105', '40', '西区食堂', '2019-01-20', '2', '2', '1', '2019-01-20 17:03:03');
INSERT INTO `stud_dining_record` VALUES ('34', '93', '40', '西区食堂', '2019-01-20', '2', '2', '1', '2019-01-20 17:07:03');
INSERT INTO `stud_dining_record` VALUES ('35', '85', '40', '西区食堂', '2019-01-20', '2', '2', '1', '2019-01-20 17:07:05');
INSERT INTO `stud_dining_record` VALUES ('36', '99', '40', '西区食堂', '2019-01-20', '2', '2', '1', '2019-01-20 17:22:17');
INSERT INTO `stud_dining_record` VALUES ('37', '101', '40', '西区食堂', '2019-01-20', '2', '2', '1', '2019-01-20 17:22:19');
INSERT INTO `stud_dining_record` VALUES ('38', '100', '40', '西区食堂', '2019-01-20', '2', '2', '1', '2019-01-20 17:22:21');
INSERT INTO `stud_dining_record` VALUES ('39', '89', '40', '西区食堂', '2019-01-20', '2', '2', '1', '2019-01-20 17:35:21');
INSERT INTO `stud_dining_record` VALUES ('40', '90', '40', '西区食堂', '2019-01-20', '2', '2', '1', '2019-01-20 17:35:25');
INSERT INTO `stud_dining_record` VALUES ('41', '98', '40', '西区食堂', '2019-01-20', '2', '2', '1', '2019-01-20 17:35:29');
INSERT INTO `stud_dining_record` VALUES ('42', '91', '40', '西区食堂', '2019-01-20', '2', '2', '1', '2019-01-20 17:36:46');
INSERT INTO `stud_dining_record` VALUES ('43', '92', '40', '西区食堂', '2019-01-20', '2', '2', '1', '2019-01-20 17:36:49');
INSERT INTO `stud_dining_record` VALUES ('44', '113', '40', '西区食堂', '2019-01-20', '2', '2', '1', '2019-01-20 17:44:00');
INSERT INTO `stud_dining_record` VALUES ('45', '112', '40', '西区食堂', '2019-01-20', '2', '2', '1', '2019-01-20 17:44:06');
INSERT INTO `stud_dining_record` VALUES ('46', '108', '40', '西区食堂', '2019-01-20', '2', '2', '1', '2019-01-20 17:45:33');
INSERT INTO `stud_dining_record` VALUES ('47', '107', '40', '西区食堂', '2019-01-20', '2', '2', '1', '2019-01-20 17:45:37');
INSERT INTO `stud_dining_record` VALUES ('48', '115', '40', '西区食堂', '2019-01-20', '2', '2', '1', '2019-01-20 18:06:40');
INSERT INTO `stud_dining_record` VALUES ('49', '88', '40', '西区食堂', '2019-01-21', '1', '1', '1', '2019-01-21 17:27:36');
INSERT INTO `stud_dining_record` VALUES ('50', '115', '40', '西区食堂', '2019-01-21', '1', '1', '2', '2019-01-21 11:33:01');
INSERT INTO `stud_dining_record` VALUES ('51', '120', '40', '西区食堂', '2019-01-21', '1', '1', '1', '2019-01-21 17:29:27');
INSERT INTO `stud_dining_record` VALUES ('52', '119', '40', '西区食堂', '2019-01-21', '1', '1', '2', '2019-01-21 11:35:23');
INSERT INTO `stud_dining_record` VALUES ('53', '83', '40', '西区食堂', '2019-01-21', '1', '1', '1', '2019-01-21 17:28:09');
INSERT INTO `stud_dining_record` VALUES ('54', '91', '40', '西区食堂', '2019-01-21', '1', '1', '1', '2019-01-21 17:26:53');
INSERT INTO `stud_dining_record` VALUES ('55', '92', '40', '西区食堂', '2019-01-21', '1', '1', '1', '2019-01-21 17:26:54');
INSERT INTO `stud_dining_record` VALUES ('56', '89', '40', '西区食堂', '2019-01-21', '1', '1', '1', '2019-01-21 17:27:33');
INSERT INTO `stud_dining_record` VALUES ('57', '90', '40', '西区食堂', '2019-01-21', '1', '1', '1', '2019-01-21 17:27:30');
INSERT INTO `stud_dining_record` VALUES ('58', '103', '40', '西区食堂', '2019-01-21', '1', '1', '1', '2019-01-21 17:27:28');
INSERT INTO `stud_dining_record` VALUES ('59', '102', '40', '西区食堂', '2019-01-21', '1', '2', '1', '2019-01-21 17:26:57');
INSERT INTO `stud_dining_record` VALUES ('60', '98', '40', '西区食堂', '2019-01-21', '1', '1', '1', '2019-01-21 17:27:34');
INSERT INTO `stud_dining_record` VALUES ('61', '104', '40', '西区食堂', '2019-01-21', '1', '1', '2', '2019-01-21 11:32:06');
INSERT INTO `stud_dining_record` VALUES ('62', '108', '40', '西区食堂', '2019-01-21', '1', '1', '1', '2019-01-21 17:29:24');
INSERT INTO `stud_dining_record` VALUES ('63', '107', '40', '西区食堂', '2019-01-21', '1', '1', '2', '2019-01-21 11:35:37');
INSERT INTO `stud_dining_record` VALUES ('64', '105', '40', '西区食堂', '2019-01-21', '1', '1', '1', '2019-01-21 17:27:46');
INSERT INTO `stud_dining_record` VALUES ('65', '106', '40', '西区食堂', '2019-01-21', '1', '1', '1', '2019-01-21 17:27:48');
INSERT INTO `stud_dining_record` VALUES ('66', '124', '40', '西区食堂', '2019-01-21', '1', '1', '2', '2019-01-21 11:33:17');
INSERT INTO `stud_dining_record` VALUES ('67', '93', '40', '西区食堂', '2019-01-21', '1', '1', '1', '2019-01-21 17:27:24');
INSERT INTO `stud_dining_record` VALUES ('68', '85', '40', '西区食堂', '2019-01-21', '1', '1', '1', '2019-01-21 17:27:25');
INSERT INTO `stud_dining_record` VALUES ('69', '87', '40', '西区食堂', '2019-01-21', '1', '1', '1', '2019-01-21 17:28:01');
INSERT INTO `stud_dining_record` VALUES ('70', '125', '40', '西区食堂', '2019-01-21', '1', '1', '1', '2019-01-21 17:27:59');
INSERT INTO `stud_dining_record` VALUES ('71', '113', '40', '西区食堂', '2019-01-21', '1', '1', '2', '2019-01-21 11:33:04');
INSERT INTO `stud_dining_record` VALUES ('72', '99', '40', '西区食堂', '2019-01-21', '1', '1', '1', '2019-01-21 17:26:59');
INSERT INTO `stud_dining_record` VALUES ('73', '112', '40', '西区食堂', '2019-01-21', '1', '1', '2', '2019-01-21 11:33:06');
INSERT INTO `stud_dining_record` VALUES ('74', '123', '40', '西区食堂', '2019-01-21', '1', '1', '1', '2019-01-21 17:28:36');
INSERT INTO `stud_dining_record` VALUES ('75', '122', '40', '西区食堂', '2019-01-21', '1', '1', '1', '2019-01-21 17:28:38');
INSERT INTO `stud_dining_record` VALUES ('76', '101', '40', '西区食堂', '2019-01-21', '1', '1', '1', '2019-01-21 17:27:04');
INSERT INTO `stud_dining_record` VALUES ('77', '121', '40', '西区食堂', '2019-01-21', '1', '1', '1', '2019-01-21 17:28:03');
INSERT INTO `stud_dining_record` VALUES ('78', '100', '40', '西区食堂', '2019-01-21', '1', '1', '1', '2019-01-21 17:27:02');
INSERT INTO `stud_dining_record` VALUES ('79', '126', '40', '西区食堂', '2019-01-21', '1', '1', '2', '2019-01-21 11:32:16');
INSERT INTO `stud_dining_record` VALUES ('80', '94', '40', '西区食堂', '2019-01-21', '1', '1', '1', '2019-01-21 17:27:20');
INSERT INTO `stud_dining_record` VALUES ('81', '95', '40', '西区食堂', '2019-01-21', '1', '1', '1', '2019-01-21 17:27:22');
INSERT INTO `stud_dining_record` VALUES ('82', '86', '40', '西区食堂', '2019-01-21', '2', '1', '1', '2019-01-21 17:27:57');
INSERT INTO `stud_dining_record` VALUES ('83', '129', '40', '西区食堂', '2019-01-21', '2', '1', '2', '2019-01-21 11:37:41');
INSERT INTO `stud_dining_record` VALUES ('84', '96', '40', '西区食堂', '2019-01-21', '2', '1', '2', '2019-01-21 11:37:46');
INSERT INTO `stud_dining_record` VALUES ('85', '88', '40', '西区食堂', '2019-01-22', '1', '1', '1', '2019-01-22 17:39:46');
INSERT INTO `stud_dining_record` VALUES ('86', '83', '40', '西区食堂', '2019-01-22', '1', '1', '1', '2019-01-22 17:39:42');
INSERT INTO `stud_dining_record` VALUES ('87', '125', '40', '西区食堂', '2019-01-22', '1', '1', '1', '2019-01-22 17:41:37');
INSERT INTO `stud_dining_record` VALUES ('88', '92', '40', '西区食堂', '2019-01-22', '1', '1', '1', '2019-01-22 17:39:24');
INSERT INTO `stud_dining_record` VALUES ('89', '91', '40', '西区食堂', '2019-01-22', '1', '1', '1', '2019-01-22 17:39:28');
INSERT INTO `stud_dining_record` VALUES ('90', '90', '40', '西区食堂', '2019-01-22', '1', '1', '1', '2019-01-22 17:39:27');
INSERT INTO `stud_dining_record` VALUES ('91', '89', '40', '西区食堂', '2019-01-22', '1', '1', '1', '2019-01-22 17:39:25');
INSERT INTO `stud_dining_record` VALUES ('92', '105', '40', '西区食堂', '2019-01-22', '1', '1', '1', '2019-01-22 17:39:38');
INSERT INTO `stud_dining_record` VALUES ('93', '106', '40', '西区食堂', '2019-01-22', '1', '1', '2', '2019-01-22 11:19:35');
INSERT INTO `stud_dining_record` VALUES ('94', '103', '40', '西区食堂', '2019-01-22', '1', '1', '1', '2019-01-22 17:39:19');
INSERT INTO `stud_dining_record` VALUES ('95', '102', '40', '西区食堂', '2019-01-22', '1', '1', '1', '2019-01-22 17:39:22');
INSERT INTO `stud_dining_record` VALUES ('96', '98', '40', '西区食堂', '2019-01-22', '1', '1', '1', '2019-01-22 17:39:21');
INSERT INTO `stud_dining_record` VALUES ('97', '93', '40', '西区食堂', '2019-01-22', '1', '1', '1', '2019-01-22 17:39:43');
INSERT INTO `stud_dining_record` VALUES ('98', '99', '40', '西区食堂', '2019-01-22', '1', '1', '1', '2019-01-22 17:39:31');
INSERT INTO `stud_dining_record` VALUES ('99', '101', '40', '西区食堂', '2019-01-22', '1', '1', '1', '2019-01-22 17:39:30');
INSERT INTO `stud_dining_record` VALUES ('100', '108', '40', '西区食堂', '2019-01-22', '1', '1', '1', '2019-01-22 17:40:17');
INSERT INTO `stud_dining_record` VALUES ('101', '107', '40', '西区食堂', '2019-01-22', '1', '1', '1', '2019-01-22 17:40:15');
INSERT INTO `stud_dining_record` VALUES ('102', '104', '40', '西区食堂', '2019-01-22', '1', '1', '1', '2019-01-22 17:39:34');
INSERT INTO `stud_dining_record` VALUES ('103', '119', '40', '西区食堂', '2019-01-22', '1', '1', '2', '2019-01-22 11:21:46');
INSERT INTO `stud_dining_record` VALUES ('104', '120', '40', '西区食堂', '2019-01-22', '1', '1', '1', '2019-01-22 17:40:48');
INSERT INTO `stud_dining_record` VALUES ('105', '112', '40', '西区食堂', '2019-01-22', '1', '1', '2', '2019-01-22 11:18:29');
INSERT INTO `stud_dining_record` VALUES ('106', '113', '40', '西区食堂', '2019-01-22', '1', '1', '2', '2019-01-22 11:18:28');
INSERT INTO `stud_dining_record` VALUES ('107', '121', '40', '西区食堂', '2019-01-22', '1', '1', '1', '2019-01-22 17:39:47');
INSERT INTO `stud_dining_record` VALUES ('108', '86', '40', '西区食堂', '2019-01-22', '1', '1', '1', '2019-01-22 17:41:38');
INSERT INTO `stud_dining_record` VALUES ('109', '100', '40', '西区食堂', '2019-01-22', '1', '1', '1', '2019-01-22 17:39:33');
INSERT INTO `stud_dining_record` VALUES ('110', '115', '40', '西区食堂', '2019-01-22', '1', '1', '1', '2019-01-22 17:40:19');
INSERT INTO `stud_dining_record` VALUES ('111', '123', '40', '西区食堂', '2019-01-22', '1', '1', '1', '2019-01-22 17:41:08');
INSERT INTO `stud_dining_record` VALUES ('112', '94', '40', '西区食堂', '2019-01-22', '1', '1', '1', '2019-01-22 17:39:37');
INSERT INTO `stud_dining_record` VALUES ('113', '126', '40', '西区食堂', '2019-01-22', '1', '1', '2', '2019-01-22 11:19:01');
INSERT INTO `stud_dining_record` VALUES ('114', '95', '40', '西区食堂', '2019-01-22', '2', '1', '1', '2019-01-22 17:39:40');
INSERT INTO `stud_dining_record` VALUES ('115', '85', '40', '西区食堂', '2019-01-22', '2', '1', '1', '2019-01-22 17:39:44');
INSERT INTO `stud_dining_record` VALUES ('116', '124', '40', '西区食堂', '2019-01-22', '2', '1', '1', '2019-01-22 17:40:02');
INSERT INTO `stud_dining_record` VALUES ('117', '96', '40', '西区食堂', '2019-01-22', '2', '1', '1', '2019-01-22 17:39:36');
INSERT INTO `stud_dining_record` VALUES ('118', '129', '40', '西区食堂', '2019-01-22', '2', '1', '2', '2019-01-22 11:23:17');
INSERT INTO `stud_dining_record` VALUES ('119', '87', '40', '西区食堂', '2019-01-22', '2', '1', '1', '2019-01-22 17:41:35');
INSERT INTO `stud_dining_record` VALUES ('120', '122', '40', '西区食堂', '2019-01-22', '2', '1', '1', '2019-01-22 17:41:06');
INSERT INTO `stud_dining_record` VALUES ('121', '90', '40', '西区食堂', '2019-01-23', '1', '1', '1', '2019-01-23 17:44:48');
INSERT INTO `stud_dining_record` VALUES ('122', '90', '40', '西区食堂', '2019-01-23', '1', '2', '2', '2019-01-23 07:35:10');
INSERT INTO `stud_dining_record` VALUES ('123', '89', '40', '西区食堂', '2019-01-23', '1', '1', '1', '2019-01-23 17:44:42');
INSERT INTO `stud_dining_record` VALUES ('124', '105', '40', '西区食堂', '2019-01-23', '1', '1', '1', '2019-01-23 16:52:48');
INSERT INTO `stud_dining_record` VALUES ('125', '106', '40', '西区食堂', '2019-01-23', '1', '1', '1', '2019-01-23 16:52:51');
INSERT INTO `stud_dining_record` VALUES ('126', '83', '40', '西区食堂', '2019-01-23', '1', '1', '2', '2019-01-23 11:29:17');
INSERT INTO `stud_dining_record` VALUES ('127', '103', '40', '西区食堂', '2019-01-23', '1', '1', '1', '2019-01-23 17:44:37');
INSERT INTO `stud_dining_record` VALUES ('128', '104', '40', '西区食堂', '2019-01-23', '1', '1', '1', '2019-01-23 17:44:46');
INSERT INTO `stud_dining_record` VALUES ('129', '125', '40', '西区食堂', '2019-01-23', '1', '1', '1', '2019-01-23 17:01:26');
INSERT INTO `stud_dining_record` VALUES ('130', '87', '40', '西区食堂', '2019-01-23', '1', '1', '2', '2019-01-23 11:32:08');
INSERT INTO `stud_dining_record` VALUES ('131', '108', '40', '西区食堂', '2019-01-23', '1', '1', '1', '2019-01-23 16:49:47');
INSERT INTO `stud_dining_record` VALUES ('132', '107', '40', '西区食堂', '2019-01-23', '1', '1', '1', '2019-01-23 16:49:52');
INSERT INTO `stud_dining_record` VALUES ('133', '92', '40', '西区食堂', '2019-01-23', '1', '1', '1', '2019-01-23 17:44:45');
INSERT INTO `stud_dining_record` VALUES ('134', '91', '40', '西区食堂', '2019-01-23', '1', '1', '1', '2019-01-23 17:44:49');
INSERT INTO `stud_dining_record` VALUES ('135', '99', '40', '西区食堂', '2019-01-23', '1', '1', '2', '2019-01-23 11:29:10');
INSERT INTO `stud_dining_record` VALUES ('136', '86', '40', '西区食堂', '2019-01-23', '1', '1', '1', '2019-01-23 17:01:28');
INSERT INTO `stud_dining_record` VALUES ('137', '93', '40', '西区食堂', '2019-01-23', '1', '1', '1', '2019-01-23 17:03:35');
INSERT INTO `stud_dining_record` VALUES ('138', '98', '40', '西区食堂', '2019-01-23', '1', '1', '1', '2019-01-23 17:45:00');
INSERT INTO `stud_dining_record` VALUES ('139', '102', '40', '西区食堂', '2019-01-23', '1', '1', '1', '2019-01-23 17:44:39');
INSERT INTO `stud_dining_record` VALUES ('140', '85', '40', '西区食堂', '2019-01-23', '1', '1', '1', '2019-01-23 17:03:37');
INSERT INTO `stud_dining_record` VALUES ('141', '113', '40', '西区食堂', '2019-01-23', '1', '1', '1', '2019-01-23 17:25:26');
INSERT INTO `stud_dining_record` VALUES ('142', '115', '40', '西区食堂', '2019-01-23', '1', '1', '1', '2019-01-23 17:32:02');
INSERT INTO `stud_dining_record` VALUES ('143', '96', '40', '西区食堂', '2019-01-23', '1', '1', '1', '2019-01-23 16:57:23');
INSERT INTO `stud_dining_record` VALUES ('144', '119', '40', '西区食堂', '2019-01-23', '1', '1', '1', '2019-01-23 16:49:50');
INSERT INTO `stud_dining_record` VALUES ('145', '120', '40', '西区食堂', '2019-01-23', '1', '1', '1', '2019-01-23 17:19:03');
INSERT INTO `stud_dining_record` VALUES ('146', '123', '40', '西区食堂', '2019-01-23', '1', '1', '1', '2019-01-23 17:22:34');
INSERT INTO `stud_dining_record` VALUES ('147', '88', '40', '西区食堂', '2019-01-23', '1', '1', '1', '2019-01-23 17:04:00');
INSERT INTO `stud_dining_record` VALUES ('148', '100', '40', '西区食堂', '2019-01-23', '1', '1', '2', '2019-01-23 11:29:05');
INSERT INTO `stud_dining_record` VALUES ('149', '121', '40', '西区食堂', '2019-01-23', '1', '1', '1', '2019-01-23 17:22:20');
INSERT INTO `stud_dining_record` VALUES ('150', '95', '40', '西区食堂', '2019-01-23', '1', '1', '2', '2019-01-23 11:28:30');
INSERT INTO `stud_dining_record` VALUES ('151', '94', '40', '西区食堂', '2019-01-23', '1', '1', '1', '2019-01-23 16:57:32');
INSERT INTO `stud_dining_record` VALUES ('152', '94', '40', '西区食堂', '2019-01-23', '1', '2', '2', '2019-01-23 07:56:50');
INSERT INTO `stud_dining_record` VALUES ('153', '126', '40', '西区食堂', '2019-01-23', '1', '1', '1', '2019-01-23 16:57:30');
INSERT INTO `stud_dining_record` VALUES ('154', '122', '40', '西区食堂', '2019-01-23', '2', '1', '1', '2019-01-23 17:22:36');
INSERT INTO `stud_dining_record` VALUES ('155', '101', '40', '西区食堂', '2019-01-23', '2', '1', '2', '2019-01-23 11:15:57');
INSERT INTO `stud_dining_record` VALUES ('156', '124', '40', '西区食堂', '2019-01-23', '2', '1', '2', '2019-01-23 11:31:54');
INSERT INTO `stud_dining_record` VALUES ('157', '129', '40', '西区食堂', '2019-01-23', '2', '2', '1', '2019-01-23 16:57:25');
INSERT INTO `stud_dining_record` VALUES ('158', '88', '40', '西区食堂', '2019-01-24', '1', '1', '2', '2019-01-24 11:39:39');
INSERT INTO `stud_dining_record` VALUES ('159', '90', '40', '西区食堂', '2019-01-24', '1', '1', '2', '2019-01-24 11:28:37');
INSERT INTO `stud_dining_record` VALUES ('160', '89', '40', '西区食堂', '2019-01-24', '1', '1', '2', '2019-01-24 11:28:50');
INSERT INTO `stud_dining_record` VALUES ('161', '86', '40', '西区食堂', '2019-01-24', '1', '1', '2', '2019-01-24 12:06:09');
INSERT INTO `stud_dining_record` VALUES ('162', '87', '40', '西区食堂', '2019-01-24', '1', '1', '2', '2019-01-24 11:09:41');
INSERT INTO `stud_dining_record` VALUES ('163', '125', '40', '西区食堂', '2019-01-24', '1', '1', '2', '2019-01-24 11:09:43');
INSERT INTO `stud_dining_record` VALUES ('164', '102', '40', '西区食堂', '2019-01-24', '1', '1', '2', '2019-01-24 11:26:02');
INSERT INTO `stud_dining_record` VALUES ('165', '98', '40', '西区食堂', '2019-01-24', '1', '1', '2', '2019-01-24 11:25:55');
INSERT INTO `stud_dining_record` VALUES ('166', '104', '40', '西区食堂', '2019-01-24', '1', '1', '2', '2019-01-24 11:25:59');
INSERT INTO `stud_dining_record` VALUES ('167', '123', '40', '西区食堂', '2019-01-24', '1', '1', '2', '2019-01-24 11:16:52');
INSERT INTO `stud_dining_record` VALUES ('168', '103', '40', '西区食堂', '2019-01-24', '1', '1', '2', '2019-01-24 11:25:53');
INSERT INTO `stud_dining_record` VALUES ('169', '122', '40', '西区食堂', '2019-01-24', '1', '1', '2', '2019-01-24 11:16:54');
INSERT INTO `stud_dining_record` VALUES ('170', '107', '40', '西区食堂', '2019-01-24', '1', '1', '2', '2019-01-24 11:10:33');
INSERT INTO `stud_dining_record` VALUES ('171', '108', '40', '西区食堂', '2019-01-24', '1', '1', '2', '2019-01-24 11:10:34');
INSERT INTO `stud_dining_record` VALUES ('172', '108', '40', '西区食堂', '2019-01-24', '1', '2', '2', '2019-01-24 07:51:03');
INSERT INTO `stud_dining_record` VALUES ('173', '95', '40', '西区食堂', '2019-01-24', '1', '1', '2', '2019-01-24 11:18:50');
INSERT INTO `stud_dining_record` VALUES ('174', '101', '40', '西区食堂', '2019-01-24', '1', '1', '2', '2019-01-24 11:12:49');
INSERT INTO `stud_dining_record` VALUES ('175', '99', '40', '西区食堂', '2019-01-24', '1', '1', '2', '2019-01-24 11:12:52');
INSERT INTO `stud_dining_record` VALUES ('176', '92', '40', '西区食堂', '2019-01-24', '1', '1', '2', '2019-01-24 11:28:44');
INSERT INTO `stud_dining_record` VALUES ('177', '91', '40', '西区食堂', '2019-01-24', '1', '1', '2', '2019-01-24 11:28:45');
INSERT INTO `stud_dining_record` VALUES ('178', '93', '40', '西区食堂', '2019-01-24', '1', '1', '2', '2019-01-24 11:00:57');
INSERT INTO `stud_dining_record` VALUES ('179', '106', '40', '西区食堂', '2019-01-24', '1', '1', '2', '2019-01-24 11:21:37');
INSERT INTO `stud_dining_record` VALUES ('180', '105', '40', '西区食堂', '2019-01-24', '1', '1', '2', '2019-01-24 11:19:14');
INSERT INTO `stud_dining_record` VALUES ('181', '129', '40', '西区食堂', '2019-01-24', '1', '1', '2', '2019-01-24 11:18:32');
INSERT INTO `stud_dining_record` VALUES ('182', '96', '40', '西区食堂', '2019-01-24', '1', '1', '2', '2019-01-24 11:00:59');
INSERT INTO `stud_dining_record` VALUES ('183', '121', '40', '西区食堂', '2019-01-24', '1', '1', '2', '2019-01-24 11:11:29');
INSERT INTO `stud_dining_record` VALUES ('184', '85', '40', '西区食堂', '2019-01-24', '1', '1', '2', '2019-01-24 11:03:10');
INSERT INTO `stud_dining_record` VALUES ('185', '126', '40', '西区食堂', '2019-01-24', '1', '1', '2', '2019-01-24 11:28:24');
INSERT INTO `stud_dining_record` VALUES ('186', '112', '40', '西区食堂', '2019-01-24', '1', '1', '2', '2019-01-24 11:15:41');
INSERT INTO `stud_dining_record` VALUES ('187', '94', '40', '西区食堂', '2019-01-24', '1', '1', '2', '2019-01-24 11:21:13');
INSERT INTO `stud_dining_record` VALUES ('188', '113', '40', '西区食堂', '2019-01-24', '1', '1', '2', '2019-01-24 11:15:30');
INSERT INTO `stud_dining_record` VALUES ('189', '115', '40', '西区食堂', '2019-01-24', '1', '1', '2', '2019-01-24 12:22:02');
INSERT INTO `stud_dining_record` VALUES ('190', '100', '40', '西区食堂', '2019-01-24', '1', '1', '2', '2019-01-24 11:11:30');
INSERT INTO `stud_dining_record` VALUES ('191', '120', '40', '西区食堂', '2019-01-24', '1', '1', '2', '2019-01-24 11:17:53');
INSERT INTO `stud_dining_record` VALUES ('192', '83', '40', '西区食堂', '2019-01-24', '1', '1', '2', '2019-01-24 11:27:42');
INSERT INTO `stud_dining_record` VALUES ('193', '124', '40', '西区食堂', '2019-01-24', '2', '1', '2', '2019-01-24 11:59:23');

-- ----------------------------
-- Table structure for `subj_evaluate`
-- ----------------------------
DROP TABLE IF EXISTS `subj_evaluate`;
CREATE TABLE `subj_evaluate` (
  `id` bigint(255) NOT NULL AUTO_INCREMENT COMMENT '主键',
  `register_id` int(255) NOT NULL COMMENT '报名id',
  `project_id` int(64) NOT NULL COMMENT '课程id',
  `result` int(10) DEFAULT NULL COMMENT '结果 1 非常满意130；2满意115；3基本满意90；4一般75；5不满意60',
  PRIMARY KEY (`id`) USING BTREE
) ENGINE=InnoDB AUTO_INCREMENT=240 DEFAULT CHARSET=utf8 ROW_FORMAT=COMPACT COMMENT='课程评价结果表';

-- ----------------------------
-- Records of subj_evaluate
-- ----------------------------
INSERT INTO `subj_evaluate` VALUES ('6', '14', '3', '1');
INSERT INTO `subj_evaluate` VALUES ('7', '14', '4', '1');
INSERT INTO `subj_evaluate` VALUES ('8', '14', '5', '1');
INSERT INTO `subj_evaluate` VALUES ('9', '14', '6', '1');
INSERT INTO `subj_evaluate` VALUES ('10', '14', '7', '1');
INSERT INTO `subj_evaluate` VALUES ('11', '14', '8', '1');
INSERT INTO `subj_evaluate` VALUES ('12', '14', '3', '1');
INSERT INTO `subj_evaluate` VALUES ('13', '14', '4', '1');
INSERT INTO `subj_evaluate` VALUES ('14', '14', '5', '1');
INSERT INTO `subj_evaluate` VALUES ('15', '14', '6', '1');
INSERT INTO `subj_evaluate` VALUES ('16', '14', '7', '1');
INSERT INTO `subj_evaluate` VALUES ('17', '14', '8', '1');
INSERT INTO `subj_evaluate` VALUES ('18', '54', '3', '1');
INSERT INTO `subj_evaluate` VALUES ('19', '54', '4', '1');
INSERT INTO `subj_evaluate` VALUES ('20', '54', '5', '2');
INSERT INTO `subj_evaluate` VALUES ('21', '54', '6', '1');
INSERT INTO `subj_evaluate` VALUES ('22', '54', '7', '1');
INSERT INTO `subj_evaluate` VALUES ('23', '54', '8', '1');
INSERT INTO `subj_evaluate` VALUES ('24', '54', '3', '1');
INSERT INTO `subj_evaluate` VALUES ('25', '54', '4', '1');
INSERT INTO `subj_evaluate` VALUES ('26', '54', '5', '2');
INSERT INTO `subj_evaluate` VALUES ('27', '54', '6', '1');
INSERT INTO `subj_evaluate` VALUES ('28', '54', '7', '1');
INSERT INTO `subj_evaluate` VALUES ('29', '54', '8', '1');
INSERT INTO `subj_evaluate` VALUES ('30', '37', '3', '1');
INSERT INTO `subj_evaluate` VALUES ('31', '37', '4', '1');
INSERT INTO `subj_evaluate` VALUES ('32', '37', '5', '1');
INSERT INTO `subj_evaluate` VALUES ('33', '37', '6', '1');
INSERT INTO `subj_evaluate` VALUES ('34', '37', '7', '1');
INSERT INTO `subj_evaluate` VALUES ('35', '37', '8', '1');
INSERT INTO `subj_evaluate` VALUES ('36', '38', '3', '1');
INSERT INTO `subj_evaluate` VALUES ('37', '38', '4', '1');
INSERT INTO `subj_evaluate` VALUES ('38', '38', '5', '1');
INSERT INTO `subj_evaluate` VALUES ('39', '38', '6', '1');
INSERT INTO `subj_evaluate` VALUES ('40', '38', '7', '1');
INSERT INTO `subj_evaluate` VALUES ('41', '38', '8', '1');
INSERT INTO `subj_evaluate` VALUES ('42', '34', '3', '1');
INSERT INTO `subj_evaluate` VALUES ('43', '34', '4', '1');
INSERT INTO `subj_evaluate` VALUES ('44', '34', '5', '1');
INSERT INTO `subj_evaluate` VALUES ('45', '34', '6', '1');
INSERT INTO `subj_evaluate` VALUES ('46', '34', '7', '1');
INSERT INTO `subj_evaluate` VALUES ('47', '34', '8', '1');
INSERT INTO `subj_evaluate` VALUES ('48', '20', '3', '1');
INSERT INTO `subj_evaluate` VALUES ('49', '20', '4', '1');
INSERT INTO `subj_evaluate` VALUES ('50', '20', '5', '1');
INSERT INTO `subj_evaluate` VALUES ('51', '20', '6', '1');
INSERT INTO `subj_evaluate` VALUES ('52', '20', '7', '1');
INSERT INTO `subj_evaluate` VALUES ('53', '20', '8', '1');
INSERT INTO `subj_evaluate` VALUES ('54', '20', '3', '1');
INSERT INTO `subj_evaluate` VALUES ('55', '20', '4', '1');
INSERT INTO `subj_evaluate` VALUES ('56', '20', '5', '1');
INSERT INTO `subj_evaluate` VALUES ('57', '20', '6', '1');
INSERT INTO `subj_evaluate` VALUES ('58', '20', '7', '1');
INSERT INTO `subj_evaluate` VALUES ('59', '20', '8', '1');
INSERT INTO `subj_evaluate` VALUES ('60', '19', '3', '1');
INSERT INTO `subj_evaluate` VALUES ('61', '19', '4', '1');
INSERT INTO `subj_evaluate` VALUES ('62', '19', '5', '1');
INSERT INTO `subj_evaluate` VALUES ('63', '19', '6', '1');
INSERT INTO `subj_evaluate` VALUES ('64', '19', '7', '1');
INSERT INTO `subj_evaluate` VALUES ('65', '19', '8', '1');
INSERT INTO `subj_evaluate` VALUES ('66', '26', '3', '1');
INSERT INTO `subj_evaluate` VALUES ('67', '26', '4', '1');
INSERT INTO `subj_evaluate` VALUES ('68', '26', '5', '1');
INSERT INTO `subj_evaluate` VALUES ('69', '26', '6', '1');
INSERT INTO `subj_evaluate` VALUES ('70', '26', '7', '1');
INSERT INTO `subj_evaluate` VALUES ('71', '26', '8', '1');
INSERT INTO `subj_evaluate` VALUES ('72', '23', '3', '1');
INSERT INTO `subj_evaluate` VALUES ('73', '23', '4', '1');
INSERT INTO `subj_evaluate` VALUES ('74', '23', '5', '1');
INSERT INTO `subj_evaluate` VALUES ('75', '23', '6', '1');
INSERT INTO `subj_evaluate` VALUES ('76', '23', '7', '1');
INSERT INTO `subj_evaluate` VALUES ('77', '23', '8', '1');
INSERT INTO `subj_evaluate` VALUES ('78', '16', '3', '1');
INSERT INTO `subj_evaluate` VALUES ('79', '16', '4', '1');
INSERT INTO `subj_evaluate` VALUES ('80', '16', '5', '1');
INSERT INTO `subj_evaluate` VALUES ('81', '16', '6', '1');
INSERT INTO `subj_evaluate` VALUES ('82', '16', '7', '1');
INSERT INTO `subj_evaluate` VALUES ('83', '16', '8', '1');
INSERT INTO `subj_evaluate` VALUES ('84', '16', '3', '1');
INSERT INTO `subj_evaluate` VALUES ('85', '16', '4', '1');
INSERT INTO `subj_evaluate` VALUES ('86', '16', '5', '1');
INSERT INTO `subj_evaluate` VALUES ('87', '16', '6', '1');
INSERT INTO `subj_evaluate` VALUES ('88', '16', '7', '1');
INSERT INTO `subj_evaluate` VALUES ('89', '16', '8', '1');
INSERT INTO `subj_evaluate` VALUES ('90', '43', '3', '1');
INSERT INTO `subj_evaluate` VALUES ('91', '43', '4', '1');
INSERT INTO `subj_evaluate` VALUES ('92', '43', '5', '1');
INSERT INTO `subj_evaluate` VALUES ('93', '43', '6', '1');
INSERT INTO `subj_evaluate` VALUES ('94', '43', '7', '1');
INSERT INTO `subj_evaluate` VALUES ('95', '43', '8', '1');
INSERT INTO `subj_evaluate` VALUES ('96', '22', '3', '1');
INSERT INTO `subj_evaluate` VALUES ('97', '22', '4', '1');
INSERT INTO `subj_evaluate` VALUES ('98', '22', '5', '1');
INSERT INTO `subj_evaluate` VALUES ('99', '22', '6', '1');
INSERT INTO `subj_evaluate` VALUES ('100', '22', '7', '1');
INSERT INTO `subj_evaluate` VALUES ('101', '22', '8', '1');
INSERT INTO `subj_evaluate` VALUES ('102', '18', '3', '1');
INSERT INTO `subj_evaluate` VALUES ('103', '18', '4', '1');
INSERT INTO `subj_evaluate` VALUES ('104', '18', '5', '1');
INSERT INTO `subj_evaluate` VALUES ('105', '18', '6', '1');
INSERT INTO `subj_evaluate` VALUES ('106', '18', '7', '1');
INSERT INTO `subj_evaluate` VALUES ('107', '18', '8', '1');
INSERT INTO `subj_evaluate` VALUES ('108', '18', '3', '1');
INSERT INTO `subj_evaluate` VALUES ('109', '18', '4', '1');
INSERT INTO `subj_evaluate` VALUES ('110', '18', '5', '1');
INSERT INTO `subj_evaluate` VALUES ('111', '18', '6', '1');
INSERT INTO `subj_evaluate` VALUES ('112', '18', '7', '1');
INSERT INTO `subj_evaluate` VALUES ('113', '18', '8', '1');
INSERT INTO `subj_evaluate` VALUES ('114', '21', '3', '1');
INSERT INTO `subj_evaluate` VALUES ('115', '21', '4', '1');
INSERT INTO `subj_evaluate` VALUES ('116', '21', '5', '1');
INSERT INTO `subj_evaluate` VALUES ('117', '21', '6', '1');
INSERT INTO `subj_evaluate` VALUES ('118', '21', '7', '1');
INSERT INTO `subj_evaluate` VALUES ('119', '21', '8', '1');
INSERT INTO `subj_evaluate` VALUES ('120', '33', '3', '1');
INSERT INTO `subj_evaluate` VALUES ('121', '33', '4', '1');
INSERT INTO `subj_evaluate` VALUES ('122', '33', '5', '1');
INSERT INTO `subj_evaluate` VALUES ('123', '33', '6', '1');
INSERT INTO `subj_evaluate` VALUES ('124', '33', '7', '1');
INSERT INTO `subj_evaluate` VALUES ('125', '33', '8', '1');
INSERT INTO `subj_evaluate` VALUES ('126', '33', '3', '1');
INSERT INTO `subj_evaluate` VALUES ('127', '33', '4', '1');
INSERT INTO `subj_evaluate` VALUES ('128', '33', '5', '1');
INSERT INTO `subj_evaluate` VALUES ('129', '33', '6', '1');
INSERT INTO `subj_evaluate` VALUES ('130', '33', '7', '1');
INSERT INTO `subj_evaluate` VALUES ('131', '33', '8', '1');
INSERT INTO `subj_evaluate` VALUES ('132', '59', '3', '1');
INSERT INTO `subj_evaluate` VALUES ('133', '59', '4', '1');
INSERT INTO `subj_evaluate` VALUES ('134', '59', '5', '1');
INSERT INTO `subj_evaluate` VALUES ('135', '59', '6', '1');
INSERT INTO `subj_evaluate` VALUES ('136', '59', '7', '1');
INSERT INTO `subj_evaluate` VALUES ('137', '59', '8', '1');
INSERT INTO `subj_evaluate` VALUES ('138', '59', '3', '1');
INSERT INTO `subj_evaluate` VALUES ('139', '59', '4', '1');
INSERT INTO `subj_evaluate` VALUES ('140', '59', '5', '1');
INSERT INTO `subj_evaluate` VALUES ('141', '59', '6', '1');
INSERT INTO `subj_evaluate` VALUES ('142', '59', '7', '1');
INSERT INTO `subj_evaluate` VALUES ('143', '59', '8', '1');
INSERT INTO `subj_evaluate` VALUES ('144', '51', '3', '1');
INSERT INTO `subj_evaluate` VALUES ('145', '51', '4', '1');
INSERT INTO `subj_evaluate` VALUES ('146', '51', '5', '1');
INSERT INTO `subj_evaluate` VALUES ('147', '51', '6', '1');
INSERT INTO `subj_evaluate` VALUES ('148', '51', '7', '1');
INSERT INTO `subj_evaluate` VALUES ('149', '51', '8', '1');
INSERT INTO `subj_evaluate` VALUES ('150', '27', '3', '1');
INSERT INTO `subj_evaluate` VALUES ('151', '27', '4', '1');
INSERT INTO `subj_evaluate` VALUES ('152', '27', '5', '1');
INSERT INTO `subj_evaluate` VALUES ('153', '27', '6', '1');
INSERT INTO `subj_evaluate` VALUES ('154', '27', '7', '1');
INSERT INTO `subj_evaluate` VALUES ('155', '27', '8', '1');
INSERT INTO `subj_evaluate` VALUES ('156', '27', '3', '1');
INSERT INTO `subj_evaluate` VALUES ('157', '27', '4', '1');
INSERT INTO `subj_evaluate` VALUES ('158', '27', '5', '1');
INSERT INTO `subj_evaluate` VALUES ('159', '27', '6', '1');
INSERT INTO `subj_evaluate` VALUES ('160', '27', '7', '1');
INSERT INTO `subj_evaluate` VALUES ('161', '27', '8', '1');
INSERT INTO `subj_evaluate` VALUES ('162', '57', '3', '1');
INSERT INTO `subj_evaluate` VALUES ('163', '57', '4', '1');
INSERT INTO `subj_evaluate` VALUES ('164', '57', '5', '1');
INSERT INTO `subj_evaluate` VALUES ('165', '57', '6', '1');
INSERT INTO `subj_evaluate` VALUES ('166', '57', '7', '1');
INSERT INTO `subj_evaluate` VALUES ('167', '57', '8', '1');
INSERT INTO `subj_evaluate` VALUES ('168', '57', '3', '1');
INSERT INTO `subj_evaluate` VALUES ('169', '57', '4', '1');
INSERT INTO `subj_evaluate` VALUES ('170', '57', '5', '1');
INSERT INTO `subj_evaluate` VALUES ('171', '57', '6', '1');
INSERT INTO `subj_evaluate` VALUES ('172', '57', '7', '1');
INSERT INTO `subj_evaluate` VALUES ('173', '57', '8', '1');
INSERT INTO `subj_evaluate` VALUES ('174', '58', '3', '1');
INSERT INTO `subj_evaluate` VALUES ('175', '58', '4', '1');
INSERT INTO `subj_evaluate` VALUES ('176', '58', '5', '1');
INSERT INTO `subj_evaluate` VALUES ('177', '58', '6', '1');
INSERT INTO `subj_evaluate` VALUES ('178', '58', '7', '1');
INSERT INTO `subj_evaluate` VALUES ('179', '58', '8', '1');
INSERT INTO `subj_evaluate` VALUES ('180', '44', '3', '1');
INSERT INTO `subj_evaluate` VALUES ('181', '44', '3', '1');
INSERT INTO `subj_evaluate` VALUES ('182', '44', '4', '1');
INSERT INTO `subj_evaluate` VALUES ('183', '44', '5', '1');
INSERT INTO `subj_evaluate` VALUES ('184', '44', '6', '1');
INSERT INTO `subj_evaluate` VALUES ('185', '44', '7', '1');
INSERT INTO `subj_evaluate` VALUES ('186', '44', '8', '1');
INSERT INTO `subj_evaluate` VALUES ('187', '39', '3', '1');
INSERT INTO `subj_evaluate` VALUES ('188', '39', '4', '1');
INSERT INTO `subj_evaluate` VALUES ('189', '39', '5', '1');
INSERT INTO `subj_evaluate` VALUES ('190', '39', '6', '1');
INSERT INTO `subj_evaluate` VALUES ('191', '39', '7', '1');
INSERT INTO `subj_evaluate` VALUES ('192', '39', '8', '1');
INSERT INTO `subj_evaluate` VALUES ('193', '48', '3', '1');
INSERT INTO `subj_evaluate` VALUES ('194', '48', '4', '1');
INSERT INTO `subj_evaluate` VALUES ('195', '48', '5', '1');
INSERT INTO `subj_evaluate` VALUES ('196', '48', '6', '1');
INSERT INTO `subj_evaluate` VALUES ('197', '48', '7', '1');
INSERT INTO `subj_evaluate` VALUES ('198', '48', '8', '1');
INSERT INTO `subj_evaluate` VALUES ('199', '46', '3', '1');
INSERT INTO `subj_evaluate` VALUES ('200', '46', '4', '1');
INSERT INTO `subj_evaluate` VALUES ('201', '46', '5', '1');
INSERT INTO `subj_evaluate` VALUES ('202', '46', '6', '1');
INSERT INTO `subj_evaluate` VALUES ('203', '46', '7', '1');
INSERT INTO `subj_evaluate` VALUES ('204', '46', '8', '1');
INSERT INTO `subj_evaluate` VALUES ('205', '47', '3', '1');
INSERT INTO `subj_evaluate` VALUES ('206', '47', '4', '1');
INSERT INTO `subj_evaluate` VALUES ('207', '47', '5', '1');
INSERT INTO `subj_evaluate` VALUES ('208', '47', '6', '1');
INSERT INTO `subj_evaluate` VALUES ('209', '47', '7', '1');
INSERT INTO `subj_evaluate` VALUES ('210', '47', '8', '1');
INSERT INTO `subj_evaluate` VALUES ('211', '47', '3', '1');
INSERT INTO `subj_evaluate` VALUES ('212', '47', '4', '1');
INSERT INTO `subj_evaluate` VALUES ('213', '47', '5', '1');
INSERT INTO `subj_evaluate` VALUES ('214', '47', '6', '1');
INSERT INTO `subj_evaluate` VALUES ('215', '47', '7', '1');
INSERT INTO `subj_evaluate` VALUES ('216', '47', '8', '1');
INSERT INTO `subj_evaluate` VALUES ('217', '47', '3', '1');
INSERT INTO `subj_evaluate` VALUES ('218', '47', '4', '1');
INSERT INTO `subj_evaluate` VALUES ('219', '47', '5', '1');
INSERT INTO `subj_evaluate` VALUES ('220', '47', '6', '1');
INSERT INTO `subj_evaluate` VALUES ('221', '47', '7', '1');
INSERT INTO `subj_evaluate` VALUES ('222', '35', '3', '1');
INSERT INTO `subj_evaluate` VALUES ('223', '35', '4', '1');
INSERT INTO `subj_evaluate` VALUES ('224', '35', '5', '1');
INSERT INTO `subj_evaluate` VALUES ('225', '35', '6', '1');
INSERT INTO `subj_evaluate` VALUES ('226', '35', '7', '1');
INSERT INTO `subj_evaluate` VALUES ('227', '35', '8', '1');
INSERT INTO `subj_evaluate` VALUES ('228', '35', '3', '1');
INSERT INTO `subj_evaluate` VALUES ('229', '35', '4', '1');
INSERT INTO `subj_evaluate` VALUES ('230', '35', '5', '1');
INSERT INTO `subj_evaluate` VALUES ('231', '35', '6', '1');
INSERT INTO `subj_evaluate` VALUES ('232', '35', '7', '1');
INSERT INTO `subj_evaluate` VALUES ('233', '35', '8', '1');
INSERT INTO `subj_evaluate` VALUES ('234', '36', '3', '1');
INSERT INTO `subj_evaluate` VALUES ('235', '36', '4', '1');
INSERT INTO `subj_evaluate` VALUES ('236', '36', '5', '1');
INSERT INTO `subj_evaluate` VALUES ('237', '36', '6', '1');
INSERT INTO `subj_evaluate` VALUES ('238', '36', '7', '1');
INSERT INTO `subj_evaluate` VALUES ('239', '36', '8', '1');

-- ----------------------------
-- Table structure for `subj_teach_evaluate`
-- ----------------------------
DROP TABLE IF EXISTS `subj_teach_evaluate`;
CREATE TABLE `subj_teach_evaluate` (
  `id` bigint(255) NOT NULL AUTO_INCREMENT COMMENT '主键',
  `register_id` int(255) NOT NULL COMMENT '报名id',
  `project_id` int(64) NOT NULL COMMENT '课程id',
  `result` int(10) DEFAULT NULL COMMENT '1 非常满意130；2满意115；3基本满意90；4一般75；5不满意60',
  PRIMARY KEY (`id`) USING BTREE
) ENGINE=InnoDB AUTO_INCREMENT=240 DEFAULT CHARSET=utf8 ROW_FORMAT=COMPACT COMMENT='课程评价（教师）结果表';

-- ----------------------------
-- Records of subj_teach_evaluate
-- ----------------------------
INSERT INTO `subj_teach_evaluate` VALUES ('6', '14', '3', '1');
INSERT INTO `subj_teach_evaluate` VALUES ('7', '14', '4', '1');
INSERT INTO `subj_teach_evaluate` VALUES ('8', '14', '5', '1');
INSERT INTO `subj_teach_evaluate` VALUES ('9', '14', '6', '1');
INSERT INTO `subj_teach_evaluate` VALUES ('10', '14', '7', '1');
INSERT INTO `subj_teach_evaluate` VALUES ('11', '14', '8', '1');
INSERT INTO `subj_teach_evaluate` VALUES ('12', '14', '3', '1');
INSERT INTO `subj_teach_evaluate` VALUES ('13', '14', '4', '1');
INSERT INTO `subj_teach_evaluate` VALUES ('14', '14', '5', '1');
INSERT INTO `subj_teach_evaluate` VALUES ('15', '14', '6', '1');
INSERT INTO `subj_teach_evaluate` VALUES ('16', '14', '7', '1');
INSERT INTO `subj_teach_evaluate` VALUES ('17', '14', '8', '1');
INSERT INTO `subj_teach_evaluate` VALUES ('18', '54', '3', '1');
INSERT INTO `subj_teach_evaluate` VALUES ('19', '54', '4', '1');
INSERT INTO `subj_teach_evaluate` VALUES ('20', '54', '5', '1');
INSERT INTO `subj_teach_evaluate` VALUES ('21', '54', '6', '1');
INSERT INTO `subj_teach_evaluate` VALUES ('22', '54', '7', '1');
INSERT INTO `subj_teach_evaluate` VALUES ('23', '54', '8', '1');
INSERT INTO `subj_teach_evaluate` VALUES ('24', '54', '3', '1');
INSERT INTO `subj_teach_evaluate` VALUES ('25', '54', '4', '1');
INSERT INTO `subj_teach_evaluate` VALUES ('26', '54', '5', '1');
INSERT INTO `subj_teach_evaluate` VALUES ('27', '54', '6', '1');
INSERT INTO `subj_teach_evaluate` VALUES ('28', '54', '7', '1');
INSERT INTO `subj_teach_evaluate` VALUES ('29', '54', '8', '1');
INSERT INTO `subj_teach_evaluate` VALUES ('30', '37', '3', '1');
INSERT INTO `subj_teach_evaluate` VALUES ('31', '37', '4', '1');
INSERT INTO `subj_teach_evaluate` VALUES ('32', '37', '5', '1');
INSERT INTO `subj_teach_evaluate` VALUES ('33', '37', '6', '1');
INSERT INTO `subj_teach_evaluate` VALUES ('34', '37', '7', '1');
INSERT INTO `subj_teach_evaluate` VALUES ('35', '37', '8', '1');
INSERT INTO `subj_teach_evaluate` VALUES ('36', '38', '3', '1');
INSERT INTO `subj_teach_evaluate` VALUES ('37', '38', '4', '1');
INSERT INTO `subj_teach_evaluate` VALUES ('38', '38', '5', '1');
INSERT INTO `subj_teach_evaluate` VALUES ('39', '38', '6', '1');
INSERT INTO `subj_teach_evaluate` VALUES ('40', '38', '7', '1');
INSERT INTO `subj_teach_evaluate` VALUES ('41', '38', '8', '1');
INSERT INTO `subj_teach_evaluate` VALUES ('42', '34', '3', '1');
INSERT INTO `subj_teach_evaluate` VALUES ('43', '34', '4', '1');
INSERT INTO `subj_teach_evaluate` VALUES ('44', '34', '5', '1');
INSERT INTO `subj_teach_evaluate` VALUES ('45', '34', '6', '1');
INSERT INTO `subj_teach_evaluate` VALUES ('46', '34', '7', '1');
INSERT INTO `subj_teach_evaluate` VALUES ('47', '34', '8', '1');
INSERT INTO `subj_teach_evaluate` VALUES ('48', '20', '3', '1');
INSERT INTO `subj_teach_evaluate` VALUES ('49', '20', '4', '1');
INSERT INTO `subj_teach_evaluate` VALUES ('50', '20', '5', '1');
INSERT INTO `subj_teach_evaluate` VALUES ('51', '20', '6', '1');
INSERT INTO `subj_teach_evaluate` VALUES ('52', '20', '7', '1');
INSERT INTO `subj_teach_evaluate` VALUES ('53', '20', '8', '1');
INSERT INTO `subj_teach_evaluate` VALUES ('54', '20', '3', '1');
INSERT INTO `subj_teach_evaluate` VALUES ('55', '20', '4', '1');
INSERT INTO `subj_teach_evaluate` VALUES ('56', '20', '5', '1');
INSERT INTO `subj_teach_evaluate` VALUES ('57', '20', '6', '1');
INSERT INTO `subj_teach_evaluate` VALUES ('58', '20', '7', '1');
INSERT INTO `subj_teach_evaluate` VALUES ('59', '20', '8', '1');
INSERT INTO `subj_teach_evaluate` VALUES ('60', '19', '3', '1');
INSERT INTO `subj_teach_evaluate` VALUES ('61', '19', '4', '1');
INSERT INTO `subj_teach_evaluate` VALUES ('62', '19', '5', '1');
INSERT INTO `subj_teach_evaluate` VALUES ('63', '19', '6', '1');
INSERT INTO `subj_teach_evaluate` VALUES ('64', '19', '7', '1');
INSERT INTO `subj_teach_evaluate` VALUES ('65', '19', '8', '1');
INSERT INTO `subj_teach_evaluate` VALUES ('66', '26', '3', '1');
INSERT INTO `subj_teach_evaluate` VALUES ('67', '26', '4', '1');
INSERT INTO `subj_teach_evaluate` VALUES ('68', '26', '5', '1');
INSERT INTO `subj_teach_evaluate` VALUES ('69', '26', '6', '1');
INSERT INTO `subj_teach_evaluate` VALUES ('70', '26', '7', '1');
INSERT INTO `subj_teach_evaluate` VALUES ('71', '26', '8', '1');
INSERT INTO `subj_teach_evaluate` VALUES ('72', '23', '3', '1');
INSERT INTO `subj_teach_evaluate` VALUES ('73', '23', '4', '1');
INSERT INTO `subj_teach_evaluate` VALUES ('74', '23', '5', '1');
INSERT INTO `subj_teach_evaluate` VALUES ('75', '23', '6', '1');
INSERT INTO `subj_teach_evaluate` VALUES ('76', '23', '7', '1');
INSERT INTO `subj_teach_evaluate` VALUES ('77', '23', '8', '1');
INSERT INTO `subj_teach_evaluate` VALUES ('78', '16', '3', '1');
INSERT INTO `subj_teach_evaluate` VALUES ('79', '16', '4', '1');
INSERT INTO `subj_teach_evaluate` VALUES ('80', '16', '5', '1');
INSERT INTO `subj_teach_evaluate` VALUES ('81', '16', '6', '1');
INSERT INTO `subj_teach_evaluate` VALUES ('82', '16', '7', '1');
INSERT INTO `subj_teach_evaluate` VALUES ('83', '16', '8', '1');
INSERT INTO `subj_teach_evaluate` VALUES ('84', '16', '3', '1');
INSERT INTO `subj_teach_evaluate` VALUES ('85', '16', '4', '1');
INSERT INTO `subj_teach_evaluate` VALUES ('86', '16', '5', '1');
INSERT INTO `subj_teach_evaluate` VALUES ('87', '16', '6', '1');
INSERT INTO `subj_teach_evaluate` VALUES ('88', '16', '7', '1');
INSERT INTO `subj_teach_evaluate` VALUES ('89', '16', '8', '1');
INSERT INTO `subj_teach_evaluate` VALUES ('90', '43', '3', '1');
INSERT INTO `subj_teach_evaluate` VALUES ('91', '43', '4', '1');
INSERT INTO `subj_teach_evaluate` VALUES ('92', '43', '5', '1');
INSERT INTO `subj_teach_evaluate` VALUES ('93', '43', '6', '1');
INSERT INTO `subj_teach_evaluate` VALUES ('94', '43', '7', '1');
INSERT INTO `subj_teach_evaluate` VALUES ('95', '43', '8', '1');
INSERT INTO `subj_teach_evaluate` VALUES ('96', '22', '3', '1');
INSERT INTO `subj_teach_evaluate` VALUES ('97', '22', '4', '1');
INSERT INTO `subj_teach_evaluate` VALUES ('98', '22', '5', '1');
INSERT INTO `subj_teach_evaluate` VALUES ('99', '22', '6', '1');
INSERT INTO `subj_teach_evaluate` VALUES ('100', '22', '7', '1');
INSERT INTO `subj_teach_evaluate` VALUES ('101', '22', '8', '1');
INSERT INTO `subj_teach_evaluate` VALUES ('102', '18', '3', '1');
INSERT INTO `subj_teach_evaluate` VALUES ('103', '18', '4', '1');
INSERT INTO `subj_teach_evaluate` VALUES ('104', '18', '5', '1');
INSERT INTO `subj_teach_evaluate` VALUES ('105', '18', '6', '1');
INSERT INTO `subj_teach_evaluate` VALUES ('106', '18', '7', '1');
INSERT INTO `subj_teach_evaluate` VALUES ('107', '18', '8', '1');
INSERT INTO `subj_teach_evaluate` VALUES ('108', '18', '3', '1');
INSERT INTO `subj_teach_evaluate` VALUES ('109', '18', '4', '1');
INSERT INTO `subj_teach_evaluate` VALUES ('110', '18', '5', '1');
INSERT INTO `subj_teach_evaluate` VALUES ('111', '18', '6', '1');
INSERT INTO `subj_teach_evaluate` VALUES ('112', '18', '7', '1');
INSERT INTO `subj_teach_evaluate` VALUES ('113', '18', '8', '1');
INSERT INTO `subj_teach_evaluate` VALUES ('114', '21', '3', '1');
INSERT INTO `subj_teach_evaluate` VALUES ('115', '21', '4', '1');
INSERT INTO `subj_teach_evaluate` VALUES ('116', '21', '5', '1');
INSERT INTO `subj_teach_evaluate` VALUES ('117', '21', '6', '1');
INSERT INTO `subj_teach_evaluate` VALUES ('118', '21', '7', '1');
INSERT INTO `subj_teach_evaluate` VALUES ('119', '21', '8', '1');
INSERT INTO `subj_teach_evaluate` VALUES ('120', '33', '3', '1');
INSERT INTO `subj_teach_evaluate` VALUES ('121', '33', '4', '1');
INSERT INTO `subj_teach_evaluate` VALUES ('122', '33', '5', '1');
INSERT INTO `subj_teach_evaluate` VALUES ('123', '33', '6', '1');
INSERT INTO `subj_teach_evaluate` VALUES ('124', '33', '7', '1');
INSERT INTO `subj_teach_evaluate` VALUES ('125', '33', '8', '1');
INSERT INTO `subj_teach_evaluate` VALUES ('126', '33', '3', '1');
INSERT INTO `subj_teach_evaluate` VALUES ('127', '33', '4', '1');
INSERT INTO `subj_teach_evaluate` VALUES ('128', '33', '5', '1');
INSERT INTO `subj_teach_evaluate` VALUES ('129', '33', '6', '1');
INSERT INTO `subj_teach_evaluate` VALUES ('130', '33', '7', '1');
INSERT INTO `subj_teach_evaluate` VALUES ('131', '33', '8', '1');
INSERT INTO `subj_teach_evaluate` VALUES ('132', '59', '3', '1');
INSERT INTO `subj_teach_evaluate` VALUES ('133', '59', '4', '1');
INSERT INTO `subj_teach_evaluate` VALUES ('134', '59', '5', '1');
INSERT INTO `subj_teach_evaluate` VALUES ('135', '59', '6', '1');
INSERT INTO `subj_teach_evaluate` VALUES ('136', '59', '7', '1');
INSERT INTO `subj_teach_evaluate` VALUES ('137', '59', '8', '1');
INSERT INTO `subj_teach_evaluate` VALUES ('138', '59', '3', '1');
INSERT INTO `subj_teach_evaluate` VALUES ('139', '59', '4', '1');
INSERT INTO `subj_teach_evaluate` VALUES ('140', '59', '5', '1');
INSERT INTO `subj_teach_evaluate` VALUES ('141', '59', '6', '1');
INSERT INTO `subj_teach_evaluate` VALUES ('142', '59', '7', '1');
INSERT INTO `subj_teach_evaluate` VALUES ('143', '59', '8', '1');
INSERT INTO `subj_teach_evaluate` VALUES ('144', '51', '3', '1');
INSERT INTO `subj_teach_evaluate` VALUES ('145', '51', '4', '1');
INSERT INTO `subj_teach_evaluate` VALUES ('146', '51', '5', '1');
INSERT INTO `subj_teach_evaluate` VALUES ('147', '51', '6', '1');
INSERT INTO `subj_teach_evaluate` VALUES ('148', '51', '7', '1');
INSERT INTO `subj_teach_evaluate` VALUES ('149', '51', '8', '1');
INSERT INTO `subj_teach_evaluate` VALUES ('150', '27', '3', '1');
INSERT INTO `subj_teach_evaluate` VALUES ('151', '27', '4', '1');
INSERT INTO `subj_teach_evaluate` VALUES ('152', '27', '5', '1');
INSERT INTO `subj_teach_evaluate` VALUES ('153', '27', '6', '1');
INSERT INTO `subj_teach_evaluate` VALUES ('154', '27', '7', '1');
INSERT INTO `subj_teach_evaluate` VALUES ('155', '27', '8', '1');
INSERT INTO `subj_teach_evaluate` VALUES ('156', '27', '3', '1');
INSERT INTO `subj_teach_evaluate` VALUES ('157', '27', '4', '1');
INSERT INTO `subj_teach_evaluate` VALUES ('158', '27', '5', '1');
INSERT INTO `subj_teach_evaluate` VALUES ('159', '27', '6', '1');
INSERT INTO `subj_teach_evaluate` VALUES ('160', '27', '7', '1');
INSERT INTO `subj_teach_evaluate` VALUES ('161', '27', '8', '1');
INSERT INTO `subj_teach_evaluate` VALUES ('162', '57', '3', '1');
INSERT INTO `subj_teach_evaluate` VALUES ('163', '57', '4', '1');
INSERT INTO `subj_teach_evaluate` VALUES ('164', '57', '5', '1');
INSERT INTO `subj_teach_evaluate` VALUES ('165', '57', '6', '1');
INSERT INTO `subj_teach_evaluate` VALUES ('166', '57', '7', '1');
INSERT INTO `subj_teach_evaluate` VALUES ('167', '57', '8', '1');
INSERT INTO `subj_teach_evaluate` VALUES ('168', '57', '3', '1');
INSERT INTO `subj_teach_evaluate` VALUES ('169', '57', '4', '1');
INSERT INTO `subj_teach_evaluate` VALUES ('170', '57', '5', '1');
INSERT INTO `subj_teach_evaluate` VALUES ('171', '57', '6', '1');
INSERT INTO `subj_teach_evaluate` VALUES ('172', '57', '7', '1');
INSERT INTO `subj_teach_evaluate` VALUES ('173', '57', '8', '1');
INSERT INTO `subj_teach_evaluate` VALUES ('174', '58', '3', '1');
INSERT INTO `subj_teach_evaluate` VALUES ('175', '58', '4', '1');
INSERT INTO `subj_teach_evaluate` VALUES ('176', '58', '5', '1');
INSERT INTO `subj_teach_evaluate` VALUES ('177', '58', '6', '1');
INSERT INTO `subj_teach_evaluate` VALUES ('178', '58', '7', '1');
INSERT INTO `subj_teach_evaluate` VALUES ('179', '58', '8', '1');
INSERT INTO `subj_teach_evaluate` VALUES ('180', '44', '3', '1');
INSERT INTO `subj_teach_evaluate` VALUES ('181', '44', '3', '1');
INSERT INTO `subj_teach_evaluate` VALUES ('182', '44', '4', '1');
INSERT INTO `subj_teach_evaluate` VALUES ('183', '44', '5', '1');
INSERT INTO `subj_teach_evaluate` VALUES ('184', '44', '6', '1');
INSERT INTO `subj_teach_evaluate` VALUES ('185', '44', '7', '1');
INSERT INTO `subj_teach_evaluate` VALUES ('186', '44', '8', '1');
INSERT INTO `subj_teach_evaluate` VALUES ('187', '39', '3', '1');
INSERT INTO `subj_teach_evaluate` VALUES ('188', '39', '4', '1');
INSERT INTO `subj_teach_evaluate` VALUES ('189', '39', '5', '1');
INSERT INTO `subj_teach_evaluate` VALUES ('190', '39', '6', '1');
INSERT INTO `subj_teach_evaluate` VALUES ('191', '39', '7', '1');
INSERT INTO `subj_teach_evaluate` VALUES ('192', '39', '8', '1');
INSERT INTO `subj_teach_evaluate` VALUES ('193', '48', '3', '1');
INSERT INTO `subj_teach_evaluate` VALUES ('194', '48', '4', '1');
INSERT INTO `subj_teach_evaluate` VALUES ('195', '48', '5', '1');
INSERT INTO `subj_teach_evaluate` VALUES ('196', '48', '6', '1');
INSERT INTO `subj_teach_evaluate` VALUES ('197', '48', '7', '1');
INSERT INTO `subj_teach_evaluate` VALUES ('198', '48', '8', '1');
INSERT INTO `subj_teach_evaluate` VALUES ('199', '46', '3', '1');
INSERT INTO `subj_teach_evaluate` VALUES ('200', '46', '4', '1');
INSERT INTO `subj_teach_evaluate` VALUES ('201', '46', '5', '1');
INSERT INTO `subj_teach_evaluate` VALUES ('202', '46', '6', '1');
INSERT INTO `subj_teach_evaluate` VALUES ('203', '46', '7', '1');
INSERT INTO `subj_teach_evaluate` VALUES ('204', '46', '8', '1');
INSERT INTO `subj_teach_evaluate` VALUES ('205', '47', '3', '1');
INSERT INTO `subj_teach_evaluate` VALUES ('206', '47', '4', '1');
INSERT INTO `subj_teach_evaluate` VALUES ('207', '47', '5', '1');
INSERT INTO `subj_teach_evaluate` VALUES ('208', '47', '6', '1');
INSERT INTO `subj_teach_evaluate` VALUES ('209', '47', '7', '1');
INSERT INTO `subj_teach_evaluate` VALUES ('210', '47', '8', '1');
INSERT INTO `subj_teach_evaluate` VALUES ('211', '47', '3', '1');
INSERT INTO `subj_teach_evaluate` VALUES ('212', '47', '4', '1');
INSERT INTO `subj_teach_evaluate` VALUES ('213', '47', '5', '1');
INSERT INTO `subj_teach_evaluate` VALUES ('214', '47', '6', '1');
INSERT INTO `subj_teach_evaluate` VALUES ('215', '47', '7', '1');
INSERT INTO `subj_teach_evaluate` VALUES ('216', '47', '8', '1');
INSERT INTO `subj_teach_evaluate` VALUES ('217', '47', '3', '1');
INSERT INTO `subj_teach_evaluate` VALUES ('218', '47', '4', '1');
INSERT INTO `subj_teach_evaluate` VALUES ('219', '47', '5', '1');
INSERT INTO `subj_teach_evaluate` VALUES ('220', '47', '6', '1');
INSERT INTO `subj_teach_evaluate` VALUES ('221', '47', '7', '1');
INSERT INTO `subj_teach_evaluate` VALUES ('222', '35', '3', '1');
INSERT INTO `subj_teach_evaluate` VALUES ('223', '35', '4', '1');
INSERT INTO `subj_teach_evaluate` VALUES ('224', '35', '5', '1');
INSERT INTO `subj_teach_evaluate` VALUES ('225', '35', '6', '1');
INSERT INTO `subj_teach_evaluate` VALUES ('226', '35', '7', '1');
INSERT INTO `subj_teach_evaluate` VALUES ('227', '35', '8', '1');
INSERT INTO `subj_teach_evaluate` VALUES ('228', '35', '3', '1');
INSERT INTO `subj_teach_evaluate` VALUES ('229', '35', '4', '1');
INSERT INTO `subj_teach_evaluate` VALUES ('230', '35', '5', '1');
INSERT INTO `subj_teach_evaluate` VALUES ('231', '35', '6', '1');
INSERT INTO `subj_teach_evaluate` VALUES ('232', '35', '7', '1');
INSERT INTO `subj_teach_evaluate` VALUES ('233', '35', '8', '1');
INSERT INTO `subj_teach_evaluate` VALUES ('234', '36', '3', '1');
INSERT INTO `subj_teach_evaluate` VALUES ('235', '36', '4', '1');
INSERT INTO `subj_teach_evaluate` VALUES ('236', '36', '5', '1');
INSERT INTO `subj_teach_evaluate` VALUES ('237', '36', '6', '1');
INSERT INTO `subj_teach_evaluate` VALUES ('238', '36', '7', '1');
INSERT INTO `subj_teach_evaluate` VALUES ('239', '36', '8', '1');

-- ----------------------------
-- Table structure for `sys_menu`
-- ----------------------------
DROP TABLE IF EXISTS `sys_menu`;
CREATE TABLE `sys_menu` (
  `menu_id` int(20) unsigned NOT NULL AUTO_INCREMENT COMMENT '权限ID',
  `parent_id` int(20) DEFAULT NULL COMMENT '父级编号',
  `menu_type` int(2) DEFAULT NULL COMMENT '权限类型 1=菜单/2=功能/3=子功能/0=操作',
  `menu_code` varchar(64) CHARACTER SET utf8mb4 DEFAULT NULL COMMENT '权限代码',
  `menu_name` varchar(64) CHARACTER SET utf8mb4 DEFAULT NULL COMMENT '权限名称',
  `sort` int(9) DEFAULT NULL COMMENT '排序',
  `href` varchar(255) CHARACTER SET utf8mb4 DEFAULT NULL COMMENT '链接地址',
  `icon` varchar(255) CHARACTER SET utf8mb4 DEFAULT NULL COMMENT '图标名称',
  `status` int(2) DEFAULT NULL COMMENT '状态 0=隐藏/1=显示',
  `permission` varchar(255) CHARACTER SET utf8mb4 DEFAULT NULL COMMENT '权限标识',
  `create_time` datetime DEFAULT NULL COMMENT '创建时间',
  `create_by` varchar(64) CHARACTER SET utf8mb4 DEFAULT '' COMMENT '创建者',
  `update_time` datetime DEFAULT NULL COMMENT '更新时间',
  `update_by` varchar(64) CHARACTER SET utf8mb4 DEFAULT NULL COMMENT '更新者',
  `remarks` varchar(255) CHARACTER SET utf8mb4 DEFAULT NULL COMMENT '备注信息',
  PRIMARY KEY (`menu_id`) USING BTREE
) ENGINE=InnoDB AUTO_INCREMENT=82 DEFAULT CHARSET=utf8 ROW_FORMAT=COMPACT COMMENT='目录表';

-- ----------------------------
-- Records of sys_menu
-- ----------------------------
INSERT INTO `sys_menu` VALUES ('1', '0', null, null, '功能菜单', null, null, null, '1', null, null, '', null, null, '主页');
INSERT INTO `sys_menu` VALUES ('5', '1', '1', '', '系统管理', '10', '1', 'cogs', '1', null, null, '', '2018-11-07 11:06:20', 'admin', '');
INSERT INTO `sys_menu` VALUES ('15', '1', '1', '', '首页', '1', '/sysuser/index.action', 'cog', '0', null, null, '', '2018-09-12 10:25:16', 'admin', '');
INSERT INTO `sys_menu` VALUES ('26', '5', '2', '', '用户管理', '1', '/sysuser/user.action', '', '1', null, null, '', '2018-06-01 10:55:57', 'admin', '');
INSERT INTO `sys_menu` VALUES ('27', '5', '2', '', '级别权限管理', '2', '/role/view.action', '', '1', null, null, '', '2018-09-19 14:22:41', 'admin', '');
INSERT INTO `sys_menu` VALUES ('28', '5', '2', '', '部门管理', '3', '/department/1/view.action', '', '1', null, null, '', '2018-09-19 10:51:48', 'admin', '');
INSERT INTO `sys_menu` VALUES ('30', '5', '2', '', '菜单管理', '5', '/system/menu/view.action', '', '1', null, null, '', '2018-06-07 11:33:12', 'admin', '');
INSERT INTO `sys_menu` VALUES ('31', '1', '1', null, '基础数据采集', '2', null, 'database', '1', null, null, '', null, null, null);
INSERT INTO `sys_menu` VALUES ('32', '5', '2', '', '单位信息维护', '4', '/unit/view.action', '', '1', null, '2018-09-19 13:56:21', 'admin', '2018-09-20 09:35:02', 'admin', '');
INSERT INTO `sys_menu` VALUES ('33', '31', '2', '', '学员信息采集', '3', '/student/view.action', '', '1', null, '2018-09-19 14:00:38', 'admin', '2018-11-07 13:08:49', 'admin', '');
INSERT INTO `sys_menu` VALUES ('34', '31', '2', '', '教师信息采集', '4', '/teacherInfo/view.action', '', '1', null, '2018-09-19 16:01:14', 'admin', '2018-11-07 13:09:01', 'admin', '');
INSERT INTO `sys_menu` VALUES ('35', '31', '2', '4', '培训类型维护', '6', '/training/view.action', '', '1', null, '2018-09-20 09:32:20', 'admin', '2018-11-22 16:02:55', 'admin', '');
INSERT INTO `sys_menu` VALUES ('36', '31', '2', '', '院校基础数据设置', '1', '/basicParameters/view.action', '', '1', null, '2018-09-21 16:14:28', 'admin', '2018-11-07 13:08:02', 'admin', '');
INSERT INTO `sys_menu` VALUES ('39', '31', '2', '', '班级信息采集', '5', '/classInfo/view.action', '', '1', null, '2018-09-25 12:16:52', 'admin', '2018-11-07 13:09:18', 'admin', '');
INSERT INTO `sys_menu` VALUES ('40', '31', '2', '', '区域及教室资源设置', '2', '/classroom/view.action', '', '1', null, '2018-09-26 08:48:50', 'admin', '2018-11-07 13:08:24', 'admin', '');
INSERT INTO `sys_menu` VALUES ('42', '1', '1', '', '管理与统计', '5', '5', 'bar-chart', '1', null, null, '', '2018-11-16 14:27:27', 'admin', '');
INSERT INTO `sys_menu` VALUES ('43', '42', '2', '', '班级管理', '1', '/classInfo/viewManage.action', '', '1', null, '2018-09-29 09:48:44', 'admin', null, null, '');
INSERT INTO `sys_menu` VALUES ('54', '1', '1', '', '成绩与评价管理', '6', '试试', 'pencil-square-o', '1', null, '2018-10-20 15:36:36', 'admin', '2018-11-07 11:05:35', 'admin', '');
INSERT INTO `sys_menu` VALUES ('55', '54', '2', '', '成绩与证书管理', '1', '/scoreReport/view.action', '', '1', null, '2018-10-20 15:42:08', 'admin', null, null, '');
INSERT INTO `sys_menu` VALUES ('56', '42', '2', '', '查询统计', '6', '/queryStatistics/view.action', '', '1', null, '2018-10-23 11:43:18', 'admin', null, null, '');
INSERT INTO `sys_menu` VALUES ('57', '1', '1', '', '二维码模块', '6', '1', 'qrcode', '0', null, '2018-10-25 11:00:47', 'admin', '2018-10-25 11:03:29', 'admin', '');
INSERT INTO `sys_menu` VALUES ('59', '42', '2', '', '年度数据分析', '9', '/annualData/view.action', '', '1', null, '2018-10-27 09:51:37', 'admin', null, null, '');
INSERT INTO `sys_menu` VALUES ('60', '57', '2', '', '学生证流水号', null, '/studentCard/view.action', '', '0', null, '2018-10-29 10:12:58', 'admin', '2018-10-29 10:57:55', 'admin', '');
INSERT INTO `sys_menu` VALUES ('62', '42', '2', '', '班级经费管理', '10', '/classFunds/view.action', '', '1', null, '2018-10-29 10:55:37', 'admin', null, null, '');
INSERT INTO `sys_menu` VALUES ('63', '54', '2', '', '评价管理', '3', '/evaluationManagement/view.action', '', '1', null, '2018-10-30 15:04:44', 'admin', null, null, '');
INSERT INTO `sys_menu` VALUES ('66', '1', '1', '', '就餐管理', '4', '1', 'cutlery', '1', null, '2018-11-07 10:43:06', 'admin', '2018-11-07 11:03:18', 'admin', '');
INSERT INTO `sys_menu` VALUES ('67', '66', '2', '', '教师就餐安排', '2', '/teachDin/view.action', '', '1', null, '2018-11-07 10:45:33', 'admin', null, null, '');
INSERT INTO `sys_menu` VALUES ('68', '66', '2', '', '首日餐统计', '3', '/diningFirstCount/stuView.action', '', '0', null, '2018-11-07 10:47:36', 'admin', null, null, '');
INSERT INTO `sys_menu` VALUES ('69', '66', '2', '', '就餐记录', '4', '/stuDining/view.action', '', '1', null, '2018-11-07 10:48:20', 'admin', '2018-11-07 10:48:35', 'admin', '');
INSERT INTO `sys_menu` VALUES ('70', '66', '2', '', '就餐统计1', '8', '/diningCount/stuView.action', '', '0', null, '2018-11-07 10:49:36', 'admin', '2019-05-15 16:11:55', 'admin', '');
INSERT INTO `sys_menu` VALUES ('71', '1', '1', '', '报到与证件管理', '3', '1', 'address-card-o', '1', null, '2018-11-07 11:07:21', 'admin', '2019-01-04 10:58:22', 'admin', '');
INSERT INTO `sys_menu` VALUES ('72', '71', '2', '', '报到登记', '1', '/register/form.action', '', '1', null, '2018-11-07 11:09:38', 'admin', '2019-01-04 10:58:35', 'admin', '');
INSERT INTO `sys_menu` VALUES ('74', '71', '2', '', '报到管理', '3', '/signUpManager/view.action', '', '1', null, '2018-11-07 11:11:10', 'admin', '2019-01-04 10:58:50', 'admin', '');
INSERT INTO `sys_menu` VALUES ('75', '71', '2', '', '证件回收', '4', '/stuRecover/view.action', '', '1', null, '2018-11-07 11:11:58', 'admin', null, null, '');
INSERT INTO `sys_menu` VALUES ('76', '54', '2', '', '评价项目维护', '2', '/evaluate/view.action', '', '1', null, '2018-11-07 13:12:00', 'admin', '2018-11-07 13:13:01', 'admin', '');
INSERT INTO `sys_menu` VALUES ('77', '71', '2', '', '制作证件', '4', '/documentMaking/view.action', '', '1', null, '2018-11-08 10:59:11', 'admin', null, null, '');
INSERT INTO `sys_menu` VALUES ('78', '57', '2', '', '教师证流水号', null, '/teacherCard/view.action', '', '0', null, '2018-11-13 17:16:14', 'admin', null, null, '');
INSERT INTO `sys_menu` VALUES ('79', '54', '2', '', '总体评价数据分析', '4', '/overallEvaluation/view.action', '', '1', null, '2018-11-21 10:31:43', 'admin', null, null, '');
INSERT INTO `sys_menu` VALUES ('80', '66', '2', '', '就餐脱机数据', '9', '/offlineData/view.action', '', '1', null, '2018-11-29 11:37:49', 'admin', '2018-12-25 11:26:15', 'admin', '');
INSERT INTO `sys_menu` VALUES ('81', '66', '2', '', '就餐统计', '10', '/diningDataStatistics/view.action', '', '1', null, '2019-05-15 16:11:21', 'admin', null, null, '');

-- ----------------------------
-- Table structure for `sys_role`
-- ----------------------------
DROP TABLE IF EXISTS `sys_role`;
CREATE TABLE `sys_role` (
  `role_id` bigint(20) unsigned NOT NULL AUTO_INCREMENT COMMENT '主键',
  `role_key` varchar(30) DEFAULT NULL COMMENT '角色编码',
  `description` varchar(200) DEFAULT NULL COMMENT '描述',
  `role_value` varchar(40) NOT NULL COMMENT '角色名称',
  `create_time` varchar(25) DEFAULT NULL COMMENT '创建时间',
  PRIMARY KEY (`role_id`) USING BTREE
) ENGINE=InnoDB AUTO_INCREMENT=8 DEFAULT CHARSET=utf8 ROW_FORMAT=COMPACT COMMENT='角色表';

-- ----------------------------
-- Records of sys_role
-- ----------------------------
INSERT INTO `sys_role` VALUES ('1', 'ROLE_USER', '不明确', '管理员', '2018-09-19 10:45:24');
INSERT INTO `sys_role` VALUES ('3', 'admin', '拥有所有权限', '超级管理员', '2018-09-19 10:45:24');
INSERT INTO `sys_role` VALUES ('4', 'hahah', '班级信息录入、就餐与日程安排、报到、成绩管理、就餐与评价统计等', '班主任', '2018-09-19 10:45:24');
INSERT INTO `sys_role` VALUES ('5', 'hahah', '拥有报名、收费、证件回收、查询统计等权限', '住宿管理员', '2018-09-20 11:20:32');
INSERT INTO `sys_role` VALUES ('6', null, '拥有就餐登记、就餐统计、查询统计等功能', '就餐管理员', '2018-10-12 14:25:37');
INSERT INTO `sys_role` VALUES ('7', null, '可以查询所有数据', '查询用户', '2019-01-17 13:33:13');

-- ----------------------------
-- Table structure for `sys_role_menu`
-- ----------------------------
DROP TABLE IF EXISTS `sys_role_menu`;
CREATE TABLE `sys_role_menu` (
  `role_menu_id` bigint(20) unsigned NOT NULL AUTO_INCREMENT COMMENT '角色权限编号',
  `role_id` bigint(20) DEFAULT NULL COMMENT '角色编号',
  `menu_id` bigint(20) DEFAULT NULL COMMENT '权限编号',
  `create_time` datetime DEFAULT NULL COMMENT '创建时间',
  `create_by` varchar(64) CHARACTER SET utf8mb4 DEFAULT NULL COMMENT '创建者',
  PRIMARY KEY (`role_menu_id`) USING BTREE
) ENGINE=InnoDB AUTO_INCREMENT=6464 DEFAULT CHARSET=utf8 ROW_FORMAT=COMPACT COMMENT='角色权限关联表';

-- ----------------------------
-- Records of sys_role_menu
-- ----------------------------
INSERT INTO `sys_role_menu` VALUES ('6327', '3', '15', null, null);
INSERT INTO `sys_role_menu` VALUES ('6328', '3', '31', null, null);
INSERT INTO `sys_role_menu` VALUES ('6329', '3', '36', null, null);
INSERT INTO `sys_role_menu` VALUES ('6330', '3', '40', null, null);
INSERT INTO `sys_role_menu` VALUES ('6331', '3', '33', null, null);
INSERT INTO `sys_role_menu` VALUES ('6332', '3', '34', null, null);
INSERT INTO `sys_role_menu` VALUES ('6333', '3', '39', null, null);
INSERT INTO `sys_role_menu` VALUES ('6334', '3', '35', null, null);
INSERT INTO `sys_role_menu` VALUES ('6335', '3', '71', null, null);
INSERT INTO `sys_role_menu` VALUES ('6336', '3', '72', null, null);
INSERT INTO `sys_role_menu` VALUES ('6337', '3', '74', null, null);
INSERT INTO `sys_role_menu` VALUES ('6338', '3', '75', null, null);
INSERT INTO `sys_role_menu` VALUES ('6339', '3', '77', null, null);
INSERT INTO `sys_role_menu` VALUES ('6340', '3', '66', null, null);
INSERT INTO `sys_role_menu` VALUES ('6341', '3', '67', null, null);
INSERT INTO `sys_role_menu` VALUES ('6342', '3', '68', null, null);
INSERT INTO `sys_role_menu` VALUES ('6343', '3', '69', null, null);
INSERT INTO `sys_role_menu` VALUES ('6344', '3', '70', null, null);
INSERT INTO `sys_role_menu` VALUES ('6345', '3', '80', null, null);
INSERT INTO `sys_role_menu` VALUES ('6346', '3', '81', null, null);
INSERT INTO `sys_role_menu` VALUES ('6347', '3', '42', null, null);
INSERT INTO `sys_role_menu` VALUES ('6348', '3', '43', null, null);
INSERT INTO `sys_role_menu` VALUES ('6349', '3', '56', null, null);
INSERT INTO `sys_role_menu` VALUES ('6350', '3', '59', null, null);
INSERT INTO `sys_role_menu` VALUES ('6351', '3', '62', null, null);
INSERT INTO `sys_role_menu` VALUES ('6352', '3', '54', null, null);
INSERT INTO `sys_role_menu` VALUES ('6353', '3', '55', null, null);
INSERT INTO `sys_role_menu` VALUES ('6354', '3', '76', null, null);
INSERT INTO `sys_role_menu` VALUES ('6355', '3', '63', null, null);
INSERT INTO `sys_role_menu` VALUES ('6356', '3', '79', null, null);
INSERT INTO `sys_role_menu` VALUES ('6357', '3', '57', null, null);
INSERT INTO `sys_role_menu` VALUES ('6358', '3', '60', null, null);
INSERT INTO `sys_role_menu` VALUES ('6359', '3', '78', null, null);
INSERT INTO `sys_role_menu` VALUES ('6360', '3', '5', null, null);
INSERT INTO `sys_role_menu` VALUES ('6361', '3', '26', null, null);
INSERT INTO `sys_role_menu` VALUES ('6362', '3', '27', null, null);
INSERT INTO `sys_role_menu` VALUES ('6363', '3', '28', null, null);
INSERT INTO `sys_role_menu` VALUES ('6364', '3', '32', null, null);
INSERT INTO `sys_role_menu` VALUES ('6365', '3', '30', null, null);
INSERT INTO `sys_role_menu` VALUES ('6366', '5', '71', null, null);
INSERT INTO `sys_role_menu` VALUES ('6367', '5', '72', null, null);
INSERT INTO `sys_role_menu` VALUES ('6368', '5', '74', null, null);
INSERT INTO `sys_role_menu` VALUES ('6369', '5', '75', null, null);
INSERT INTO `sys_role_menu` VALUES ('6370', '5', '66', null, null);
INSERT INTO `sys_role_menu` VALUES ('6371', '5', '68', null, null);
INSERT INTO `sys_role_menu` VALUES ('6372', '5', '69', null, null);
INSERT INTO `sys_role_menu` VALUES ('6373', '5', '70', null, null);
INSERT INTO `sys_role_menu` VALUES ('6374', '5', '80', null, null);
INSERT INTO `sys_role_menu` VALUES ('6375', '5', '81', null, null);
INSERT INTO `sys_role_menu` VALUES ('6376', '6', '66', null, null);
INSERT INTO `sys_role_menu` VALUES ('6377', '6', '68', null, null);
INSERT INTO `sys_role_menu` VALUES ('6378', '6', '69', null, null);
INSERT INTO `sys_role_menu` VALUES ('6379', '6', '70', null, null);
INSERT INTO `sys_role_menu` VALUES ('6380', '6', '80', null, null);
INSERT INTO `sys_role_menu` VALUES ('6381', '6', '81', null, null);
INSERT INTO `sys_role_menu` VALUES ('6397', '4', '56', null, null);
INSERT INTO `sys_role_menu` VALUES ('6398', '4', '15', null, null);
INSERT INTO `sys_role_menu` VALUES ('6399', '4', '59', null, null);
INSERT INTO `sys_role_menu` VALUES ('6400', '4', '31', null, null);
INSERT INTO `sys_role_menu` VALUES ('6401', '4', '62', null, null);
INSERT INTO `sys_role_menu` VALUES ('6402', '4', '39', null, null);
INSERT INTO `sys_role_menu` VALUES ('6403', '4', '54', null, null);
INSERT INTO `sys_role_menu` VALUES ('6404', '4', '71', null, null);
INSERT INTO `sys_role_menu` VALUES ('6405', '4', '55', null, null);
INSERT INTO `sys_role_menu` VALUES ('6406', '4', '74', null, null);
INSERT INTO `sys_role_menu` VALUES ('6407', '4', '76', null, null);
INSERT INTO `sys_role_menu` VALUES ('6408', '4', '75', null, null);
INSERT INTO `sys_role_menu` VALUES ('6409', '4', '79', null, null);
INSERT INTO `sys_role_menu` VALUES ('6410', '4', '66', null, null);
INSERT INTO `sys_role_menu` VALUES ('6411', '4', '67', null, null);
INSERT INTO `sys_role_menu` VALUES ('6412', '4', '68', null, null);
INSERT INTO `sys_role_menu` VALUES ('6413', '4', '69', null, null);
INSERT INTO `sys_role_menu` VALUES ('6414', '4', '70', null, null);
INSERT INTO `sys_role_menu` VALUES ('6415', '4', '80', null, null);
INSERT INTO `sys_role_menu` VALUES ('6416', '4', '81', null, null);
INSERT INTO `sys_role_menu` VALUES ('6417', '4', '42', null, null);
INSERT INTO `sys_role_menu` VALUES ('6418', '4', '43', null, null);
INSERT INTO `sys_role_menu` VALUES ('6419', '4', '56', null, null);
INSERT INTO `sys_role_menu` VALUES ('6420', '4', '59', null, null);
INSERT INTO `sys_role_menu` VALUES ('6421', '4', '62', null, null);
INSERT INTO `sys_role_menu` VALUES ('6422', '4', '54', null, null);
INSERT INTO `sys_role_menu` VALUES ('6423', '4', '55', null, null);
INSERT INTO `sys_role_menu` VALUES ('6424', '4', '76', null, null);
INSERT INTO `sys_role_menu` VALUES ('6425', '4', '79', null, null);
INSERT INTO `sys_role_menu` VALUES ('6426', '1', '15', null, null);
INSERT INTO `sys_role_menu` VALUES ('6427', '1', '31', null, null);
INSERT INTO `sys_role_menu` VALUES ('6428', '1', '36', null, null);
INSERT INTO `sys_role_menu` VALUES ('6429', '1', '40', null, null);
INSERT INTO `sys_role_menu` VALUES ('6430', '1', '33', null, null);
INSERT INTO `sys_role_menu` VALUES ('6431', '1', '34', null, null);
INSERT INTO `sys_role_menu` VALUES ('6432', '1', '39', null, null);
INSERT INTO `sys_role_menu` VALUES ('6433', '1', '35', null, null);
INSERT INTO `sys_role_menu` VALUES ('6434', '1', '71', null, null);
INSERT INTO `sys_role_menu` VALUES ('6435', '1', '74', null, null);
INSERT INTO `sys_role_menu` VALUES ('6436', '1', '75', null, null);
INSERT INTO `sys_role_menu` VALUES ('6437', '1', '77', null, null);
INSERT INTO `sys_role_menu` VALUES ('6438', '1', '66', null, null);
INSERT INTO `sys_role_menu` VALUES ('6439', '1', '67', null, null);
INSERT INTO `sys_role_menu` VALUES ('6440', '1', '68', null, null);
INSERT INTO `sys_role_menu` VALUES ('6441', '1', '69', null, null);
INSERT INTO `sys_role_menu` VALUES ('6442', '1', '70', null, null);
INSERT INTO `sys_role_menu` VALUES ('6443', '1', '80', null, null);
INSERT INTO `sys_role_menu` VALUES ('6444', '1', '81', null, null);
INSERT INTO `sys_role_menu` VALUES ('6445', '1', '42', null, null);
INSERT INTO `sys_role_menu` VALUES ('6446', '1', '43', null, null);
INSERT INTO `sys_role_menu` VALUES ('6447', '1', '56', null, null);
INSERT INTO `sys_role_menu` VALUES ('6448', '1', '59', null, null);
INSERT INTO `sys_role_menu` VALUES ('6449', '1', '62', null, null);
INSERT INTO `sys_role_menu` VALUES ('6450', '1', '54', null, null);
INSERT INTO `sys_role_menu` VALUES ('6451', '1', '55', null, null);
INSERT INTO `sys_role_menu` VALUES ('6452', '1', '76', null, null);
INSERT INTO `sys_role_menu` VALUES ('6453', '1', '63', null, null);
INSERT INTO `sys_role_menu` VALUES ('6454', '1', '79', null, null);
INSERT INTO `sys_role_menu` VALUES ('6455', '1', '57', null, null);
INSERT INTO `sys_role_menu` VALUES ('6456', '1', '60', null, null);
INSERT INTO `sys_role_menu` VALUES ('6457', '1', '78', null, null);
INSERT INTO `sys_role_menu` VALUES ('6458', '1', '5', null, null);
INSERT INTO `sys_role_menu` VALUES ('6459', '1', '26', null, null);
INSERT INTO `sys_role_menu` VALUES ('6460', '1', '27', null, null);
INSERT INTO `sys_role_menu` VALUES ('6461', '1', '28', null, null);
INSERT INTO `sys_role_menu` VALUES ('6462', '1', '32', null, null);
INSERT INTO `sys_role_menu` VALUES ('6463', '1', '30', null, null);

-- ----------------------------
-- Table structure for `sys_user`
-- ----------------------------
DROP TABLE IF EXISTS `sys_user`;
CREATE TABLE `sys_user` (
  `user_id` int(20) NOT NULL AUTO_INCREMENT COMMENT '主键',
  `login_account` varchar(30) NOT NULL COMMENT '登录账号',
  `login_pass` varchar(65) NOT NULL COMMENT '登录密码',
  `user_head` varchar(30) DEFAULT NULL COMMENT '头像',
  `register_time` varchar(30) NOT NULL COMMENT '注册时间',
  `state` int(10) NOT NULL COMMENT '状态（0禁用；1开启;2删除）',
  `userName` varchar(20) DEFAULT NULL COMMENT '用户姓名',
  `telephone` varchar(255) DEFAULT NULL COMMENT '手机号',
  `birthday` varchar(255) DEFAULT NULL COMMENT '生日',
  `sex` int(10) DEFAULT NULL COMMENT '性别（1、男；2、女）',
  `area_id` int(255) DEFAULT NULL COMMENT '部门',
  `role_id` int(255) DEFAULT NULL COMMENT '初次新增用户时分配的角色(本字段不启用)',
  `user_type` varchar(64) DEFAULT NULL COMMENT '用户类型',
  `email` varchar(64) DEFAULT NULL COMMENT '邮箱',
  `sup_user_type` varchar(10) DEFAULT NULL COMMENT '上级用户类型',
  PRIMARY KEY (`user_id`) USING BTREE,
  UNIQUE KEY `uk_sys_user_login_account` (`login_account`) USING BTREE,
  KEY `employee_id` (`userName`) USING BTREE
) ENGINE=InnoDB AUTO_INCREMENT=196 DEFAULT CHARSET=utf8 ROW_FORMAT=COMPACT COMMENT='用户表';

-- ----------------------------
-- Records of sys_user
-- ----------------------------
INSERT INTO `sys_user` VALUES ('1', 'admin', '8d969eef6ecad3c29a3a629280e686cf0c3f5d5a86aff3ca12020c923adc6c92', null, '2018-07-02 14:39:09', '1', 'admin', '18654180892', null, '1', '4', null, '一般', 'wubin_oct@163.com', '一般');
INSERT INTO `sys_user` VALUES ('82', 'gly', '8d969eef6ecad3c29a3a629280e686cf0c3f5d5a86aff3ca12020c923adc6c92', null, '2018-11-24 10:37:53', '1', '陈爱华', '13635606371', null, '1', '4', '1', '一般', '', '一般');
INSERT INTO `sys_user` VALUES ('83', 'bzr', '8d969eef6ecad3c29a3a629280e686cf0c3f5d5a86aff3ca12020c923adc6c92', null, '2018-11-24 10:40:37', '1', '班主任', '15956523422', null, '2', '10', '4', '一般', '', '一般');
INSERT INTO `sys_user` VALUES ('84', 'xqzds', '8d969eef6ecad3c29a3a629280e686cf0c3f5d5a86aff3ca12020c923adc6c92', null, '2018-11-24 10:47:56', '1', '西区招待所', '', null, '2', '9', null, '西区招待所', '', '前台');
INSERT INTO `sys_user` VALUES ('85', 'xqst', '8d969eef6ecad3c29a3a629280e686cf0c3f5d5a86aff3ca12020c923adc6c92', null, '2018-11-24 10:50:47', '1', '西区食堂', '15956523455', null, '2', '9', null, '西区食堂', '', '食堂');
INSERT INTO `sys_user` VALUES ('86', 'ssss', 'bcb15f821479b4d5772bd0ca866c00ad5f926e3580720659cc80d39c9d09802a', null, '2019-01-17 13:20:37', '2', '111111', '11111111111', null, '1', '5', '3', '一般', '', '一般');
INSERT INTO `sys_user` VALUES ('87', 'xujh1368', '8d969eef6ecad3c29a3a629280e686cf0c3f5d5a86aff3ca12020c923adc6c92', null, '2019-01-17 13:49:51', '1', '徐结红', '', null, '2', '11', '4', '一般', '', '一般');
INSERT INTO `sys_user` VALUES ('88', 'zhouq3646', '8d969eef6ecad3c29a3a629280e686cf0c3f5d5a86aff3ca12020c923adc6c92', null, '2019-01-17 13:50:48', '1', '周琪', '', null, '2', '2', '4', '一般', '', '一般');
INSERT INTO `sys_user` VALUES ('89', 'chengxx00426', '8d969eef6ecad3c29a3a629280e686cf0c3f5d5a86aff3ca12020c923adc6c92', null, '2019-01-17 13:51:36', '1', '程晓絮', '', null, '2', '11', '4', '一般', '', '一般');
INSERT INTO `sys_user` VALUES ('90', 'chenc2056', '64f57f54d34e3ec388b2a951e137b6138255d9719eaef512a0d879d1110edd6c', null, '2019-01-17 13:52:23', '1', '陈财', '13625651060', null, '1', '11', null, '一般', '', '一般');
INSERT INTO `sys_user` VALUES ('91', 'xuexb2526', '8d969eef6ecad3c29a3a629280e686cf0c3f5d5a86aff3ca12020c923adc6c92', null, '2019-01-17 13:53:41', '1', '薛新白', '', null, '2', '11', '4', '一般', '', '一般');
INSERT INTO `sys_user` VALUES ('92', 'zhay4541', '8d969eef6ecad3c29a3a629280e686cf0c3f5d5a86aff3ca12020c923adc6c92', null, '2019-01-17 13:54:34', '1', '查燕', '', null, '2', '7', '4', '一般', '', '一般');
INSERT INTO `sys_user` VALUES ('93', 'fengcm0026', '8d969eef6ecad3c29a3a629280e686cf0c3f5d5a86aff3ca12020c923adc6c92', null, '2019-01-17 14:02:21', '1', '冯春梅', '', null, '2', '14', '7', '一般', '', '一般');
INSERT INTO `sys_user` VALUES ('94', 'wangb0037', '8d969eef6ecad3c29a3a629280e686cf0c3f5d5a86aff3ca12020c923adc6c92', null, '2019-01-17 14:10:43', '1', '王彪', '', null, '1', '14', '7', '一般', '', '一般');
INSERT INTO `sys_user` VALUES ('95', 'houyx103x', '8d969eef6ecad3c29a3a629280e686cf0c3f5d5a86aff3ca12020c923adc6c92', null, '2019-01-17 14:15:29', '1', '侯宜祥', '', null, '1', '11', '7', '一般', '', '一般');
INSERT INTO `sys_user` VALUES ('96', 'zhangxl0430', '914edd648edf9b5bfa1bbbb065f0e14be28c6e5e8d30faa0767b41328590af4e', null, '2019-01-17 14:16:30', '1', '张晓林', '', null, '1', '11', '4', '一般', '', '一般');
INSERT INTO `sys_user` VALUES ('97', 'wangc101X', '8d969eef6ecad3c29a3a629280e686cf0c3f5d5a86aff3ca12020c923adc6c92', null, '2019-01-17 14:17:18', '1', '王超', '', null, '1', '11', '4', '一般', '', '一般');
INSERT INTO `sys_user` VALUES ('98', 'wuxc9743', '8d969eef6ecad3c29a3a629280e686cf0c3f5d5a86aff3ca12020c923adc6c92', null, '2019-01-17 14:17:23', '1', '吴小翠', '', null, '2', '2', '4', '一般', '', '一般');
INSERT INTO `sys_user` VALUES ('99', 'qianzh9066', '8d969eef6ecad3c29a3a629280e686cf0c3f5d5a86aff3ca12020c923adc6c92', null, '2019-01-17 14:18:13', '1', '钱舟浩', '', null, '1', '11', '4', '一般', '', '一般');
INSERT INTO `sys_user` VALUES ('100', 'qinxj3482', '91cbeb05033e7ff8ec239273844c907a0836f837f01e082240b358bbc672a467', null, '2019-01-17 14:18:21', '1', '秦晓佳', '', null, '2', '11', '4', '一般', '', '一般');
INSERT INTO `sys_user` VALUES ('101', 'cheny8244', '8d969eef6ecad3c29a3a629280e686cf0c3f5d5a86aff3ca12020c923adc6c92', null, '2019-01-17 14:19:07', '1', '陈银', '15349858936', null, '2', '11', null, '一般', '', '一般');
INSERT INTO `sys_user` VALUES ('102', 'zhaoqh0048', '8d969eef6ecad3c29a3a629280e686cf0c3f5d5a86aff3ca12020c923adc6c92', null, '2019-01-17 14:19:15', '1', '赵庆华', '', null, '2', '11', '4', '一般', '', '一般');
INSERT INTO `sys_user` VALUES ('103', 'wukh0178', '8d969eef6ecad3c29a3a629280e686cf0c3f5d5a86aff3ca12020c923adc6c92', null, '2019-01-17 14:20:27', '1', '吴可汗', '', null, '1', '11', '4', '一般', '', '一般');
INSERT INTO `sys_user` VALUES ('104', 'liangh0049', '8d969eef6ecad3c29a3a629280e686cf0c3f5d5a86aff3ca12020c923adc6c92', null, '2019-01-17 14:26:15', '1', '梁皓', '', null, '2', '13', '4', '一般', '', '一般');
INSERT INTO `sys_user` VALUES ('105', 'wangl4289', '8d969eef6ecad3c29a3a629280e686cf0c3f5d5a86aff3ca12020c923adc6c92', null, '2019-01-17 14:27:10', '1', '王蕾', '', null, '2', '7', '4', '一般', '', '一般');
INSERT INTO `sys_user` VALUES ('106', 'licf3722', '8d969eef6ecad3c29a3a629280e686cf0c3f5d5a86aff3ca12020c923adc6c92', null, '2019-01-17 14:28:10', '1', '李才芳', '', null, '2', '15', '4', '一般', '', '一般');
INSERT INTO `sys_user` VALUES ('107', 'xub2077', '8d969eef6ecad3c29a3a629280e686cf0c3f5d5a86aff3ca12020c923adc6c92', null, '2019-01-17 14:28:17', '1', '徐兵', '', null, '1', '21', '7', '一般', '', '一般');
INSERT INTO `sys_user` VALUES ('108', 'zhaodp7109', '8d969eef6ecad3c29a3a629280e686cf0c3f5d5a86aff3ca12020c923adc6c92', null, '2019-01-17 14:29:12', '1', '赵岱平', '', null, '1', '11', '7', '一般', '', '一般');
INSERT INTO `sys_user` VALUES ('109', 'wangwm0410', '8d969eef6ecad3c29a3a629280e686cf0c3f5d5a86aff3ca12020c923adc6c92', null, '2019-01-17 14:29:29', '1', '汪为民', '', null, '1', '21', '7', '一般', '', '一般');
INSERT INTO `sys_user` VALUES ('110', 'zhub2470', '8d969eef6ecad3c29a3a629280e686cf0c3f5d5a86aff3ca12020c923adc6c92', null, '2019-01-17 14:29:33', '1', '朱飙', '', null, '1', '21', '7', '一般', '', '一般');
INSERT INTO `sys_user` VALUES ('111', 'zougq5833', '8d969eef6ecad3c29a3a629280e686cf0c3f5d5a86aff3ca12020c923adc6c92', null, '2019-01-17 14:30:21', '1', '邹国强', '', null, '1', '21', '7', '一般', '', '一般');
INSERT INTO `sys_user` VALUES ('112', 'yuc2454', '8d969eef6ecad3c29a3a629280e686cf0c3f5d5a86aff3ca12020c923adc6c92', null, '2019-01-17 14:30:25', '1', '于传', '', null, '1', '13', '7', '一般', '', '一般');
INSERT INTO `sys_user` VALUES ('113', 'chikp4279', '8d969eef6ecad3c29a3a629280e686cf0c3f5d5a86aff3ca12020c923adc6c92', null, '2019-01-17 14:30:31', '1', '池坤鹏', '', null, '1', '15', '4', '一般', '', '一般');
INSERT INTO `sys_user` VALUES ('114', 'yanb1035', '8d969eef6ecad3c29a3a629280e686cf0c3f5d5a86aff3ca12020c923adc6c92', null, '2019-01-17 14:31:27', '1', '严波', '', null, '1', '11', '4', '一般', '', '一般');
INSERT INTO `sys_user` VALUES ('115', 'qinm3529', '8d969eef6ecad3c29a3a629280e686cf0c3f5d5a86aff3ca12020c923adc6c92', null, '2019-01-17 14:31:29', '1', '秦铭', '', null, '2', '15', '4', '一般', '', '一般');
INSERT INTO `sys_user` VALUES ('116', 'zuqm1087', '8d969eef6ecad3c29a3a629280e686cf0c3f5d5a86aff3ca12020c923adc6c92', null, '2019-01-17 14:31:40', '1', '祖全民', '', null, '1', '2', '7', '一般', '', '一般');
INSERT INTO `sys_user` VALUES ('117', 'shiyp2044', '8d969eef6ecad3c29a3a629280e686cf0c3f5d5a86aff3ca12020c923adc6c92', null, '2019-01-17 14:32:13', '1', '施逸萍', '', null, '2', '15', '4', '一般', '', '一般');
INSERT INTO `sys_user` VALUES ('118', 'xuh01', '8d969eef6ecad3c29a3a629280e686cf0c3f5d5a86aff3ca12020c923adc6c92', null, '2019-01-17 14:32:19', '1', '徐华', '', null, '2', '11', '4', '一般', '', '一般');
INSERT INTO `sys_user` VALUES ('119', 'wangxj7018', '8d969eef6ecad3c29a3a629280e686cf0c3f5d5a86aff3ca12020c923adc6c92', null, '2019-01-17 14:32:47', '1', '王晓军', '', null, '2', '9', '7', '一般', '', '一般');
INSERT INTO `sys_user` VALUES ('120', 'sundx1013', '8d969eef6ecad3c29a3a629280e686cf0c3f5d5a86aff3ca12020c923adc6c92', null, '2019-01-17 14:33:18', '1', '孙大昕', '', null, '1', '15', '7', '一般', '', '一般');
INSERT INTO `sys_user` VALUES ('121', 'wangty0847', '8d969eef6ecad3c29a3a629280e686cf0c3f5d5a86aff3ca12020c923adc6c92', null, '2019-01-17 14:33:33', '1', '王体英', '', null, '2', '9', '4', '一般', '', '一般');
INSERT INTO `sys_user` VALUES ('122', 'tiany3928', '8d969eef6ecad3c29a3a629280e686cf0c3f5d5a86aff3ca12020c923adc6c92', null, '2019-01-17 14:33:51', '1', '田彦', '', null, '2', '11', '4', '一般', '', '一般');
INSERT INTO `sys_user` VALUES ('123', 'liuwm7036', '8d969eef6ecad3c29a3a629280e686cf0c3f5d5a86aff3ca12020c923adc6c92', null, '2019-01-17 14:34:03', '1', '刘维民', '', null, '1', '21', '7', '一般', '', '一般');
INSERT INTO `sys_user` VALUES ('124', 'niuj1536', '8d969eef6ecad3c29a3a629280e686cf0c3f5d5a86aff3ca12020c923adc6c92', null, '2019-01-17 14:34:34', '1', '牛军', '', null, '1', '9', '4', '一般', '', '一般');
INSERT INTO `sys_user` VALUES ('125', 'miaoq1016', '8d969eef6ecad3c29a3a629280e686cf0c3f5d5a86aff3ca12020c923adc6c92', null, '2019-01-17 14:34:47', '1', '苗擎', '', null, '1', '21', '7', '一般', '', '一般');
INSERT INTO `sys_user` VALUES ('126', 'maj1324', '8d969eef6ecad3c29a3a629280e686cf0c3f5d5a86aff3ca12020c923adc6c92', null, '2019-01-17 14:34:48', '1', '马娟', '', null, '2', '13', '1', '一般', '', '一般');
INSERT INTO `sys_user` VALUES ('127', 'ful7016', '8d969eef6ecad3c29a3a629280e686cf0c3f5d5a86aff3ca12020c923adc6c92', null, '2019-01-17 14:35:32', '1', '傅律', '', null, '1', '19', '7', '一般', '', '一般');
INSERT INTO `sys_user` VALUES ('128', 'zhouwn0016', '8d969eef6ecad3c29a3a629280e686cf0c3f5d5a86aff3ca12020c923adc6c92', null, '2019-01-17 14:35:33', '1', '周伟农', '', null, '1', '9', '7', '一般', '', '一般');
INSERT INTO `sys_user` VALUES ('129', 'hedd9887', '8d969eef6ecad3c29a3a629280e686cf0c3f5d5a86aff3ca12020c923adc6c92', null, '2019-01-17 14:36:07', '1', '贺丹丹', '', null, '2', '11', '4', '一般', '', '一般');
INSERT INTO `sys_user` VALUES ('130', 'liyb2027', '8d969eef6ecad3c29a3a629280e686cf0c3f5d5a86aff3ca12020c923adc6c92', null, '2019-01-17 14:36:10', '1', '李燕白', '', null, '2', '19', '4', '一般', '', '一般');
INSERT INTO `sys_user` VALUES ('131', 'guoh2041', '8d969eef6ecad3c29a3a629280e686cf0c3f5d5a86aff3ca12020c923adc6c92', null, '2019-01-17 14:36:12', '1', '郭红', '', null, '2', '9', '7', '一般', '', '一般');
INSERT INTO `sys_user` VALUES ('132', 'fangxl1053', '8d969eef6ecad3c29a3a629280e686cf0c3f5d5a86aff3ca12020c923adc6c92', null, '2019-01-17 14:36:53', '1', '房雪雷', '', null, '1', '11', '4', '一般', '', '一般');
INSERT INTO `sys_user` VALUES ('133', 'chena2030', '8d969eef6ecad3c29a3a629280e686cf0c3f5d5a86aff3ca12020c923adc6c92', null, '2019-01-17 14:37:00', '1', '陈安', '', null, '1', '9', '7', '一般', '', '一般');
INSERT INTO `sys_user` VALUES ('134', 'oumh1522', '8d969eef6ecad3c29a3a629280e686cf0c3f5d5a86aff3ca12020c923adc6c92', null, '2019-01-17 14:37:22', '1', '欧明璜', '', null, '2', '19', '4', '一般', '', '一般');
INSERT INTO `sys_user` VALUES ('135', 'zhangj2017', '8d969eef6ecad3c29a3a629280e686cf0c3f5d5a86aff3ca12020c923adc6c92', null, '2019-01-17 14:37:42', '1', '张进', '', null, '1', '9', '7', '一般', '', '一般');
INSERT INTO `sys_user` VALUES ('136', 'douxl4025', '8d969eef6ecad3c29a3a629280e686cf0c3f5d5a86aff3ca12020c923adc6c92', null, '2019-01-17 14:37:48', '1', '都小利', '', null, '2', '11', '4', '一般', '', '一般');
INSERT INTO `sys_user` VALUES ('137', 'yand2011', '8d969eef6ecad3c29a3a629280e686cf0c3f5d5a86aff3ca12020c923adc6c92', null, '2019-01-17 14:38:03', '1', '闫达', '', null, '1', '19', '4', '一般', '', '一般');
INSERT INTO `sys_user` VALUES ('138', 'luf2015', '8d969eef6ecad3c29a3a629280e686cf0c3f5d5a86aff3ca12020c923adc6c92', null, '2019-01-17 14:38:18', '1', '陆峰', '', null, '1', '12', '7', '一般', '', '一般');
INSERT INTO `sys_user` VALUES ('139', 'raob2021', '8d969eef6ecad3c29a3a629280e686cf0c3f5d5a86aff3ca12020c923adc6c92', null, '2019-01-17 14:38:28', '1', '饶冰', '', null, '2', '11', '4', '一般', '', '一般');
INSERT INTO `sys_user` VALUES ('140', 'zhangdy0027', '8d969eef6ecad3c29a3a629280e686cf0c3f5d5a86aff3ca12020c923adc6c92', null, '2019-01-17 14:38:46', '1', '张丹玉', '', null, '2', '19', '4', '一般', '', '一般');
INSERT INTO `sys_user` VALUES ('141', 'yangf2014', '8d969eef6ecad3c29a3a629280e686cf0c3f5d5a86aff3ca12020c923adc6c92', null, '2019-01-17 14:38:56', '1', '杨帆', '', null, '1', '9', '4', '一般', '', '一般');
INSERT INTO `sys_user` VALUES ('142', 'meixx1247', 'efe1637fdc4a2ce3f1b99e46ac9e447e48be9431ae388a4f9d6ae2596180b270', null, '2019-01-17 14:39:04', '1', '梅喜雪', '', null, '2', '11', '4', '一般', '', '一般');
INSERT INTO `sys_user` VALUES ('143', 'haom0023', '8d969eef6ecad3c29a3a629280e686cf0c3f5d5a86aff3ca12020c923adc6c92', null, '2019-01-17 14:39:35', '1', '郝敏', '', null, '2', '2', '4', '一般', '', '一般');
INSERT INTO `sys_user` VALUES ('144', 'maly0220', '8d969eef6ecad3c29a3a629280e686cf0c3f5d5a86aff3ca12020c923adc6c92', null, '2019-01-17 14:39:41', '1', '马璐瑶', '', null, '2', '11', '4', '一般', '', '一般');
INSERT INTO `sys_user` VALUES ('145', 'wuyc7315', '8d969eef6ecad3c29a3a629280e686cf0c3f5d5a86aff3ca12020c923adc6c92', null, '2019-01-17 14:39:43', '1', '吴义纯', '', null, '1', '11', '7', '一般', '', '一般');
INSERT INTO `sys_user` VALUES ('146', 'luy205x', '8d969eef6ecad3c29a3a629280e686cf0c3f5d5a86aff3ca12020c923adc6c92', null, '2019-01-17 14:40:14', '1', '陆宇', '', null, '1', '2', '4', '一般', '', '一般');
INSERT INTO `sys_user` VALUES ('147', 'wuq0436', '8d969eef6ecad3c29a3a629280e686cf0c3f5d5a86aff3ca12020c923adc6c92', null, '2019-01-17 14:40:17', '1', '吴琦', '', null, '1', '11', '7', '一般', '', '一般');
INSERT INTO `sys_user` VALUES ('148', 'lubm0935', '8d969eef6ecad3c29a3a629280e686cf0c3f5d5a86aff3ca12020c923adc6c92', null, '2019-01-17 14:40:19', '1', '卢帮明', '', null, '1', '11', '4', '一般', '', '一般');
INSERT INTO `sys_user` VALUES ('149', 'qigl1627', '8d969eef6ecad3c29a3a629280e686cf0c3f5d5a86aff3ca12020c923adc6c92', null, '2019-01-17 14:40:51', '1', '祁甘露', '', null, '2', '2', '4', '一般', '', '一般');
INSERT INTO `sys_user` VALUES ('150', 'jiangr0021', '8d969eef6ecad3c29a3a629280e686cf0c3f5d5a86aff3ca12020c923adc6c92', null, '2019-01-17 14:41:01', '1', '姜睿', '', null, '2', '11', '4', '一般', '', '一般');
INSERT INTO `sys_user` VALUES ('151', 'menfy2226', 'f0b5389426e9acb0d25017947ae5491df9d78575cacb587a6f11dac1f3f18890', null, '2019-01-17 14:41:09', '1', '门富媛', '', null, '2', '11', '4', '一般', '', '一般');
INSERT INTO `sys_user` VALUES ('152', 'sul0018', '8d969eef6ecad3c29a3a629280e686cf0c3f5d5a86aff3ca12020c923adc6c92', null, '2019-01-17 14:41:32', '1', '苏罗', '', null, '1', '12', '4', '一般', '', '一般');
INSERT INTO `sys_user` VALUES ('153', 'huangj00401', '8d969eef6ecad3c29a3a629280e686cf0c3f5d5a86aff3ca12020c923adc6c92', null, '2019-01-17 14:41:43', '1', '黄洁', '', null, '2', '11', '4', '一般', '', '一般');
INSERT INTO `sys_user` VALUES ('154', 'yaoff0043', '8d969eef6ecad3c29a3a629280e686cf0c3f5d5a86aff3ca12020c923adc6c92', null, '2019-01-17 14:41:52', '1', '姚方方', '', null, '1', '7', '7', '一般', '', '一般');
INSERT INTO `sys_user` VALUES ('155', 'wangj3417', '8d969eef6ecad3c29a3a629280e686cf0c3f5d5a86aff3ca12020c923adc6c92', null, '2019-01-17 14:45:01', '1', '王军', '', null, '1', '22', '4', '一般', '', '一般');
INSERT INTO `sys_user` VALUES ('156', 'yef1540', '8d969eef6ecad3c29a3a629280e686cf0c3f5d5a86aff3ca12020c923adc6c92', null, '2019-01-17 14:45:46', '1', '叶斐', '', null, '2', '2', '7', '一般', '', '一般');
INSERT INTO `sys_user` VALUES ('157', 'zhangyl0044', '8d969eef6ecad3c29a3a629280e686cf0c3f5d5a86aff3ca12020c923adc6c92', null, '2019-01-17 14:46:38', '1', '张一玲', '', null, '2', '2', '4', '一般', '', '一般');
INSERT INTO `sys_user` VALUES ('158', 'haohm2546', '8d969eef6ecad3c29a3a629280e686cf0c3f5d5a86aff3ca12020c923adc6c92', null, '2019-01-17 14:47:46', '1', '郝红梅', '', null, '2', '3', '4', '一般', '', '一般');
INSERT INTO `sys_user` VALUES ('159', 'huangxh2027', '8d969eef6ecad3c29a3a629280e686cf0c3f5d5a86aff3ca12020c923adc6c92', null, '2019-01-17 14:48:52', '1', '黄晓华', '', null, '2', '3', '4', '一般', '', '一般');
INSERT INTO `sys_user` VALUES ('160', 'SUNCH2067', '8d969eef6ecad3c29a3a629280e686cf0c3f5d5a86aff3ca12020c923adc6c92', null, '2019-01-17 14:49:37', '1', '孙春晖', '13956973939', null, '2', '3', null, '一般', '', '一般');
INSERT INTO `sys_user` VALUES ('161', 'wangf1019', '8d969eef6ecad3c29a3a629280e686cf0c3f5d5a86aff3ca12020c923adc6c92', null, '2019-01-17 14:50:15', '1', '王锋', '', null, '1', '3', '4', '一般', '', '一般');
INSERT INTO `sys_user` VALUES ('162', 'wangh2104', '8d969eef6ecad3c29a3a629280e686cf0c3f5d5a86aff3ca12020c923adc6c92', null, '2019-01-17 14:50:50', '1', '汪桦', '13866109700', null, '2', '3', null, '一般', '', '一般');
INSERT INTO `sys_user` VALUES ('163', 'wangxw1025', '8d969eef6ecad3c29a3a629280e686cf0c3f5d5a86aff3ca12020c923adc6c92', null, '2019-01-17 14:51:40', '1', '王祥薇', '', null, '2', '3', '7', '一般', '', '一般');
INSERT INTO `sys_user` VALUES ('164', 'huangjs1413', '8d969eef6ecad3c29a3a629280e686cf0c3f5d5a86aff3ca12020c923adc6c92', null, '2019-01-17 14:52:24', '1', '黄劲松', '', null, '1', '9', '7', '一般', '', '一般');
INSERT INTO `sys_user` VALUES ('165', 'huw2012', '8d969eef6ecad3c29a3a629280e686cf0c3f5d5a86aff3ca12020c923adc6c92', null, '2019-01-17 14:53:23', '1', '胡炜', '13965029328', null, '1', '12', null, '一般', '', '一般');
INSERT INTO `sys_user` VALUES ('166', 'chengl1051', '8d969eef6ecad3c29a3a629280e686cf0c3f5d5a86aff3ca12020c923adc6c92', null, '2019-01-17 14:54:05', '1', '程琳', '13955169925', null, '1', '7', null, '一般', '', '一般');
INSERT INTO `sys_user` VALUES ('167', 'xux2028', '8d969eef6ecad3c29a3a629280e686cf0c3f5d5a86aff3ca12020c923adc6c92', null, '2019-01-17 14:54:45', '1', '徐鑫', '15375427610', null, '2', '7', null, '一般', '', '一般');
INSERT INTO `sys_user` VALUES ('168', 'guojg1093', '8d969eef6ecad3c29a3a629280e686cf0c3f5d5a86aff3ca12020c923adc6c92', null, '2019-01-17 14:54:53', '1', '郭继刚', '', null, '1', '13', '4', '一般', '', '一般');
INSERT INTO `sys_user` VALUES ('169', 'wanglp2022', '8d969eef6ecad3c29a3a629280e686cf0c3f5d5a86aff3ca12020c923adc6c92', null, '2019-01-17 14:55:25', '1', '汪丽萍', '15855118902', null, '2', '7', null, '一般', '', '一般');
INSERT INTO `sys_user` VALUES ('170', 'huy1222', 'dc98e82fcfb4b165f5fa390d5ca61a9245a5be6ea70a4f00020ddff029afefba', null, '2019-01-17 14:55:33', '1', '胡燕', '13083055080', null, '2', '13', null, '一般', '', '一般');
INSERT INTO `sys_user` VALUES ('171', 'tangy1517', '8d969eef6ecad3c29a3a629280e686cf0c3f5d5a86aff3ca12020c923adc6c92', null, '2019-01-17 14:56:05', '1', '唐毅', '13956959490', null, '1', '7', null, '一般', '', '一般');
INSERT INTO `sys_user` VALUES ('172', 'luoh1025', '8d969eef6ecad3c29a3a629280e686cf0c3f5d5a86aff3ca12020c923adc6c92', null, '2019-01-17 14:56:23', '1', '罗慧', '15955144726', null, '2', '13', null, '一般', '', '一般');
INSERT INTO `sys_user` VALUES ('173', 'panj2091', '8d969eef6ecad3c29a3a629280e686cf0c3f5d5a86aff3ca12020c923adc6c92', null, '2019-01-17 14:56:40', '1', '潘杰', '13349098586', null, '1', '7', null, '一般', '', '一般');
INSERT INTO `sys_user` VALUES ('174', 'qinxw0414', '8d969eef6ecad3c29a3a629280e686cf0c3f5d5a86aff3ca12020c923adc6c92', null, '2019-01-17 14:57:13', '1', '秦小唯', '13956044120', null, '1', '13', null, '一般', '', '一般');
INSERT INTO `sys_user` VALUES ('175', 'liws4505', '8d969eef6ecad3c29a3a629280e686cf0c3f5d5a86aff3ca12020c923adc6c92', null, '2019-01-17 14:57:47', '1', '李文胜', '13053060881', null, '1', '7', null, '一般', '', '一般');
INSERT INTO `sys_user` VALUES ('176', 'shenb1053', '8d969eef6ecad3c29a3a629280e686cf0c3f5d5a86aff3ca12020c923adc6c92', null, '2019-01-17 14:57:59', '1', '沈波', '', null, '1', '13', '4', '一般', '', '一般');
INSERT INTO `sys_user` VALUES ('177', 'liuyy2028', '8d969eef6ecad3c29a3a629280e686cf0c3f5d5a86aff3ca12020c923adc6c92', null, '2019-01-17 14:58:31', '1', '刘颖瑜', '15855118736', null, '2', '7', null, '一般', '', '一般');
INSERT INTO `sys_user` VALUES ('178', 'wangj1019', '8d969eef6ecad3c29a3a629280e686cf0c3f5d5a86aff3ca12020c923adc6c92', null, '2019-01-17 14:58:36', '1', '王劼', '', null, '1', '13', '7', '一般', '', '一般');
INSERT INTO `sys_user` VALUES ('179', 'huyc1076', '8d969eef6ecad3c29a3a629280e686cf0c3f5d5a86aff3ca12020c923adc6c92', null, '2019-01-17 14:59:26', '1', '胡亚春', '', null, '1', '19', '4', '一般', '', '一般');
INSERT INTO `sys_user` VALUES ('180', 'zhanghf4950', '8d969eef6ecad3c29a3a629280e686cf0c3f5d5a86aff3ca12020c923adc6c92', null, '2019-01-17 14:59:29', '1', '张红飞', '13956016989', null, '1', '13', null, '一般', '', '一般');
INSERT INTO `sys_user` VALUES ('181', 'zhangls2032', '8d969eef6ecad3c29a3a629280e686cf0c3f5d5a86aff3ca12020c923adc6c92', null, '2019-01-17 15:00:16', '1', '章力生', '', null, '1', '13', '1', '一般', '', '一般');
INSERT INTO `sys_user` VALUES ('182', 'zhangy1044', '8d969eef6ecad3c29a3a629280e686cf0c3f5d5a86aff3ca12020c923adc6c92', null, '2019-01-17 15:01:00', '1', '张燕', '13855154493', null, '2', '13', null, '一般', '', '一般');
INSERT INTO `sys_user` VALUES ('183', 'hep701x', '8d969eef6ecad3c29a3a629280e686cf0c3f5d5a86aff3ca12020c923adc6c92', null, '2019-01-17 15:01:42', '1', '何鹏', '', null, '1', '18', '4', '一般', '', '一般');
INSERT INTO `sys_user` VALUES ('184', 'zhanghz0012', '8d969eef6ecad3c29a3a629280e686cf0c3f5d5a86aff3ca12020c923adc6c92', null, '2019-01-17 15:02:26', '1', '张惠忠', '', null, '1', '5', '4', '一般', '', '一般');
INSERT INTO `sys_user` VALUES ('185', 'zhuz2038', '8d969eef6ecad3c29a3a629280e686cf0c3f5d5a86aff3ca12020c923adc6c92', null, '2019-01-17 15:03:12', '1', '朱志', '13865803540', null, '1', '6', null, '一般', '', '一般');
INSERT INTO `sys_user` VALUES ('186', 'niuj2038', '8d969eef6ecad3c29a3a629280e686cf0c3f5d5a86aff3ca12020c923adc6c92', null, '2019-01-17 15:03:51', '1', '牛牮', '', null, '1', '17', '4', '一般', '', '一般');
INSERT INTO `sys_user` VALUES ('187', 'chenwg1037', '8d969eef6ecad3c29a3a629280e686cf0c3f5d5a86aff3ca12020c923adc6c92', null, '2019-01-17 15:04:31', '1', '陈维国', '13966687796', null, '1', '10', null, '一般', '', '一般');
INSERT INTO `sys_user` VALUES ('188', 'duk7937', '8d969eef6ecad3c29a3a629280e686cf0c3f5d5a86aff3ca12020c923adc6c92', null, '2019-01-17 15:05:10', '1', '杜康', '15005519328', null, '1', '10', null, '一般', '', '一般');
INSERT INTO `sys_user` VALUES ('189', 'wangh102x', '8d969eef6ecad3c29a3a629280e686cf0c3f5d5a86aff3ca12020c923adc6c92', null, '2019-01-17 15:05:47', '1', '王华', '13855142863', null, '2', '10', null, '一般', '', '一般');
INSERT INTO `sys_user` VALUES ('190', 'fanglb2014', '8d969eef6ecad3c29a3a629280e686cf0c3f5d5a86aff3ca12020c923adc6c92', null, '2019-01-17 15:06:27', '1', '方利宝', '13505609497', null, '1', '7', null, '一般', '', '一般');
INSERT INTO `sys_user` VALUES ('191', 'mj', '1c1694cc0229c66fb3261ebbb825e1a5315d85827deef76a4a0221c3a7000f4f', null, '2019-01-17 16:14:29', '1', '马娟', '15905693245', null, '2', '13', '1', '一般', '', '一般');
INSERT INTO `sys_user` VALUES ('192', 'hflzds', '8d969eef6ecad3c29a3a629280e686cf0c3f5d5a86aff3ca12020c923adc6c92', null, '2019-06-25 13:31:56', '1', '红枫路招待所', '', null, '2', '13', '5', '红枫路招待所', '', '前台');
INSERT INTO `sys_user` VALUES ('193', 'hflst', '8d969eef6ecad3c29a3a629280e686cf0c3f5d5a86aff3ca12020c923adc6c92', null, '2019-06-25 13:39:43', '1', '红枫路食堂', '', null, '2', '9', '5', '红枫路食堂', '', '食堂');
INSERT INTO `sys_user` VALUES ('194', 'chenm6634', '3a267d193560cae9c69df4cdfb1824036c97127c271d88401735a4dda919424f', null, '2019-06-27 17:43:19', '1', '陈猛', '', null, '1', '13', '1', '一般', '', '一般');
INSERT INTO `sys_user` VALUES ('195', 'yangsc0412', '8d969eef6ecad3c29a3a629280e686cf0c3f5d5a86aff3ca12020c923adc6c92', null, '2019-06-28 10:24:52', '1', '杨胜春', '13955144700', null, '1', '6', '4', '一般', '', '一般');

-- ----------------------------
-- Table structure for `sys_user_role`
-- ----------------------------
DROP TABLE IF EXISTS `sys_user_role`;
CREATE TABLE `sys_user_role` (
  `id` int(11) NOT NULL AUTO_INCREMENT COMMENT '主键',
  `user_id` int(11) NOT NULL COMMENT '用户ID',
  `role_id` bigint(20) NOT NULL COMMENT '角色ID',
  PRIMARY KEY (`id`) USING BTREE
) ENGINE=InnoDB AUTO_INCREMENT=195 DEFAULT CHARSET=utf8 ROW_FORMAT=COMPACT COMMENT='用户角色表';

-- ----------------------------
-- Records of sys_user_role
-- ----------------------------
INSERT INTO `sys_user_role` VALUES ('71', '82', '1');
INSERT INTO `sys_user_role` VALUES ('72', '83', '4');
INSERT INTO `sys_user_role` VALUES ('74', '85', '6');
INSERT INTO `sys_user_role` VALUES ('75', '86', '5');
INSERT INTO `sys_user_role` VALUES ('76', '84', '5');
INSERT INTO `sys_user_role` VALUES ('78', '1', '3');
INSERT INTO `sys_user_role` VALUES ('79', '87', '4');
INSERT INTO `sys_user_role` VALUES ('80', '89', '1');
INSERT INTO `sys_user_role` VALUES ('81', '86', '3');
INSERT INTO `sys_user_role` VALUES ('82', '87', '4');
INSERT INTO `sys_user_role` VALUES ('83', '88', '4');
INSERT INTO `sys_user_role` VALUES ('84', '89', '4');
INSERT INTO `sys_user_role` VALUES ('85', '90', '4');
INSERT INTO `sys_user_role` VALUES ('86', '91', '4');
INSERT INTO `sys_user_role` VALUES ('87', '92', '4');
INSERT INTO `sys_user_role` VALUES ('88', '93', '7');
INSERT INTO `sys_user_role` VALUES ('89', '94', '7');
INSERT INTO `sys_user_role` VALUES ('90', '95', '7');
INSERT INTO `sys_user_role` VALUES ('91', '96', '4');
INSERT INTO `sys_user_role` VALUES ('92', '97', '4');
INSERT INTO `sys_user_role` VALUES ('93', '98', '4');
INSERT INTO `sys_user_role` VALUES ('94', '99', '4');
INSERT INTO `sys_user_role` VALUES ('95', '100', '4');
INSERT INTO `sys_user_role` VALUES ('96', '101', '4');
INSERT INTO `sys_user_role` VALUES ('97', '102', '4');
INSERT INTO `sys_user_role` VALUES ('98', '103', '4');
INSERT INTO `sys_user_role` VALUES ('99', '104', '4');
INSERT INTO `sys_user_role` VALUES ('100', '105', '4');
INSERT INTO `sys_user_role` VALUES ('101', '106', '4');
INSERT INTO `sys_user_role` VALUES ('102', '107', '7');
INSERT INTO `sys_user_role` VALUES ('103', '108', '7');
INSERT INTO `sys_user_role` VALUES ('104', '109', '7');
INSERT INTO `sys_user_role` VALUES ('105', '110', '7');
INSERT INTO `sys_user_role` VALUES ('106', '111', '7');
INSERT INTO `sys_user_role` VALUES ('107', '112', '7');
INSERT INTO `sys_user_role` VALUES ('108', '113', '4');
INSERT INTO `sys_user_role` VALUES ('109', '114', '4');
INSERT INTO `sys_user_role` VALUES ('110', '115', '4');
INSERT INTO `sys_user_role` VALUES ('111', '116', '7');
INSERT INTO `sys_user_role` VALUES ('112', '117', '4');
INSERT INTO `sys_user_role` VALUES ('113', '118', '4');
INSERT INTO `sys_user_role` VALUES ('114', '119', '7');
INSERT INTO `sys_user_role` VALUES ('115', '120', '7');
INSERT INTO `sys_user_role` VALUES ('116', '121', '4');
INSERT INTO `sys_user_role` VALUES ('117', '122', '4');
INSERT INTO `sys_user_role` VALUES ('118', '123', '7');
INSERT INTO `sys_user_role` VALUES ('119', '124', '4');
INSERT INTO `sys_user_role` VALUES ('120', '125', '7');
INSERT INTO `sys_user_role` VALUES ('122', '127', '7');
INSERT INTO `sys_user_role` VALUES ('123', '128', '7');
INSERT INTO `sys_user_role` VALUES ('124', '129', '4');
INSERT INTO `sys_user_role` VALUES ('125', '130', '4');
INSERT INTO `sys_user_role` VALUES ('126', '131', '7');
INSERT INTO `sys_user_role` VALUES ('127', '132', '4');
INSERT INTO `sys_user_role` VALUES ('128', '133', '7');
INSERT INTO `sys_user_role` VALUES ('129', '134', '4');
INSERT INTO `sys_user_role` VALUES ('130', '135', '7');
INSERT INTO `sys_user_role` VALUES ('131', '136', '4');
INSERT INTO `sys_user_role` VALUES ('132', '137', '4');
INSERT INTO `sys_user_role` VALUES ('133', '138', '7');
INSERT INTO `sys_user_role` VALUES ('134', '139', '4');
INSERT INTO `sys_user_role` VALUES ('135', '140', '4');
INSERT INTO `sys_user_role` VALUES ('136', '141', '4');
INSERT INTO `sys_user_role` VALUES ('137', '142', '4');
INSERT INTO `sys_user_role` VALUES ('138', '143', '4');
INSERT INTO `sys_user_role` VALUES ('139', '144', '4');
INSERT INTO `sys_user_role` VALUES ('140', '145', '7');
INSERT INTO `sys_user_role` VALUES ('141', '146', '4');
INSERT INTO `sys_user_role` VALUES ('142', '147', '7');
INSERT INTO `sys_user_role` VALUES ('143', '148', '4');
INSERT INTO `sys_user_role` VALUES ('144', '149', '4');
INSERT INTO `sys_user_role` VALUES ('145', '150', '4');
INSERT INTO `sys_user_role` VALUES ('146', '151', '4');
INSERT INTO `sys_user_role` VALUES ('147', '152', '4');
INSERT INTO `sys_user_role` VALUES ('148', '153', '4');
INSERT INTO `sys_user_role` VALUES ('149', '154', '7');
INSERT INTO `sys_user_role` VALUES ('150', '155', '4');
INSERT INTO `sys_user_role` VALUES ('151', '156', '7');
INSERT INTO `sys_user_role` VALUES ('152', '157', '4');
INSERT INTO `sys_user_role` VALUES ('153', '158', '4');
INSERT INTO `sys_user_role` VALUES ('154', '159', '4');
INSERT INTO `sys_user_role` VALUES ('155', '160', '4');
INSERT INTO `sys_user_role` VALUES ('156', '161', '4');
INSERT INTO `sys_user_role` VALUES ('157', '162', '4');
INSERT INTO `sys_user_role` VALUES ('158', '163', '7');
INSERT INTO `sys_user_role` VALUES ('159', '164', '7');
INSERT INTO `sys_user_role` VALUES ('160', '165', '4');
INSERT INTO `sys_user_role` VALUES ('161', '166', '7');
INSERT INTO `sys_user_role` VALUES ('162', '167', '4');
INSERT INTO `sys_user_role` VALUES ('163', '168', '4');
INSERT INTO `sys_user_role` VALUES ('164', '169', '4');
INSERT INTO `sys_user_role` VALUES ('165', '170', '4');
INSERT INTO `sys_user_role` VALUES ('166', '171', '4');
INSERT INTO `sys_user_role` VALUES ('167', '172', '4');
INSERT INTO `sys_user_role` VALUES ('168', '173', '4');
INSERT INTO `sys_user_role` VALUES ('169', '174', '4');
INSERT INTO `sys_user_role` VALUES ('171', '176', '4');
INSERT INTO `sys_user_role` VALUES ('172', '177', '4');
INSERT INTO `sys_user_role` VALUES ('173', '178', '7');
INSERT INTO `sys_user_role` VALUES ('174', '179', '4');
INSERT INTO `sys_user_role` VALUES ('175', '180', '7');
INSERT INTO `sys_user_role` VALUES ('176', '181', '1');
INSERT INTO `sys_user_role` VALUES ('177', '182', '1');
INSERT INTO `sys_user_role` VALUES ('178', '183', '4');
INSERT INTO `sys_user_role` VALUES ('179', '184', '4');
INSERT INTO `sys_user_role` VALUES ('180', '185', '4');
INSERT INTO `sys_user_role` VALUES ('181', '186', '4');
INSERT INTO `sys_user_role` VALUES ('182', '187', '7');
INSERT INTO `sys_user_role` VALUES ('183', '188', '4');
INSERT INTO `sys_user_role` VALUES ('184', '189', '4');
INSERT INTO `sys_user_role` VALUES ('185', '190', '7');
INSERT INTO `sys_user_role` VALUES ('187', '191', '3');
INSERT INTO `sys_user_role` VALUES ('188', '192', '5');
INSERT INTO `sys_user_role` VALUES ('190', '193', '6');
INSERT INTO `sys_user_role` VALUES ('191', '194', '1');
INSERT INTO `sys_user_role` VALUES ('192', '175', '4');
INSERT INTO `sys_user_role` VALUES ('193', '126', '4');
INSERT INTO `sys_user_role` VALUES ('194', '195', '4');

-- ----------------------------
-- Table structure for `teacher_card`
-- ----------------------------
DROP TABLE IF EXISTS `teacher_card`;
CREATE TABLE `teacher_card` (
  `id` int(255) NOT NULL AUTO_INCREMENT COMMENT '主键',
  `number` varchar(64) NOT NULL COMMENT '流水号',
  `teacher` varchar(255) DEFAULT '' COMMENT '教师姓名',
  `time` varchar(255) DEFAULT NULL COMMENT '流水号绑定时间',
  PRIMARY KEY (`id`) USING BTREE
) ENGINE=InnoDB AUTO_INCREMENT=212 DEFAULT CHARSET=utf8 ROW_FORMAT=COMPACT COMMENT='教师证流水号表';

-- ----------------------------
-- Records of teacher_card
-- ----------------------------
INSERT INTO `teacher_card` VALUES ('1', '90016677', '教师5', '2019-01-24 12:13:17');
INSERT INTO `teacher_card` VALUES ('2', '90026516', '教师3', '2019-01-23 11:21:14');
INSERT INTO `teacher_card` VALUES ('3', '90036966', '教师4', '2019-01-24 09:34:29');
INSERT INTO `teacher_card` VALUES ('4', '90048968', '教师1', '2019-01-18 17:26:03');
INSERT INTO `teacher_card` VALUES ('5', '90052170', '教师2', '2019-01-17 16:44:47');
INSERT INTO `teacher_card` VALUES ('6', '90065732', '教师121', '2019-01-17 16:46:59');
INSERT INTO `teacher_card` VALUES ('7', '90072536', '教师3', '2019-01-24 12:09:51');
INSERT INTO `teacher_card` VALUES ('8', '90086778', null, null);
INSERT INTO `teacher_card` VALUES ('9', '90091914', null, null);
INSERT INTO `teacher_card` VALUES ('10', '90107999', null, null);
INSERT INTO `teacher_card` VALUES ('11', '90012795', null, null);
INSERT INTO `teacher_card` VALUES ('12', '90014343', null, null);
INSERT INTO `teacher_card` VALUES ('13', '90027400', null, null);
INSERT INTO `teacher_card` VALUES ('14', '90035038', null, null);
INSERT INTO `teacher_card` VALUES ('15', '90041048', null, null);
INSERT INTO `teacher_card` VALUES ('16', '90059437', null, null);
INSERT INTO `teacher_card` VALUES ('17', '90067601', null, null);
INSERT INTO `teacher_card` VALUES ('18', '90074498', null, null);
INSERT INTO `teacher_card` VALUES ('19', '90084048', null, null);
INSERT INTO `teacher_card` VALUES ('20', '90097830', null, null);
INSERT INTO `teacher_card` VALUES ('21', '90109017', null, null);
INSERT INTO `teacher_card` VALUES ('22', '90116845', null, null);
INSERT INTO `teacher_card` VALUES ('23', '90124674', null, null);
INSERT INTO `teacher_card` VALUES ('24', '90132385', null, null);
INSERT INTO `teacher_card` VALUES ('25', '90148393', null, null);
INSERT INTO `teacher_card` VALUES ('26', '90156971', null, null);
INSERT INTO `teacher_card` VALUES ('27', '90161724', null, null);
INSERT INTO `teacher_card` VALUES ('28', '90176029', null, null);
INSERT INTO `teacher_card` VALUES ('29', '90188981', null, null);
INSERT INTO `teacher_card` VALUES ('30', '90193166', null, null);
INSERT INTO `teacher_card` VALUES ('31', '90203397', null, null);
INSERT INTO `teacher_card` VALUES ('32', '90214838', null, null);
INSERT INTO `teacher_card` VALUES ('33', '90228460', null, null);
INSERT INTO `teacher_card` VALUES ('34', '90234680', null, null);
INSERT INTO `teacher_card` VALUES ('35', '90243355', null, null);
INSERT INTO `teacher_card` VALUES ('36', '90251630', null, null);
INSERT INTO `teacher_card` VALUES ('37', '90267970', null, null);
INSERT INTO `teacher_card` VALUES ('38', '90277675', null, null);
INSERT INTO `teacher_card` VALUES ('39', '90288301', null, null);
INSERT INTO `teacher_card` VALUES ('40', '90296103', null, null);
INSERT INTO `teacher_card` VALUES ('41', '90301594', null, null);
INSERT INTO `teacher_card` VALUES ('42', '90313341', null, null);
INSERT INTO `teacher_card` VALUES ('43', '90324580', null, null);
INSERT INTO `teacher_card` VALUES ('44', '90332450', null, null);
INSERT INTO `teacher_card` VALUES ('45', '90346748', null, null);
INSERT INTO `teacher_card` VALUES ('46', '90352835', null, null);
INSERT INTO `teacher_card` VALUES ('47', '90361086', null, null);
INSERT INTO `teacher_card` VALUES ('48', '90379566', null, null);
INSERT INTO `teacher_card` VALUES ('49', '90382576', null, null);
INSERT INTO `teacher_card` VALUES ('50', '90397415', null, null);
INSERT INTO `teacher_card` VALUES ('51', '90402555', null, null);
INSERT INTO `teacher_card` VALUES ('52', '90411396', null, null);
INSERT INTO `teacher_card` VALUES ('53', '90421658', null, null);
INSERT INTO `teacher_card` VALUES ('54', '90437591', null, null);
INSERT INTO `teacher_card` VALUES ('55', '90444107', null, null);
INSERT INTO `teacher_card` VALUES ('56', '90457725', null, null);
INSERT INTO `teacher_card` VALUES ('57', '90464016', null, null);
INSERT INTO `teacher_card` VALUES ('58', '90473384', null, null);
INSERT INTO `teacher_card` VALUES ('59', '90488811', null, null);
INSERT INTO `teacher_card` VALUES ('60', '90498732', null, null);
INSERT INTO `teacher_card` VALUES ('61', '90508663', null, null);
INSERT INTO `teacher_card` VALUES ('62', '90514790', null, null);
INSERT INTO `teacher_card` VALUES ('63', '90525879', null, null);
INSERT INTO `teacher_card` VALUES ('64', '90535892', null, null);
INSERT INTO `teacher_card` VALUES ('65', '90542717', null, null);
INSERT INTO `teacher_card` VALUES ('66', '90556402', null, null);
INSERT INTO `teacher_card` VALUES ('67', '90566037', null, null);
INSERT INTO `teacher_card` VALUES ('68', '90578448', null, null);
INSERT INTO `teacher_card` VALUES ('69', '90589403', null, null);
INSERT INTO `teacher_card` VALUES ('70', '90595680', null, null);
INSERT INTO `teacher_card` VALUES ('71', '90609558', null, null);
INSERT INTO `teacher_card` VALUES ('72', '90613477', null, null);
INSERT INTO `teacher_card` VALUES ('73', '90628096', null, null);
INSERT INTO `teacher_card` VALUES ('74', '90637796', null, null);
INSERT INTO `teacher_card` VALUES ('75', '90649433', null, null);
INSERT INTO `teacher_card` VALUES ('76', '90659752', null, null);
INSERT INTO `teacher_card` VALUES ('77', '90662947', null, null);
INSERT INTO `teacher_card` VALUES ('78', '90679089', null, null);
INSERT INTO `teacher_card` VALUES ('79', '90686133', null, null);
INSERT INTO `teacher_card` VALUES ('80', '90696014', null, null);
INSERT INTO `teacher_card` VALUES ('81', '90701501', null, null);
INSERT INTO `teacher_card` VALUES ('82', '90715133', null, null);
INSERT INTO `teacher_card` VALUES ('83', '90728503', null, null);
INSERT INTO `teacher_card` VALUES ('84', '90736973', null, null);
INSERT INTO `teacher_card` VALUES ('85', '90747186', null, null);
INSERT INTO `teacher_card` VALUES ('86', '90752129', null, null);
INSERT INTO `teacher_card` VALUES ('87', '90769350', null, null);
INSERT INTO `teacher_card` VALUES ('88', '90778334', null, null);
INSERT INTO `teacher_card` VALUES ('89', '90786477', null, null);
INSERT INTO `teacher_card` VALUES ('90', '90791831', null, null);
INSERT INTO `teacher_card` VALUES ('91', '90808423', null, null);
INSERT INTO `teacher_card` VALUES ('92', '90815425', null, null);
INSERT INTO `teacher_card` VALUES ('93', '90829055', null, null);
INSERT INTO `teacher_card` VALUES ('94', '90837515', null, null);
INSERT INTO `teacher_card` VALUES ('95', '90843614', null, null);
INSERT INTO `teacher_card` VALUES ('96', '90858549', null, null);
INSERT INTO `teacher_card` VALUES ('97', '90869302', null, null);
INSERT INTO `teacher_card` VALUES ('98', '90879532', null, null);
INSERT INTO `teacher_card` VALUES ('99', '90885353', null, null);
INSERT INTO `teacher_card` VALUES ('100', '90892993', null, null);
INSERT INTO `teacher_card` VALUES ('101', '90909023', null, null);
INSERT INTO `teacher_card` VALUES ('102', '90914865', null, null);
INSERT INTO `teacher_card` VALUES ('103', '90929382', null, null);
INSERT INTO `teacher_card` VALUES ('104', '90936764', null, null);
INSERT INTO `teacher_card` VALUES ('105', '90942366', null, null);
INSERT INTO `teacher_card` VALUES ('106', '90957717', null, null);
INSERT INTO `teacher_card` VALUES ('107', '90962337', null, null);
INSERT INTO `teacher_card` VALUES ('108', '90978496', null, null);
INSERT INTO `teacher_card` VALUES ('109', '90981559', null, null);
INSERT INTO `teacher_card` VALUES ('110', '90995558', null, null);
INSERT INTO `teacher_card` VALUES ('111', '91004779', null, null);
INSERT INTO `teacher_card` VALUES ('112', '91017654', null, null);
INSERT INTO `teacher_card` VALUES ('113', '91022192', null, null);
INSERT INTO `teacher_card` VALUES ('114', '91036277', null, null);
INSERT INTO `teacher_card` VALUES ('115', '91043657', null, null);
INSERT INTO `teacher_card` VALUES ('116', '91059101', null, null);
INSERT INTO `teacher_card` VALUES ('117', '91065486', null, null);
INSERT INTO `teacher_card` VALUES ('118', '91075010', null, null);
INSERT INTO `teacher_card` VALUES ('119', '91082472', null, null);
INSERT INTO `teacher_card` VALUES ('120', '91093351', null, null);
INSERT INTO `teacher_card` VALUES ('121', '91104184', null, null);
INSERT INTO `teacher_card` VALUES ('122', '91118018', null, null);
INSERT INTO `teacher_card` VALUES ('123', '91128777', null, null);
INSERT INTO `teacher_card` VALUES ('124', '91138329', null, null);
INSERT INTO `teacher_card` VALUES ('125', '91148446', null, null);
INSERT INTO `teacher_card` VALUES ('126', '91156466', null, null);
INSERT INTO `teacher_card` VALUES ('127', '91167031', null, null);
INSERT INTO `teacher_card` VALUES ('128', '91175268', null, null);
INSERT INTO `teacher_card` VALUES ('129', '91189411', null, null);
INSERT INTO `teacher_card` VALUES ('130', '91193322', null, null);
INSERT INTO `teacher_card` VALUES ('131', '91202245', null, null);
INSERT INTO `teacher_card` VALUES ('132', '91216438', null, null);
INSERT INTO `teacher_card` VALUES ('133', '91226892', null, null);
INSERT INTO `teacher_card` VALUES ('134', '91236645', null, null);
INSERT INTO `teacher_card` VALUES ('135', '91243286', null, null);
INSERT INTO `teacher_card` VALUES ('136', '91256792', null, null);
INSERT INTO `teacher_card` VALUES ('137', '91268991', null, null);
INSERT INTO `teacher_card` VALUES ('138', '91275434', null, null);
INSERT INTO `teacher_card` VALUES ('139', '91281204', null, null);
INSERT INTO `teacher_card` VALUES ('140', '91294210', null, null);
INSERT INTO `teacher_card` VALUES ('141', '91301320', null, null);
INSERT INTO `teacher_card` VALUES ('142', '91316854', null, null);
INSERT INTO `teacher_card` VALUES ('143', '91322449', null, null);
INSERT INTO `teacher_card` VALUES ('144', '91333995', null, null);
INSERT INTO `teacher_card` VALUES ('145', '91342888', null, null);
INSERT INTO `teacher_card` VALUES ('146', '91352104', null, null);
INSERT INTO `teacher_card` VALUES ('147', '91368369', null, null);
INSERT INTO `teacher_card` VALUES ('148', '91375438', null, null);
INSERT INTO `teacher_card` VALUES ('149', '91386655', null, null);
INSERT INTO `teacher_card` VALUES ('150', '91397397', null, null);
INSERT INTO `teacher_card` VALUES ('151', '91403984', null, null);
INSERT INTO `teacher_card` VALUES ('152', '91415778', null, null);
INSERT INTO `teacher_card` VALUES ('153', '91426207', null, null);
INSERT INTO `teacher_card` VALUES ('154', '91437545', null, null);
INSERT INTO `teacher_card` VALUES ('155', '91448603', null, null);
INSERT INTO `teacher_card` VALUES ('156', '91454644', null, null);
INSERT INTO `teacher_card` VALUES ('157', '91465019', null, null);
INSERT INTO `teacher_card` VALUES ('158', '91478393', null, null);
INSERT INTO `teacher_card` VALUES ('159', '91483492', null, null);
INSERT INTO `teacher_card` VALUES ('160', '91493107', null, null);
INSERT INTO `teacher_card` VALUES ('161', '91507276', null, null);
INSERT INTO `teacher_card` VALUES ('162', '91514945', null, null);
INSERT INTO `teacher_card` VALUES ('163', '91525486', null, null);
INSERT INTO `teacher_card` VALUES ('164', '91532810', null, null);
INSERT INTO `teacher_card` VALUES ('165', '91544286', null, null);
INSERT INTO `teacher_card` VALUES ('166', '91556343', null, null);
INSERT INTO `teacher_card` VALUES ('167', '91568107', null, null);
INSERT INTO `teacher_card` VALUES ('168', '91574249', null, null);
INSERT INTO `teacher_card` VALUES ('169', '91586109', null, null);
INSERT INTO `teacher_card` VALUES ('170', '91593993', null, null);
INSERT INTO `teacher_card` VALUES ('171', '91606487', null, null);
INSERT INTO `teacher_card` VALUES ('172', '91616163', null, null);
INSERT INTO `teacher_card` VALUES ('173', '91628140', null, null);
INSERT INTO `teacher_card` VALUES ('174', '91635049', null, null);
INSERT INTO `teacher_card` VALUES ('175', '91645169', null, null);
INSERT INTO `teacher_card` VALUES ('176', '91652176', null, null);
INSERT INTO `teacher_card` VALUES ('177', '91663040', null, null);
INSERT INTO `teacher_card` VALUES ('178', '91678144', null, null);
INSERT INTO `teacher_card` VALUES ('179', '91682625', null, null);
INSERT INTO `teacher_card` VALUES ('180', '91691290', null, null);
INSERT INTO `teacher_card` VALUES ('181', '91702568', null, null);
INSERT INTO `teacher_card` VALUES ('182', '91717724', null, null);
INSERT INTO `teacher_card` VALUES ('183', '91723164', null, null);
INSERT INTO `teacher_card` VALUES ('184', '91733533', null, null);
INSERT INTO `teacher_card` VALUES ('185', '91747620', null, null);
INSERT INTO `teacher_card` VALUES ('186', '91753606', null, null);
INSERT INTO `teacher_card` VALUES ('187', '91768758', null, null);
INSERT INTO `teacher_card` VALUES ('188', '91771135', null, null);
INSERT INTO `teacher_card` VALUES ('189', '91782976', null, null);
INSERT INTO `teacher_card` VALUES ('190', '91794401', null, null);
INSERT INTO `teacher_card` VALUES ('191', '91805191', null, null);
INSERT INTO `teacher_card` VALUES ('192', '91817845', null, null);
INSERT INTO `teacher_card` VALUES ('193', '91825071', null, null);
INSERT INTO `teacher_card` VALUES ('194', '91833257', null, null);
INSERT INTO `teacher_card` VALUES ('195', '91847855', null, null);
INSERT INTO `teacher_card` VALUES ('196', '91856637', null, null);
INSERT INTO `teacher_card` VALUES ('197', '91861381', null, null);
INSERT INTO `teacher_card` VALUES ('198', '91876982', null, null);
INSERT INTO `teacher_card` VALUES ('199', '91882461', null, null);
INSERT INTO `teacher_card` VALUES ('200', '91897861', null, null);
INSERT INTO `teacher_card` VALUES ('201', '91908879', null, null);
INSERT INTO `teacher_card` VALUES ('202', '91919971', null, null);
INSERT INTO `teacher_card` VALUES ('203', '91924910', null, null);
INSERT INTO `teacher_card` VALUES ('204', '91931076', null, null);
INSERT INTO `teacher_card` VALUES ('205', '91946358', null, null);
INSERT INTO `teacher_card` VALUES ('206', '91956523', null, null);
INSERT INTO `teacher_card` VALUES ('207', '91965584', null, null);
INSERT INTO `teacher_card` VALUES ('208', '91973209', null, null);
INSERT INTO `teacher_card` VALUES ('209', '91986337', null, null);
INSERT INTO `teacher_card` VALUES ('210', '91999078', null, null);
INSERT INTO `teacher_card` VALUES ('211', '92002350', null, null);

-- ----------------------------
-- Table structure for `teacher_dining_for_scene`
-- ----------------------------
DROP TABLE IF EXISTS `teacher_dining_for_scene`;
CREATE TABLE `teacher_dining_for_scene` (
  `id` int(11) NOT NULL AUTO_INCREMENT COMMENT '就餐安排表id',
  `tdr_id` bigint(20) NOT NULL COMMENT '教师就餐安排注册表id',
  `arrange_id` varchar(255) NOT NULL COMMENT '安排人id(谁安排的)',
  `dining_palce` varchar(255) NOT NULL COMMENT '就餐地点',
  `dining_date` varchar(255) NOT NULL COMMENT '就餐时间',
  `breakfast` int(2) NOT NULL COMMENT '早餐  1：就餐；2：未就餐',
  `lunch` int(2) NOT NULL COMMENT '中餐  1：就餐；2：未就餐',
  `dinner` int(2) NOT NULL COMMENT '晚餐  1：就餐；2：未就餐',
  `record_time` varchar(255) NOT NULL COMMENT '记录添加时间',
  PRIMARY KEY (`id`) USING BTREE
) ENGINE=InnoDB DEFAULT CHARSET=utf8 ROW_FORMAT=COMPACT COMMENT='教师实际就餐安排表';

-- ----------------------------
-- Records of teacher_dining_for_scene
-- ----------------------------

-- ----------------------------
-- Table structure for `teacher_dining_register`
-- ----------------------------
DROP TABLE IF EXISTS `teacher_dining_register`;
CREATE TABLE `teacher_dining_register` (
  `id` bigint(20) NOT NULL AUTO_INCREMENT COMMENT '教师就餐安排注册表',
  `teacher_id` int(11) NOT NULL COMMENT '教师id',
  `class_id` bigint(20) NOT NULL COMMENT '班级id',
  `reg_time` varchar(255) NOT NULL COMMENT '注册时间',
  PRIMARY KEY (`id`) USING BTREE
) ENGINE=InnoDB DEFAULT CHARSET=utf8 ROW_FORMAT=COMPACT COMMENT='教师就餐安排注册表';

-- ----------------------------
-- Records of teacher_dining_register
-- ----------------------------

-- ----------------------------
-- Table structure for `teacher_information`
-- ----------------------------
DROP TABLE IF EXISTS `teacher_information`;
CREATE TABLE `teacher_information` (
  `ti_id` int(255) NOT NULL AUTO_INCREMENT COMMENT '主键',
  `ti_name` varchar(64) DEFAULT NULL COMMENT '姓名',
  `phone_number` varchar(64) DEFAULT NULL COMMENT '手机号',
  `ti_department` varchar(255) DEFAULT NULL COMMENT '工作单位',
  `subject` varchar(64) DEFAULT NULL COMMENT '授课科目',
  `ethnic_group` varchar(255) DEFAULT NULL COMMENT '民族',
  `si_ID_number` varchar(20) DEFAULT NULL COMMENT '身份证号',
  `scenePicture` varchar(255) DEFAULT NULL COMMENT '人脸匹对照',
  `photo` varchar(255) DEFAULT NULL COMMENT '证件照',
  `create_by` varchar(64) DEFAULT NULL COMMENT '创建者',
  `create_date` varchar(25) DEFAULT NULL COMMENT '创建时间',
  `update_by` varchar(64) DEFAULT NULL COMMENT '更新者',
  `update_date` varchar(25) DEFAULT NULL COMMENT '更新时间',
  `remarks` varchar(500) DEFAULT NULL COMMENT '备注信息',
  `email` varchar(64) DEFAULT NULL COMMENT '邮箱',
  `sex` char(1) DEFAULT NULL COMMENT '性别：0：男 1：女',
  PRIMARY KEY (`ti_id`) USING BTREE
) ENGINE=InnoDB DEFAULT CHARSET=utf8 ROW_FORMAT=COMPACT;

-- ----------------------------
-- Records of teacher_information
-- ----------------------------

-- ----------------------------
-- Table structure for `teach_dining`
-- ----------------------------
DROP TABLE IF EXISTS `teach_dining`;
CREATE TABLE `teach_dining` (
  `id` int(255) NOT NULL AUTO_INCREMENT COMMENT '主键',
  `number` varchar(255) DEFAULT NULL COMMENT '流水号',
  `teacher` varchar(255) DEFAULT NULL COMMENT '教师姓名',
  `arranger` varchar(255) DEFAULT NULL COMMENT '安排人ID   关联用户表 user_id',
  `class_id` int(255) DEFAULT NULL COMMENT '班级ID',
  `area` varchar(255) DEFAULT NULL COMMENT '就餐地点',
  `time` varchar(255) DEFAULT NULL COMMENT '安排时间  流水号绑定教师信息时间',
  `day` varchar(255) DEFAULT NULL COMMENT '日期',
  `breakfast` int(2) DEFAULT NULL COMMENT '早餐  1：就餐；2：未就餐',
  `lunch` int(2) DEFAULT NULL COMMENT '中餐 1：就餐；2：未就餐',
  `dinner` int(2) DEFAULT NULL COMMENT '晚餐 1：就餐；2：未就餐',
  PRIMARY KEY (`id`) USING BTREE
) ENGINE=InnoDB AUTO_INCREMENT=75 DEFAULT CHARSET=utf8 ROW_FORMAT=COMPACT COMMENT='教师就餐安排';

-- ----------------------------
-- Records of teach_dining
-- ----------------------------
INSERT INTO `teach_dining` VALUES ('1', '90052170', '教师2', '1', '40', '西区食堂', '2019-01-17 16:44:47', null, null, null, null);
INSERT INTO `teach_dining` VALUES ('2', '90052170', '教师2', '1', '40', '西区食堂', '2019-01-17 16:44:47', '2019-01-20', '2', '1', '1');
INSERT INTO `teach_dining` VALUES ('3', '90052170', '教师2', '1', '40', '西区食堂', '2019-01-17 16:44:47', '2019-01-21', '1', '1', '1');
INSERT INTO `teach_dining` VALUES ('4', '90052170', '教师2', '1', '40', '西区食堂', '2019-01-17 16:44:47', '2019-01-22', '1', '1', '1');
INSERT INTO `teach_dining` VALUES ('5', '90052170', '教师2', '1', '40', '西区食堂', '2019-01-17 16:44:47', '2019-01-23', '1', '1', '1');
INSERT INTO `teach_dining` VALUES ('6', '90052170', '教师2', '1', '40', '西区食堂', '2019-01-17 16:44:47', '2019-01-24', '1', '1', '2');
INSERT INTO `teach_dining` VALUES ('7', '90065732', '教师121', '1', '39', '西区食堂', '2019-01-17 16:46:59', null, null, null, null);
INSERT INTO `teach_dining` VALUES ('8', '90065732', '教师121', '1', '39', '西区食堂', '2019-01-17 16:46:59', '2019-01-16', '2', '1', '1');
INSERT INTO `teach_dining` VALUES ('9', '90065732', '教师121', '1', '39', '西区食堂', '2019-01-17 16:46:59', '2019-01-17', '1', '1', '1');
INSERT INTO `teach_dining` VALUES ('10', '90065732', '教师121', '1', '39', '西区食堂', '2019-01-17 16:46:59', '2019-01-18', '1', '1', '1');
INSERT INTO `teach_dining` VALUES ('11', '90065732', '教师121', '1', '39', '西区食堂', '2019-01-17 16:46:59', '2019-01-19', '1', '1', '1');
INSERT INTO `teach_dining` VALUES ('12', '90065732', '教师121', '1', '39', '西区食堂', '2019-01-17 16:46:59', '2019-01-20', '1', '1', '1');
INSERT INTO `teach_dining` VALUES ('13', '90065732', '教师121', '1', '39', '西区食堂', '2019-01-17 16:46:59', '2019-01-21', '1', '1', '1');
INSERT INTO `teach_dining` VALUES ('14', '90065732', '教师121', '1', '39', '西区食堂', '2019-01-17 16:46:59', '2019-01-22', '1', '1', '1');
INSERT INTO `teach_dining` VALUES ('15', '90065732', '教师121', '1', '39', '西区食堂', '2019-01-17 16:46:59', '2019-01-23', '1', '1', '1');
INSERT INTO `teach_dining` VALUES ('16', '90065732', '教师121', '1', '39', '西区食堂', '2019-01-17 16:46:59', '2019-01-24', '1', '1', '1');
INSERT INTO `teach_dining` VALUES ('17', '90065732', '教师121', '1', '39', '西区食堂', '2019-01-17 16:46:59', '2019-01-25', '1', '1', '1');
INSERT INTO `teach_dining` VALUES ('18', '90065732', '教师121', '1', '39', '西区食堂', '2019-01-17 16:46:59', '2019-01-26', '1', '1', '2');
INSERT INTO `teach_dining` VALUES ('19', '90016677', '教师3', '1', '39', '西区食堂', '2019-01-18 09:19:33', null, null, null, null);
INSERT INTO `teach_dining` VALUES ('20', '90072536', '教师', '191', '39', '西区食堂', '2019-01-18 15:15:59', null, null, null, null);
INSERT INTO `teach_dining` VALUES ('21', '90072536', '教师', '191', '39', '西区食堂', '2019-01-18 15:15:59', '2019-01-16', '2', '1', '1');
INSERT INTO `teach_dining` VALUES ('22', '90072536', '教师', '191', '39', '西区食堂', '2019-01-18 15:15:59', '2019-01-17', '1', '1', '1');
INSERT INTO `teach_dining` VALUES ('23', '90072536', '教师', '191', '39', '西区食堂', '2019-01-18 15:15:59', '2019-01-18', '1', '1', '1');
INSERT INTO `teach_dining` VALUES ('24', '90072536', '教师', '191', '39', '西区食堂', '2019-01-18 15:15:59', '2019-01-19', '1', '1', '1');
INSERT INTO `teach_dining` VALUES ('25', '90072536', '教师', '191', '39', '西区食堂', '2019-01-18 15:15:59', '2019-01-20', '1', '1', '1');
INSERT INTO `teach_dining` VALUES ('26', '90072536', '教师', '191', '39', '西区食堂', '2019-01-18 15:15:59', '2019-01-21', '1', '1', '1');
INSERT INTO `teach_dining` VALUES ('27', '90072536', '教师', '191', '39', '西区食堂', '2019-01-18 15:15:59', '2019-01-22', '1', '1', '1');
INSERT INTO `teach_dining` VALUES ('28', '90072536', '教师', '191', '39', '西区食堂', '2019-01-18 15:15:59', '2019-01-23', '1', '1', '1');
INSERT INTO `teach_dining` VALUES ('29', '90072536', '教师', '191', '39', '西区食堂', '2019-01-18 15:15:59', '2019-01-24', '1', '1', '1');
INSERT INTO `teach_dining` VALUES ('30', '90072536', '教师', '191', '39', '西区食堂', '2019-01-18 15:15:59', '2019-01-25', '1', '1', '1');
INSERT INTO `teach_dining` VALUES ('31', '90072536', '教师', '191', '39', '西区食堂', '2019-01-18 15:15:59', '2019-01-26', '1', '1', '2');
INSERT INTO `teach_dining` VALUES ('32', '90072536', '教师', '191', '39', '西区食堂', '2019-01-18 15:18:04', null, null, null, null);
INSERT INTO `teach_dining` VALUES ('44', '90016677', '教师2', '101', '40', '西区食堂', '2019-01-18 17:25:07', null, null, null, null);
INSERT INTO `teach_dining` VALUES ('45', '90048968', '教师1', '101', '40', '西区食堂', '2019-01-18 17:26:03', null, null, null, null);
INSERT INTO `teach_dining` VALUES ('46', '90026516', '教师3', '101', '40', '西区食堂', '2019-01-23 11:21:14', null, null, null, null);
INSERT INTO `teach_dining` VALUES ('47', '90036966', '教师4', '191', '40', '西区食堂', '2019-01-24 09:34:29', null, null, null, null);
INSERT INTO `teach_dining` VALUES ('48', '90036966', '教师4', '191', '40', '西区食堂', '2019-01-24 09:34:29', '2019-01-20', '2', '1', '1');
INSERT INTO `teach_dining` VALUES ('49', '90036966', '教师4', '191', '40', '西区食堂', '2019-01-24 09:34:29', '2019-01-21', '1', '1', '1');
INSERT INTO `teach_dining` VALUES ('50', '90036966', '教师4', '191', '40', '西区食堂', '2019-01-24 09:34:29', '2019-01-22', '1', '1', '1');
INSERT INTO `teach_dining` VALUES ('51', '90036966', '教师4', '191', '40', '西区食堂', '2019-01-24 09:34:29', '2019-01-23', '1', '1', '1');
INSERT INTO `teach_dining` VALUES ('52', '90036966', '教师4', '191', '40', '西区食堂', '2019-01-24 09:34:29', '2019-01-24', '2', '1', '2');
INSERT INTO `teach_dining` VALUES ('53', '90026516', '教师3', '101', '40', '西区食堂', '2019-01-23 11:21:14', '2019-01-20', '2', '1', '1');
INSERT INTO `teach_dining` VALUES ('54', '90026516', '教师3', '101', '40', '西区食堂', '2019-01-23 11:21:14', '2019-01-21', '1', '1', '1');
INSERT INTO `teach_dining` VALUES ('55', '90026516', '教师3', '101', '40', '西区食堂', '2019-01-23 11:21:14', '2019-01-22', '1', '1', '1');
INSERT INTO `teach_dining` VALUES ('56', '90026516', '教师3', '101', '40', '西区食堂', '2019-01-23 11:21:14', '2019-01-23', '1', '1', '1');
INSERT INTO `teach_dining` VALUES ('57', '90026516', '教师3', '101', '40', '西区食堂', '2019-01-23 11:21:14', '2019-01-24', '1', '1', '2');
INSERT INTO `teach_dining` VALUES ('58', '90048968', '教师1', '101', '40', '西区食堂', '2019-01-18 17:26:03', '2019-01-20', '2', '1', '1');
INSERT INTO `teach_dining` VALUES ('59', '90048968', '教师1', '101', '40', '西区食堂', '2019-01-18 17:26:03', '2019-01-21', '1', '1', '1');
INSERT INTO `teach_dining` VALUES ('60', '90048968', '教师1', '101', '40', '西区食堂', '2019-01-18 17:26:03', '2019-01-22', '1', '1', '1');
INSERT INTO `teach_dining` VALUES ('61', '90048968', '教师1', '101', '40', '西区食堂', '2019-01-18 17:26:03', '2019-01-23', '1', '1', '1');
INSERT INTO `teach_dining` VALUES ('62', '90048968', '教师1', '101', '40', '西区食堂', '2019-01-18 17:26:03', '2019-01-24', '1', '1', '2');
INSERT INTO `teach_dining` VALUES ('63', '90016677', '教师2', '101', '40', '西区食堂', '2019-01-18 17:25:07', '2019-01-20', '2', '1', '1');
INSERT INTO `teach_dining` VALUES ('64', '90016677', '教师2', '101', '40', '西区食堂', '2019-01-18 17:25:07', '2019-01-21', '1', '1', '1');
INSERT INTO `teach_dining` VALUES ('65', '90016677', '教师2', '101', '40', '西区食堂', '2019-01-18 17:25:07', '2019-01-22', '1', '1', '1');
INSERT INTO `teach_dining` VALUES ('66', '90016677', '教师2', '101', '40', '西区食堂', '2019-01-18 17:25:07', '2019-01-23', '1', '1', '1');
INSERT INTO `teach_dining` VALUES ('67', '90016677', '教师2', '101', '40', '西区食堂', '2019-01-18 17:25:07', '2019-01-24', '1', '1', '2');
INSERT INTO `teach_dining` VALUES ('68', '90072536', '教师3', '191', '40', '西区食堂', '2019-01-24 12:09:51', null, null, null, null);
INSERT INTO `teach_dining` VALUES ('69', '90016677', '教师5', '191', '40', '西区食堂', '2019-01-24 12:13:17', null, null, null, null);
INSERT INTO `teach_dining` VALUES ('70', '90016677', '教师5', '191', '40', '西区食堂', '2019-01-24 12:13:17', '2019-01-20', '2', '1', '1');
INSERT INTO `teach_dining` VALUES ('71', '90016677', '教师5', '191', '40', '西区食堂', '2019-01-24 12:13:17', '2019-01-21', '1', '1', '1');
INSERT INTO `teach_dining` VALUES ('72', '90016677', '教师5', '191', '40', '西区食堂', '2019-01-24 12:13:17', '2019-01-22', '1', '1', '1');
INSERT INTO `teach_dining` VALUES ('73', '90016677', '教师5', '191', '40', '西区食堂', '2019-01-24 12:13:17', '2019-01-23', '1', '1', '1');
INSERT INTO `teach_dining` VALUES ('74', '90016677', '教师5', '191', '40', '西区食堂', '2019-01-24 12:13:17', '2019-01-24', '2', '1', '2');

-- ----------------------------
-- Table structure for `teach_dining_face_record`
-- ----------------------------
DROP TABLE IF EXISTS `teach_dining_face_record`;
CREATE TABLE `teach_dining_face_record` (
  `id` int(10) NOT NULL AUTO_INCREMENT,
  `teacher_id` int(20) NOT NULL COMMENT '教师ID',
  `class_id` int(20) DEFAULT NULL COMMENT '班级id',
  `dining_place` varchar(255) DEFAULT NULL COMMENT '就餐地点',
  `day` varchar(255) DEFAULT NULL COMMENT '日期',
  `breakfast` int(2) DEFAULT NULL COMMENT '早餐是否就餐  1：就餐 2：未就餐',
  `lunch` int(2) DEFAULT NULL COMMENT '中餐是否就餐  1：就餐 2：未就餐',
  `dinner` int(2) DEFAULT NULL COMMENT '晚餐是否就餐  1：就餐 2：未就餐',
  `authorizer_id` int(255) DEFAULT NULL COMMENT '授权者:班主任ID',
  PRIMARY KEY (`id`) USING BTREE
) ENGINE=InnoDB DEFAULT CHARSET=utf8 ROW_FORMAT=DYNAMIC COMMENT='教师人脸识别实际就餐记录';

-- ----------------------------
-- Records of teach_dining_face_record
-- ----------------------------

-- ----------------------------
-- Table structure for `teach_dining_record`
-- ----------------------------
DROP TABLE IF EXISTS `teach_dining_record`;
CREATE TABLE `teach_dining_record` (
  `id` int(255) unsigned NOT NULL AUTO_INCREMENT COMMENT '主键',
  `teacher` varchar(255) DEFAULT NULL COMMENT '教师姓名',
  `class_room` int(64) DEFAULT NULL COMMENT '班级ID',
  `area` varchar(255) DEFAULT '' COMMENT '区域:就餐地点',
  `t_day` varchar(255) DEFAULT NULL COMMENT '日期',
  `breakfast` int(2) DEFAULT NULL COMMENT '早餐',
  `lunch` int(2) DEFAULT NULL COMMENT '中餐',
  `dinner` int(2) DEFAULT NULL COMMENT '晚餐',
  `num` varchar(60) DEFAULT NULL COMMENT '流水号',
  `authorizer_id` int(255) DEFAULT NULL COMMENT '授权者:班主任ID',
  `time` varchar(60) DEFAULT NULL COMMENT '流水号绑定时间',
  `time_dinner` varchar(20) DEFAULT NULL COMMENT '最近的就餐时间点',
  PRIMARY KEY (`id`) USING BTREE
) ENGINE=InnoDB AUTO_INCREMENT=14 DEFAULT CHARSET=utf8 ROW_FORMAT=COMPACT COMMENT='教师就餐记录';

-- ----------------------------
-- Records of teach_dining_record
-- ----------------------------
INSERT INTO `teach_dining_record` VALUES ('11', '教师1', '40', '西区食堂', '2019-01-24', '2', '1', '2', '90048968', null, '2019-01-18 17:26:03', '2019-01-24 11:29:42');
INSERT INTO `teach_dining_record` VALUES ('12', '教师3', '40', '西区食堂', '2019-01-24', '2', '1', '2', '90026516', null, '2019-01-23 11:21:14', '2019-01-24 11:35:04');
INSERT INTO `teach_dining_record` VALUES ('13', '教师4', '40', '西区食堂', '2019-01-24', '2', '1', '2', '90036966', null, '2019-01-24 09:34:29', '2019-01-24 11:39:02');

-- ----------------------------
-- Table structure for `training_subject`
-- ----------------------------
DROP TABLE IF EXISTS `training_subject`;
CREATE TABLE `training_subject` (
  `ts_id` int(10) NOT NULL AUTO_INCREMENT COMMENT '主键id',
  `ts_name` varchar(64) DEFAULT NULL COMMENT '培训科目',
  PRIMARY KEY (`ts_id`) USING BTREE
) ENGINE=InnoDB DEFAULT CHARSET=utf8 ROW_FORMAT=COMPACT;

-- ----------------------------
-- Records of training_subject
-- ----------------------------

-- ----------------------------
-- Table structure for `training_type`
-- ----------------------------
DROP TABLE IF EXISTS `training_type`;
CREATE TABLE `training_type` (
  `id` int(64) NOT NULL AUTO_INCREMENT COMMENT '主键',
  `type` varchar(64) NOT NULL COMMENT '类型名称',
  `t_explan` varchar(255) DEFAULT NULL COMMENT '注释',
  `remark` varchar(255) DEFAULT NULL COMMENT '备注',
  PRIMARY KEY (`id`) USING BTREE
) ENGINE=InnoDB AUTO_INCREMENT=19 DEFAULT CHARSET=utf8 ROW_FORMAT=COMPACT COMMENT='培训类型表';

-- ----------------------------
-- Records of training_type
-- ----------------------------
INSERT INTO `training_type` VALUES ('11', '经营管理培训', '', '');
INSERT INTO `training_type` VALUES ('12', '专业管理培训', '', '');
INSERT INTO `training_type` VALUES ('13', '技术管理培训', '', '');
INSERT INTO `training_type` VALUES ('14', '生产技能培训', '', '');
INSERT INTO `training_type` VALUES ('15', '岗位业务竞赛', '', '');
INSERT INTO `training_type` VALUES ('16', '专业调考', '', '');
INSERT INTO `training_type` VALUES ('17', '其他', '', '');
INSERT INTO `training_type` VALUES ('18', '专业技术培训', '', '');

-- ----------------------------
-- Table structure for `unit_information`
-- ----------------------------
DROP TABLE IF EXISTS `unit_information`;
CREATE TABLE `unit_information` (
  `area_id` int(10) NOT NULL AUTO_INCREMENT COMMENT '父级id',
  `sjarea_id` int(10) DEFAULT NULL,
  `area_type` int(2) DEFAULT NULL COMMENT '单位类型',
  `sort` int(10) DEFAULT NULL,
  `area_name` varchar(255) DEFAULT NULL COMMENT '单位名称',
  `contacts` varchar(255) DEFAULT NULL COMMENT '联系人',
  `contacts_tel` varchar(255) DEFAULT NULL COMMENT '联系电话',
  `email` varchar(255) DEFAULT NULL COMMENT 'Email',
  `postal_code` varchar(255) DEFAULT NULL COMMENT '邮政编码',
  `address` varchar(255) DEFAULT NULL COMMENT '地址',
  `status` char(2) DEFAULT NULL COMMENT '状态',
  `remarks` varchar(255) DEFAULT NULL COMMENT '备注',
  PRIMARY KEY (`area_id`) USING BTREE
) ENGINE=InnoDB AUTO_INCREMENT=182 DEFAULT CHARSET=utf8 ROW_FORMAT=COMPACT;

-- ----------------------------
-- Records of unit_information
-- ----------------------------
INSERT INTO `unit_information` VALUES ('22', '0', '1', '1', '省电力公司本部', '', '', '', null, '', '1', '');
INSERT INTO `unit_information` VALUES ('23', '0', '1', '2', '合肥供电公司', '', '', '', null, '', '1', '');
INSERT INTO `unit_information` VALUES ('24', '23', '2', '1', '合肥公司本部', '', '', '', null, '', '1', '');
INSERT INTO `unit_information` VALUES ('25', '0', '1', '3', '安庆供电公司', '', '', '', null, '', '1', '');
INSERT INTO `unit_information` VALUES ('26', '25', '2', '1', '安庆公司本部', '', '', '', null, '', '1', '');
INSERT INTO `unit_information` VALUES ('27', '23', '2', '2', '肥东县公司', '', '', '', null, '', '1', '');
INSERT INTO `unit_information` VALUES ('28', '23', '2', '3', '肥西县公司', '', '', '', null, '', '1', '');
INSERT INTO `unit_information` VALUES ('29', '23', '2', '4', '长丰县公司', '', '', '', null, '', '1', '');
INSERT INTO `unit_information` VALUES ('30', '23', '2', '5', '巢湖市公司', '', '', '', null, '', '1', '');
INSERT INTO `unit_information` VALUES ('31', '23', '2', '6', '其他', '', '', '', null, '', '1', '');
INSERT INTO `unit_information` VALUES ('32', '25', '2', '2', '桐城市公司', '', '', '', null, '', '1', '');
INSERT INTO `unit_information` VALUES ('33', '25', '2', '3', '怀宁县公司', '', '', '', null, '', '1', '');
INSERT INTO `unit_information` VALUES ('34', '25', '2', '4', '潜山县公司', '', '', '', null, '', '1', '');
INSERT INTO `unit_information` VALUES ('35', '25', '2', '5', '岳西县公司', '', '', '', null, '', '1', '');
INSERT INTO `unit_information` VALUES ('36', '25', '2', '6', '太湖县公司', '', '', '', null, '', '1', '');
INSERT INTO `unit_information` VALUES ('37', '25', '2', '7', '宿松县公司', '', '', '', null, '', '1', '');
INSERT INTO `unit_information` VALUES ('38', '25', '2', '8', '望江县公司', '', '', '', null, '', '1', '');
INSERT INTO `unit_information` VALUES ('39', '25', '2', '9', '其他', '', '', '', null, '', '1', '');
INSERT INTO `unit_information` VALUES ('40', '0', '1', '4', '蚌埠供电公司', '', '', '', null, '', '1', '');
INSERT INTO `unit_information` VALUES ('41', '0', '1', '5', '淮南供电公司', '', '', '', null, '', '1', '');
INSERT INTO `unit_information` VALUES ('42', '0', '1', '6', '芜湖供电公司', '', '', '', null, '', '1', '');
INSERT INTO `unit_information` VALUES ('43', '0', '1', '7', '滁州供电公司', '', '', '', null, '', '1', '');
INSERT INTO `unit_information` VALUES ('44', '0', '1', '8', '铜陵供电公司', '', '', '', null, '', '1', '');
INSERT INTO `unit_information` VALUES ('45', '0', '1', '9', '省电科院', '', '', '', null, '', '1', '');
INSERT INTO `unit_information` VALUES ('46', '0', '1', '10', '淮北供电公司', '', '', '', null, '', '1', '');
INSERT INTO `unit_information` VALUES ('47', '0', '1', '11', '马鞍山供电公司', '', '', '', null, '', '1', '');
INSERT INTO `unit_information` VALUES ('48', '0', '1', '12', '阜阳供电公司', '', '', '', null, '', '1', '');
INSERT INTO `unit_information` VALUES ('49', '0', '1', '13', '亳州供电公司', '', '', '', null, '', '1', '');
INSERT INTO `unit_information` VALUES ('50', '0', '1', '14', '池州供电公司', '', '', '', null, '', '1', '');
INSERT INTO `unit_information` VALUES ('51', '0', '1', '15', '黄山供电公司', '', '', '', null, '', '1', '');
INSERT INTO `unit_information` VALUES ('52', '0', '1', '16', '宿州供电公司', '', '', '', null, '', '1', '');
INSERT INTO `unit_information` VALUES ('53', '0', '1', '17', '宣城供电公司', '', '', '', null, '', '1', '');
INSERT INTO `unit_information` VALUES ('54', '0', '1', '18', '六安供电公司', '', '', '', null, '', '1', '');
INSERT INTO `unit_information` VALUES ('55', '0', '1', '19', '省送变电工程公司', '', '', '', null, '', '1', '');
INSERT INTO `unit_information` VALUES ('56', '0', '1', '20', '省经研院', '', '', '', null, '', '1', '');
INSERT INTO `unit_information` VALUES ('57', '0', '1', '21', '省物资公司', '', '', '', null, '', '1', '');
INSERT INTO `unit_information` VALUES ('58', '0', '1', '22', '省检修公司', '', '', '', null, '', '1', '');
INSERT INTO `unit_information` VALUES ('59', '0', '1', '23', '省信通公司', '', '', '', null, '', '1', '');
INSERT INTO `unit_information` VALUES ('60', '0', '1', '24', '省光明物业公司', '', '', '', null, '', '1', '');
INSERT INTO `unit_information` VALUES ('61', '0', '1', '25', '省综合服务中心', '', '', '', null, '', '1', '');
INSERT INTO `unit_information` VALUES ('62', '0', '1', '26', '省电力交易中心', '', '', '', null, '', '1', '');
INSERT INTO `unit_information` VALUES ('63', '0', '1', '27', '省建设分公司', '', '', '', null, '', '1', '');
INSERT INTO `unit_information` VALUES ('64', '0', '1', '28', '明生公司', '', '', '', null, '', '1', '');
INSERT INTO `unit_information` VALUES ('65', '0', '1', '29', '安徽禹坤', '', '', '', null, '', '1', '');
INSERT INTO `unit_information` VALUES ('66', '0', '1', '30', '安徽立卓', '', '', '', null, '', '1', '');
INSERT INTO `unit_information` VALUES ('67', '0', '1', '31', '安徽立威网安', '', '', '', null, '', '1', '');
INSERT INTO `unit_information` VALUES ('68', '0', '1', '32', '安徽恒仁', '', '', '', null, '', '1', '');
INSERT INTO `unit_information` VALUES ('69', '0', '1', '33', '国网安徽电力公司建设分公司（监理公司）', '', '', '', null, '', '1', '');
INSERT INTO `unit_information` VALUES ('70', '0', '1', '34', '安徽继远软件有限公司', '', '', '', null, '', '1', '');
INSERT INTO `unit_information` VALUES ('71', '0', '1', '35', '安徽博达通信监理有限责任公司', '', '', '', null, '', '1', '');
INSERT INTO `unit_information` VALUES ('72', '0', '1', '36', '安徽新能电力工程监理咨询有限公司', '', '', '', null, '', '1', '');
INSERT INTO `unit_information` VALUES ('73', '0', '1', '37', '安徽恒泰工程咨询有限公司', '', '', '', null, '', '1', '');
INSERT INTO `unit_information` VALUES ('74', '0', '1', '38', '安徽省通信产业服务有限公司安庆分公司', '', '', '', null, '', '1', '');
INSERT INTO `unit_information` VALUES ('75', '0', '1', '39', '合肥电力安装有限公司', '', '', '', null, '', '1', '');
INSERT INTO `unit_information` VALUES ('76', '0', '1', '40', '巢湖阳光电力维修工程有限公司', '', '', '', null, '', '1', '');
INSERT INTO `unit_information` VALUES ('77', '0', '1', '41', '肥西县阳光电力维修工程有限公司', '', '', '', null, '', '1', '');
INSERT INTO `unit_information` VALUES ('78', '0', '1', '42', '宿州市阳光电力工程有限责任公司', '', '', '', null, '', '1', '');
INSERT INTO `unit_information` VALUES ('79', '0', '1', '43', '安徽金力源电力安装有限公司', '', '', '', null, '', '1', '');
INSERT INTO `unit_information` VALUES ('80', '0', '1', '44', '宁国市开源电力有限公司', '', '', '', null, '', '1', '');
INSERT INTO `unit_information` VALUES ('81', '0', '1', '45', '绩溪县龙川电力工程有限公司', '', '', '', null, '', '1', '');
INSERT INTO `unit_information` VALUES ('82', '0', '1', '46', '省电力培训中心', '', '', '', null, '', '1', '');
INSERT INTO `unit_information` VALUES ('83', '0', '1', '47', '其它', '', '', '', null, '', '1', '');
INSERT INTO `unit_information` VALUES ('84', '40', '2', '1', '蚌埠公司本部', '', '', '', null, '', '1', '');
INSERT INTO `unit_information` VALUES ('85', '40', '2', '2', '怀远县公司', '', '', '', null, '', '1', '');
INSERT INTO `unit_information` VALUES ('86', '40', '2', '3', '五河县公司', '', '', '', null, '', '1', '');
INSERT INTO `unit_information` VALUES ('87', '40', '2', '4', '凤阳县公司', '', '', '', null, '', '1', '');
INSERT INTO `unit_information` VALUES ('88', '40', '2', '5', '固镇县公司', '', '', '', null, '', '1', '');
INSERT INTO `unit_information` VALUES ('89', '40', '2', '6', '其他', '', '', '', null, '', '1', '');
INSERT INTO `unit_information` VALUES ('90', '41', '2', '1', '淮南公司本部', '', '', '', null, '', '1', '');
INSERT INTO `unit_information` VALUES ('91', '41', '2', '2', '凤台县公司', '', '', '', null, '', '1', '');
INSERT INTO `unit_information` VALUES ('92', '41', '2', '3', '潘集区公司', '', '', '', null, '', '1', '');
INSERT INTO `unit_information` VALUES ('93', '41', '2', '4', '谢桥公司', '', '', '', null, '', '1', '');
INSERT INTO `unit_information` VALUES ('94', '41', '2', '5', '寿县公司', '', '', '', null, '', '1', '');
INSERT INTO `unit_information` VALUES ('95', '41', '2', '6', '其他', '', '', '', null, '', '1', '');
INSERT INTO `unit_information` VALUES ('96', '42', '2', '1', '芜湖公司本部', '', '', '', null, '', '1', '');
INSERT INTO `unit_information` VALUES ('97', '42', '2', '2', '芜湖县公司', '', '', '', null, '', '1', '');
INSERT INTO `unit_information` VALUES ('98', '42', '2', '3', '繁昌县公司', '', '', '', null, '', '1', '');
INSERT INTO `unit_information` VALUES ('99', '42', '2', '4', '南陵县公司', '', '', '', null, '', '1', '');
INSERT INTO `unit_information` VALUES ('100', '42', '2', '5', '无为县公司', '', '', '', null, '', '1', '');
INSERT INTO `unit_information` VALUES ('101', '42', '2', '6', '其他', '', '', '', null, '', '1', '');
INSERT INTO `unit_information` VALUES ('102', '43', '2', '1', '滁州公司本部', '', '', '', null, '', '1', '');
INSERT INTO `unit_information` VALUES ('103', '43', '2', '2', '定远县公司', '', '', '', null, '', '1', '');
INSERT INTO `unit_information` VALUES ('104', '43', '2', '3', '明光市公司', '', '', '', null, '', '1', '');
INSERT INTO `unit_information` VALUES ('105', '43', '2', '4', '天长市公司', '', '', '', null, '', '1', '');
INSERT INTO `unit_information` VALUES ('106', '43', '2', '5', '全椒县公司', '', '', '', null, '', '1', '');
INSERT INTO `unit_information` VALUES ('107', '43', '2', '6', '来安县公司', '', '', '', null, '', '1', '');
INSERT INTO `unit_information` VALUES ('108', '43', '2', '7', '滁州城郊公司', '', '', '', null, '', '1', '');
INSERT INTO `unit_information` VALUES ('109', '43', '2', '8', '其他', '', '', '', null, '', '1', '');
INSERT INTO `unit_information` VALUES ('110', '44', '2', '1', '铜陵公司本部', '', '', '', null, '', '1', '');
INSERT INTO `unit_information` VALUES ('111', '44', '2', '2', '义安区公司', '', '', '', null, '', '1', '');
INSERT INTO `unit_information` VALUES ('112', '44', '2', '3', '枞阳县公司', '', '', '', null, '', '1', '');
INSERT INTO `unit_information` VALUES ('113', '44', '2', '4', '其他', '', '', '', null, '', '1', '');
INSERT INTO `unit_information` VALUES ('114', '46', '2', '1', '淮北公司本部', '', '', '', null, '', '1', '');
INSERT INTO `unit_information` VALUES ('115', '46', '2', '2', '濉溪县公司', '', '', '', null, '', '1', '');
INSERT INTO `unit_information` VALUES ('116', '46', '2', '3', '其他', '', '', '', null, '', '1', '');
INSERT INTO `unit_information` VALUES ('117', '47', '2', '1', '马鞍山公司本部', '', '', '', null, '', '1', '');
INSERT INTO `unit_information` VALUES ('118', '47', '2', '2', '当涂县公司', '', '', '', null, '', '1', '');
INSERT INTO `unit_information` VALUES ('119', '47', '2', '3', '和县公司', '', '', '', null, '', '1', '');
INSERT INTO `unit_information` VALUES ('120', '47', '2', '4', '含山县公司', '', '', '', null, '', '1', '');
INSERT INTO `unit_information` VALUES ('121', '47', '2', '5', '其他', '', '', '', null, '', '1', '');
INSERT INTO `unit_information` VALUES ('122', '48', '2', '1', '阜阳公司本部', '', '', '', null, '', '1', '');
INSERT INTO `unit_information` VALUES ('123', '48', '2', '2', '颍上县公司', '', '', '', null, '', '1', '');
INSERT INTO `unit_information` VALUES ('124', '48', '2', '3', '阜阳市农电公司', '', '', '', null, '', '1', '');
INSERT INTO `unit_information` VALUES ('125', '48', '2', '4', '太和县公司', '', '', '', null, '', '1', '');
INSERT INTO `unit_information` VALUES ('126', '48', '2', '5', '界首市公司', '', '', '', null, '', '1', '');
INSERT INTO `unit_information` VALUES ('127', '48', '2', '6', '临泉县公司', '', '', '', null, '', '1', '');
INSERT INTO `unit_information` VALUES ('128', '48', '2', '7', '阜南县公司', '', '', '', null, '', '1', '');
INSERT INTO `unit_information` VALUES ('129', '48', '2', '8', '其他', '', '', '', null, '', '1', '');
INSERT INTO `unit_information` VALUES ('130', '49', '2', '1', '亳州公司本部', '', '', '', null, '', '1', '');
INSERT INTO `unit_information` VALUES ('131', '49', '2', '2', '涡阳县公司', '', '', '', null, '', '1', '');
INSERT INTO `unit_information` VALUES ('132', '49', '2', '3', '蒙城县公司', '', '', '', null, '', '1', '');
INSERT INTO `unit_information` VALUES ('133', '49', '2', '4', '利辛县公司', '', '', '', null, '', '1', '');
INSERT INTO `unit_information` VALUES ('134', '49', '2', '5', '其他', '', '', '', null, '', '1', '');
INSERT INTO `unit_information` VALUES ('135', '50', '2', '1', '池州公司本部', '', '', '', null, '', '1', '');
INSERT INTO `unit_information` VALUES ('136', '50', '2', '2', '东至县公司', '', '', '', null, '', '1', '');
INSERT INTO `unit_information` VALUES ('137', '50', '2', '3', '石台县公司', '', '', '', null, '', '1', '');
INSERT INTO `unit_information` VALUES ('138', '50', '2', '4', '青阳县公司', '', '', '', null, '', '1', '');
INSERT INTO `unit_information` VALUES ('139', '50', '2', '5', '贵池区公司', '', '', '', null, '', '1', '');
INSERT INTO `unit_information` VALUES ('140', '50', '2', '6', '其他', '', '', '', null, '', '1', '');
INSERT INTO `unit_information` VALUES ('141', '51', '2', '1', '黄山公司本部', '', '', '', null, '', '1', '');
INSERT INTO `unit_information` VALUES ('142', '51', '2', '2', '黄山区公司', '', '', '', null, '', '1', '');
INSERT INTO `unit_information` VALUES ('143', '51', '2', '3', '歙县公司', '', '', '', null, '', '1', '');
INSERT INTO `unit_information` VALUES ('144', '51', '2', '4', '黟县公司', '', '', '', null, '', '1', '');
INSERT INTO `unit_information` VALUES ('145', '51', '2', '5', '休宁县公司', '', '', '', null, '', '1', '');
INSERT INTO `unit_information` VALUES ('146', '51', '2', '6', '祁门县公司', '', '', '', null, '', '1', '');
INSERT INTO `unit_information` VALUES ('147', '51', '2', '7', '其他', '', '', '', null, '', '1', '');
INSERT INTO `unit_information` VALUES ('148', '52', '2', '1', '宿州公司本部', '', '', '', null, '', '1', '');
INSERT INTO `unit_information` VALUES ('149', '52', '2', '2', '宿州市农电公司', '', '', '', null, '', '1', '');
INSERT INTO `unit_information` VALUES ('150', '52', '2', '3', '砀山县公司', '', '', '', null, '', '1', '');
INSERT INTO `unit_information` VALUES ('151', '52', '2', '4', '萧县公司', '', '', '', null, '', '1', '');
INSERT INTO `unit_information` VALUES ('152', '52', '2', '5', '灵璧县公司', '', '', '', null, '', '1', '');
INSERT INTO `unit_information` VALUES ('153', '52', '2', '6', '泗县公司', '', '', '', null, '', '1', '');
INSERT INTO `unit_information` VALUES ('154', '52', '2', '7', '埇桥区公司', '', '', '', null, '', '1', '');
INSERT INTO `unit_information` VALUES ('155', '52', '2', '8', '其他', '', '', '', null, '', '1', '');
INSERT INTO `unit_information` VALUES ('156', '53', '2', '1', '宣城公司本部', '', '', '', null, '', '1', '');
INSERT INTO `unit_information` VALUES ('157', '53', '2', '2', '旌德县公司', '', '', '', null, '', '1', '');
INSERT INTO `unit_information` VALUES ('158', '53', '2', '3', '宁国市公司', '', '', '', null, '', '1', '');
INSERT INTO `unit_information` VALUES ('159', '53', '2', '4', '郎溪县公司', '', '', '', null, '', '1', '');
INSERT INTO `unit_information` VALUES ('160', '53', '2', '5', '绩溪县公司', '', '', '', null, '', '1', '');
INSERT INTO `unit_information` VALUES ('161', '53', '2', '6', '广德县公司', '', '', '', null, '', '1', '');
INSERT INTO `unit_information` VALUES ('162', '53', '2', '7', '泾县公司', '', '', '', null, '', '1', '');
INSERT INTO `unit_information` VALUES ('163', '53', '2', '8', '其他', '', '', '', null, '', '1', '');
INSERT INTO `unit_information` VALUES ('164', '54', '2', '1', '六安公司本部', '', '', '', null, '', '1', '');
INSERT INTO `unit_information` VALUES ('165', '54', '2', '2', '六安市城郊公司', '', '', '', null, '', '1', '');
INSERT INTO `unit_information` VALUES ('166', '54', '2', '3', '金寨县公司', '', '', '', null, '', '1', '');
INSERT INTO `unit_information` VALUES ('167', '54', '2', '4', '霍山县任公司', '', '', '', null, '', '1', '');
INSERT INTO `unit_information` VALUES ('168', '54', '2', '5', '霍邱县公司', '', '', '', null, '', '1', '');
INSERT INTO `unit_information` VALUES ('169', '54', '2', '6', '舒城县公司', '', '', '', null, '', '1', '');
INSERT INTO `unit_information` VALUES ('170', '54', '2', '7', '叶集公司', '', '', '', null, '', '1', '');
INSERT INTO `unit_information` VALUES ('171', '54', '2', '8', '其他', '', '', '', null, '', '1', '');
INSERT INTO `unit_information` VALUES ('172', '0', '1', '2', '中共国网安徽省电力有限公司党校', '', '', '', null, '', '1', '');
INSERT INTO `unit_information` VALUES ('173', '0', '1', '2', '国网安徽培训中心（党校）', '', '', '', null, '', '1', '');
INSERT INTO `unit_information` VALUES ('174', '0', '1', '2', '省公司人资部', '', '', '', null, '', '1', '');
INSERT INTO `unit_information` VALUES ('175', '22', '2', '1', '省公司营销部', '', '', '', null, '', '1', '');
INSERT INTO `unit_information` VALUES ('176', '175', '3', '1', '省公司建设部', '', '', '', null, '', '2', '');
INSERT INTO `unit_information` VALUES ('177', '22', '2', '2', '省公司建设部', '', '', '', null, '', '1', '');
INSERT INTO `unit_information` VALUES ('178', '22', '2', '3', '省公司人资部', '', '', '', null, '', '1', '');
INSERT INTO `unit_information` VALUES ('179', '22', '2', '4', '省公司党建部', '', '', '', null, '', '1', '');
INSERT INTO `unit_information` VALUES ('180', '22', '2', '5', '省公司外联部', '', '', '', null, '', '1', '');
INSERT INTO `unit_information` VALUES ('181', '22', '2', '6', '调控中心', '', '', '', null, '', '1', '');

-- ----------------------------
-- Procedure structure for `test`
-- ----------------------------
DROP PROCEDURE IF EXISTS `test`;
DELIMITER ;;
CREATE DEFINER=``@`` PROCEDURE `test`()
BEGIN
create table tmp1(startdate datetime,enddate datetime,curdate datetime);
insert into tmp1 select startdate,enddate from class_info where startdate<=curdate and enddate>=curdate;
SELECT * FROM class_info where start_stop_time in(select startdate from tmp1) and start_stop_time in(select enddate from tmp1);
drop table tmp1;
end
;;
DELIMITER ;

-- ----------------------------
-- Function structure for `getParLst`
-- ----------------------------
DROP FUNCTION IF EXISTS `getParLst`;
DELIMITER ;;
CREATE DEFINER=``@`` FUNCTION `getParLst`(rootId INT) RETURNS varchar(1000) CHARSET utf8
BEGIN
	DECLARE sTemp VARCHAR(1000);
	DECLARE sTempPar VARCHAR(1000);
	SET sTemp = '';
	SET sTempPar =rootId;

	#循环递归
	WHILE sTempPar is not null DO
		#判断是否是第一个，不加的话第一个会为空
		IF sTemp != '' THEN
			SET sTemp = concat(sTemp,',',sTempPar);
		ELSE
			SET sTemp = sTempPar;
		END IF;

		SET sTemp = concat(sTemp,',',sTempPar);
		SELECT group_concat(pid) INTO sTempPar FROM treenodes where pid<>id and FIND_IN_SET(id,sTempPar)>0;
	END WHILE;

RETURN sTemp;
END
;;
DELIMITER ;

-- ----------------------------
-- Function structure for `getUnitLst`
-- ----------------------------
DROP FUNCTION IF EXISTS `getUnitLst`;
DELIMITER ;;
CREATE DEFINER=``@`` FUNCTION `getUnitLst`(area_id INT) RETURNS varchar(1000) CHARSET utf8
BEGIN
	DECLARE sTemp VARCHAR(1000);
	DECLARE sTempPar VARCHAR(1000);
	SET sTemp = '';
	SET sTempPar =area_id;

	#循环递归
	WHILE sTempPar is not null DO
		#判断是否是第一个，不加的话第一个会为空
		IF sTemp != '' THEN
			SET sTemp = concat(sTemp,',',sTempPar);
		ELSE
			SET sTemp = sTempPar;
		END IF;

		SET sTemp = concat(sTemp,',',sTempPar);
		SELECT group_concat(sjarea_id) INTO sTempPar FROM unit_information where sjarea_id<>area_id and FIND_IN_SET(area_id,sTempPar)>0;
	END WHILE;

RETURN sTemp;
END
;;
DELIMITER ;

-- ----------------------------
-- Function structure for `getUnLst`
-- ----------------------------
DROP FUNCTION IF EXISTS `getUnLst`;
DELIMITER ;;
CREATE DEFINER=``@`` FUNCTION `getUnLst`(rootId INT) RETURNS varchar(1000) CHARSET utf8
BEGIN
	DECLARE sTemp VARCHAR(1000);
	DECLARE sTempPar VARCHAR(1000);
	SET sTemp = '';
	SET sTempPar =rootId;

	#循环递归
	WHILE sTempPar is not null DO
		#判断是否是第一个，不加的话第一个会为空
		IF sTemp != '' THEN
			SET sTemp = concat(sTemp,',',sTempPar);
		ELSE
			SET sTemp = sTempPar;
		END IF;

		SET sTemp = concat(sTemp,',',sTempPar);
		SELECT group_concat(sjarea_id) INTO sTempPar FROM unit_information where sjarea_id<>area_id and FIND_IN_SET(area_id,sTempPar)>0;
	END WHILE;

RETURN sTemp;
END
;;
DELIMITER ;
